This is pdfTeX, Version 3.141592653-2.6-1.40.29 (MiKTeX 26.2) (preloaded format=pdflatex 2026.4.30)  3 MAY 2026 10:52
entering extended mode
 restricted \write18 enabled.
 file:line:error style messages enabled.
 %&-line parsing enabled.
**"c:/Users/Usuario/Desktop/FING/Proyecto Final/informe/main.tex"
(c:/Users/Usuario/Desktop/FING/Proyecto Final/informe/main.tex
LaTeX2e <2025-11-01>
L3 programming layer <2026-03-20>
(C:\Users\Usuario\AppData\Local\Programs\MiKTeX\tex/latex/base\article.cls
Document Class: article 2025/01/22 v1.4n Standard LaTeX document class
(C:\Users\Usuario\AppData\Local\Programs\MiKTeX\tex/latex/base\size10.clo
File: size10.clo 2025/01/22 v1.4n Standard LaTeX file (size option)
)
\c@part=\count275
\c@section=\count276
\c@subsection=\count277
\c@subsubsection=\count278
\c@paragraph=\count279
\c@subparagraph=\count280
\c@figure=\count281
\c@table=\count282
\abovecaptionskip=\skip49
\belowcaptionskip=\skip50
\bibindent=\dimen150
) (C:\Users\Usuario\AppData\Local\Programs\MiKTeX\tex/latex/xcolor\xcolor.sty
Package: xcolor 2024/09/29 v3.02 LaTeX color extensions (UK)
 (C:\Users\Usuario\AppData\Local\Programs\MiKTeX\tex/latex/graphics-cfg\color.cfg
File: color.cfg 2016/01/02 v1.6 sample color configuration
)
Package xcolor Info: Driver file: pdftex.def on input line 274.
 (C:\Users\Usuario\AppData\Local\Programs\MiKTeX\tex/latex/graphics-def\pdftex.def
File: pdftex.def 2025/09/29 v1.2d Graphics/color driver for pdftex
) (C:\Users\Usuario\AppData\Local\Programs\MiKTeX\tex/latex/graphics\mathcolor.ltx)
Package xcolor Info: Model `cmy' substituted by `cmy0' on input line 1349.
Package xcolor Info: Model `hsb' substituted by `rgb' on input line 1353.
Package xcolor Info: Model `RGB' extended on input line 1365.
Package xcolor Info: Model `HTML' substituted by `rgb' on input line 1367.
Package xcolor Info: Model `Hsb' substituted by `hsb' on input line 1368.
Package xcolor Info: Model `tHsb' substituted by `hsb' on input line 1369.
Package xcolor Info: Model `HSB' substituted by `hsb' on input line 1370.
Package xcolor Info: Model `Gray' substituted by `gray' on input line 1371.
Package xcolor Info: Model `wave' substituted by `hsb' on input line 1372.
) (C:\Users\Usuario\AppData\Local\Programs\MiKTeX\tex/latex/matlab-prettifier\matlab-prettifier.sty
Package: matlab-prettifier 2014/06/19 v0.3 A package for prettyprinting Matlab source code
 (C:\Users\Usuario\AppData\Local\Programs\MiKTeX\tex/latex/base\textcomp.sty
Package: textcomp 2024/04/24 v2.1b Standard LaTeX package
) (C:\Users\Usuario\AppData\Local\Programs\MiKTeX\tex/latex/listings\listings.sty (C:\Users\Usuario\AppData\Local\Programs\MiKTeX\tex/latex/graphics\keyval.sty
Package: keyval 2022/05/29 v1.15 key=value parser (DPC)
\KV@toks@=\toks17
)
\lst@mode=\count283
\lst@gtempboxa=\box53
\lst@token=\toks18
\lst@length=\count284
\lst@currlwidth=\dimen151
\lst@column=\count285
\lst@pos=\count286
\lst@lostspace=\dimen152
\lst@width=\dimen153
\lst@newlines=\count287
\lst@lineno=\count288
\lst@maxwidth=\dimen154
 (C:\Users\Usuario\AppData\Local\Programs\MiKTeX\tex/latex/listings\lstpatch.sty
File: lstpatch.sty 2025/11/14 1.11b (Carsten Heinz)
) (C:\Users\Usuario\AppData\Local\Programs\MiKTeX\tex/latex/listings\lstmisc.sty
File: lstmisc.sty 2025/11/14 1.11b (Carsten Heinz)
\c@lstnumber=\count289
\lst@skipnumbers=\count290
\lst@framebox=\box54
) (C:\Users\Usuario\AppData\Local\Programs\MiKTeX\tex/latex/listings\listings.cfg
File: listings.cfg 2025/11/14 1.11b listings configuration
))
Package: listings 2025/11/14 1.11b (Carsten Heinz)

==> First Aid for listings.sty no longer applied!
    Expected:
        2024/09/23 1.10c (Carsten Heinz)
    but found:
        2025/11/14 1.11b (Carsten Heinz)
    so I'm assuming it got fixed.
\netBracketCount@mlpr=\count291
\blkLvl@mlpr=\count292
\blkLvlAtClassdef@mlpr=\count293
\emHeight@mlpr=\skip51
\jayDepth@mlpr=\skip52
\sectionRuleOffset@mlpr=\skip53
\toks@mlpr=\toks19
) (C:\Users\Usuario\AppData\Local\Programs\MiKTeX\tex/latex/ragged2e\ragged2e.sty
Package: ragged2e 2023/06/22 v3.6 ragged2e Package
\CenteringLeftskip=\skip54
\RaggedLeftLeftskip=\skip55
\RaggedRightLeftskip=\skip56
\CenteringRightskip=\skip57
\RaggedLeftRightskip=\skip58
\RaggedRightRightskip=\skip59
\CenteringParfillskip=\skip60
\RaggedLeftParfillskip=\skip61
\RaggedRightParfillskip=\skip62
\JustifyingParfillskip=\skip63
\CenteringParindent=\skip64
\RaggedLeftParindent=\skip65
\RaggedRightParindent=\skip66
\JustifyingParindent=\skip67
) (C:\Users\Usuario\AppData\Local\Programs\MiKTeX\tex/latex/natbib\natbib.sty
Package: natbib 2010/09/13 8.31b (PWD, AO)
\bibhang=\skip68
\bibsep=\skip69
LaTeX Info: Redefining \cite on input line 694.
\c@NAT@ctr=\count294
) (C:\Users\Usuario\AppData\Local\Programs\MiKTeX\tex/latex/graphics\graphicx.sty
Package: graphicx 2024/12/31 v1.2e Enhanced LaTeX Graphics (DPC,SPQR)
 (C:\Users\Usuario\AppData\Local\Programs\MiKTeX\tex/latex/graphics\graphics.sty
Package: graphics 2024/08/06 v1.4g Standard LaTeX Graphics (DPC,SPQR)
 (C:\Users\Usuario\AppData\Local\Programs\MiKTeX\tex/latex/graphics\trig.sty
Package: trig 2023/12/02 v1.11 sin cos tan (DPC)
) (C:\Users\Usuario\AppData\Local\Programs\MiKTeX\tex/latex/graphics-cfg\graphics.cfg
File: graphics.cfg 2016/06/04 v1.11 sample graphics configuration
)
Package graphics Info: Driver file: pdftex.def on input line 106.
)
\Gin@req@height=\dimen155
\Gin@req@width=\dimen156
) (C:\Users\Usuario\AppData\Local\Programs\MiKTeX\tex/latex/base\inputenc.sty
Package: inputenc 2024/02/08 v1.3d Input encoding file
\inpenc@prehook=\toks20
\inpenc@posthook=\toks21
) (C:\Users\Usuario\AppData\Local\Programs\MiKTeX\tex/latex/amsmath\amsmath.sty
Package: amsmath 2025/07/09 v2.17z AMS math features
\@mathmargin=\skip70

For additional information on amsmath, use the `?' option.
(C:\Users\Usuario\AppData\Local\Programs\MiKTeX\tex/latex/amsmath\amstext.sty
Package: amstext 2024/11/17 v2.01 AMS text
 (C:\Users\Usuario\AppData\Local\Programs\MiKTeX\tex/latex/amsmath\amsgen.sty
File: amsgen.sty 1999/11/30 v2.0 generic functions
\@emptytoks=\toks22
\ex@=\dimen157
)) (C:\Users\Usuario\AppData\Local\Programs\MiKTeX\tex/latex/amsmath\amsbsy.sty
Package: amsbsy 1999/11/29 v1.2d Bold Symbols
\pmbraise@=\dimen158
) (C:\Users\Usuario\AppData\Local\Programs\MiKTeX\tex/latex/amsmath\amsopn.sty
Package: amsopn 2022/04/08 v2.04 operator names
)
\inf@bad=\count295
LaTeX Info: Redefining \frac on input line 233.
\uproot@=\count296
\leftroot@=\count297
LaTeX Info: Redefining \overline on input line 398.
LaTeX Info: Redefining \colon on input line 409.
\classnum@=\count298
\DOTSCASE@=\count299
LaTeX Info: Redefining \ldots on input line 495.
LaTeX Info: Redefining \dots on input line 498.
LaTeX Info: Redefining \cdots on input line 619.
\Mathstrutbox@=\box55
\strutbox@=\box56
LaTeX Info: Redefining \big on input line 721.
LaTeX Info: Redefining \Big on input line 722.
LaTeX Info: Redefining \bigg on input line 723.
LaTeX Info: Redefining \Bigg on input line 724.
\big@size=\dimen159
LaTeX Font Info:    Redeclaring font encoding OML on input line 742.
LaTeX Font Info:    Redeclaring font encoding OMS on input line 743.
\macc@depth=\count300
LaTeX Info: Redefining \bmod on input line 904.
LaTeX Info: Redefining \pmod on input line 909.
LaTeX Info: Redefining \smash on input line 939.
LaTeX Info: Redefining \relbar on input line 969.
LaTeX Info: Redefining \Relbar on input line 970.
\c@MaxMatrixCols=\count301
\dotsspace@=\muskip17
\c@parentequation=\count302
\dspbrk@lvl=\count303
\tag@help=\toks23
\row@=\count304
\column@=\count305
\maxfields@=\count306
\andhelp@=\toks24
\eqnshift@=\dimen160
\alignsep@=\dimen161
\tagshift@=\dimen162
\tagwidth@=\dimen163
\totwidth@=\dimen164
\lineht@=\dimen165
\@envbody=\toks25
\multlinegap=\skip71
\multlinetaggap=\skip72
\mathdisplay@stack=\toks26
LaTeX Info: Redefining \[ on input line 2950.
LaTeX Info: Redefining \] on input line 2951.
) (C:\Users\Usuario\AppData\Local\Programs\MiKTeX\tex/latex/amsfonts\amssymb.sty
Package: amssymb 2013/01/14 v3.01 AMS font symbols
 (C:\Users\Usuario\AppData\Local\Programs\MiKTeX\tex/latex/amsfonts\amsfonts.sty
Package: amsfonts 2013/01/14 v3.01 Basic AMSFonts support
\symAMSa=\mathgroup4
\symAMSb=\mathgroup5
LaTeX Font Info:    Redeclaring math symbol \hbar on input line 98.
LaTeX Font Info:    Overwriting math alphabet `\mathfrak' in version `bold'
(Font)                  U/euf/m/n --> U/euf/b/n on input line 106.
)) (C:\Users\Usuario\AppData\Local\Programs\MiKTeX\tex/latex/algorithms\algorithmic.sty
Package: algorithmic 2009/08/24 v0.1 Document Style `algorithmic'
 (C:\Users\Usuario\AppData\Local\Programs\MiKTeX\tex/latex/base\ifthen.sty
Package: ifthen 2024/03/16 v1.1e Standard LaTeX ifthen package (DPC)
)
\c@ALC@unique=\count307
\c@ALC@line=\count308
\c@ALC@rem=\count309
\c@ALC@depth=\count310
\ALC@tlm=\skip73
\algorithmicindent=\skip74
) (C:\Users\Usuario\AppData\Local\Programs\MiKTeX\tex/latex/subfig\subfig.sty
Package: subfig 2005/06/28 ver: 1.3 subfig package
 (C:\Users\Usuario\AppData\Local\Programs\MiKTeX\tex/latex/caption\caption.sty
Package: caption 2023/08/05 v3.6o Customizing captions (AR)
 (C:\Users\Usuario\AppData\Local\Programs\MiKTeX\tex/latex/caption\caption3.sty
Package: caption3 2023/07/31 v2.4d caption3 kernel (AR)
\caption@tempdima=\dimen166
\captionmargin=\dimen167
\caption@leftmargin=\dimen168
\caption@rightmargin=\dimen169
\caption@width=\dimen170
\caption@indent=\dimen171
\caption@parindent=\dimen172
\caption@hangindent=\dimen173
Package caption Info: Standard document class detected.
)
\c@caption@flags=\count311
\c@continuedfloat=\count312
Package caption Info: listings package is loaded.
)
\c@KVtest=\count313
\sf@farskip=\skip75
\sf@captopadj=\dimen174
\sf@capskip=\skip76
\sf@nearskip=\skip77
\c@subfigure=\count314
\c@subfigure@save=\count315
\c@lofdepth=\count316
\c@subtable=\count317
\c@subtable@save=\count318
\c@lotdepth=\count319
\sf@top=\skip78
\sf@bottom=\skip79
) (C:\Users\Usuario\AppData\Local\Programs\MiKTeX\tex/latex/float\float.sty
Package: float 2001/11/08 v1.3d Float enhancements (AL)
\c@float@type=\count320
\float@exts=\toks27
\float@box=\box57
\@float@everytoks=\toks28
\@floatcapt=\box58
) (C:\Users\Usuario\AppData\Local\Programs\MiKTeX\tex/latex/mathtools\mathtools.sty
Package: mathtools 2024/10/04 v1.31 mathematical typesetting tools
 (C:\Users\Usuario\AppData\Local\Programs\MiKTeX\tex/latex/tools\calc.sty
Package: calc 2025/03/01 v4.3b Infix arithmetic (KKT,FJ)
\calc@Acount=\count321
\calc@Bcount=\count322
\calc@Adimen=\dimen175
\calc@Bdimen=\dimen176
\calc@Askip=\skip80
\calc@Bskip=\skip81
LaTeX Info: Redefining \setlength on input line 86.
LaTeX Info: Redefining \addtolength on input line 87.
\calc@Ccount=\count323
\calc@Cskip=\skip82
) (C:\Users\Usuario\AppData\Local\Programs\MiKTeX\tex/latex/mathtools\mhsetup.sty
Package: mhsetup 2021/03/18 v1.4 programming setup (MH)
)
\g_MT_multlinerow_int=\count324
\l_MT_multwidth_dim=\dimen177
\origjot=\skip83
\l_MT_shortvdotswithinadjustabove_dim=\dimen178
\l_MT_shortvdotswithinadjustbelow_dim=\dimen179
\l_MT_above_intertext_sep=\dimen180
\l_MT_below_intertext_sep=\dimen181
\l_MT_above_shortintertext_sep=\dimen182
\l_MT_below_shortintertext_sep=\dimen183
\xmathstrut@box=\box59
\xmathstrut@dim=\dimen184
) (C:\Users\Usuario\AppData\Local\Programs\MiKTeX\tex/generic/babel\babel.sty
Package: babel 2026/04/15 v26.6 The multilingual framework for LuaLaTeX, pdfLaTeX and XeLaTeX
\babel@savecnt=\count325
LaTeX Encoding Info:    Redeclaring text command \ij (encoding OT1) on input line 2078.
LaTeX Encoding Info:    Redeclaring text command \IJ (encoding OT1) on input line 2080.
LaTeX Encoding Info:    Redeclaring text command \ij (encoding T1) on input line 2082.
LaTeX Encoding Info:    Redeclaring text command \IJ (encoding T1) on input line 2083.
LaTeX Encoding Info:    Ignoring declaration for text command \ij (encoding ?) on input line 2084.
LaTeX Encoding Info:    Ignoring declaration for text command \IJ (encoding ?) on input line 2086.
LaTeX Encoding Info:    Ignoring declaration for text command \SS (encoding ?) on input line 2111.
\U@D=\dimen185
\l@unhyphenated=\language79
 (C:\Users\Usuario\AppData\Local\Programs\MiKTeX\tex/generic/babel\txtbabel.def)
\bbl@readstream=\read2
\bbl@dirlevel=\count326
Package babel Info: Configuration files are deprecated, as
(babel)             they can break document portability.
(babel)             Reported on input line 4206.

*************************************
* Local config file bblopts.cfg used
*
(C:\Users\Usuario\AppData\Local\Programs\MiKTeX\tex/latex/arabi\bblopts.cfg
File: bblopts.cfg 2005/09/08 v0.1 add Arabic and Farsi to "declared" options of babel
) (C:\Users\Usuario\AppData\Local\Programs\MiKTeX\tex/generic/babel/locale/es\babel-spanish.tex)
Package babel Info: Importing font and identification data for spanish
(babel)             from babel-es.ini. Reported on input line 4330.
 (C:\Users\Usuario\AppData\Local\Programs\MiKTeX\tex/latex/babel-spanish\spanish.ldf
Language: spanish.ldf 2021/05/27 v5.0q Spanish support from the babel system
\es@quottoks=\toks29
\es@quotdepth=\count327
Package babel Info: Making " an active character on input line 570.
Package babel Info: Making . an active character on input line 675.
Package babel Info: Making < an active character on input line 722.
Package babel Info: Making > an active character on input line 722.
))
LaTeX Encoding Info:    Redeclaring text command \guillemotleft (encoding OT1) on input line 21.
LaTeX Encoding Info:    Redeclaring text command \guillemotright (encoding OT1) on input line 21.
 (C:\Users\Usuario\AppData\Local\Programs\MiKTeX\tex/latex/geometry\geometry.sty
Package: geometry 2026/03/07 v6.0 Page Geometry
 (C:\Users\Usuario\AppData\Local\Programs\MiKTeX\tex/generic/iftex\ifvtex.sty
Package: ifvtex 2019/10/25 v1.7 ifvtex legacy package. Use iftex instead.
 (C:\Users\Usuario\AppData\Local\Programs\MiKTeX\tex/generic/iftex\iftex.sty
Package: iftex 2024/12/12 v1.0g TeX engine tests
))
\Gm@cnth=\count328
\Gm@cntv=\count329
\c@Gm@tempcnt=\count330
\Gm@bindingoffset=\dimen186
\Gm@wd@mp=\dimen187
\Gm@odd@mp=\dimen188
\Gm@even@mp=\dimen189
\Gm@layoutwidth=\dimen190
\Gm@layoutheight=\dimen191
\Gm@layouthoffset=\dimen192
\Gm@layoutvoffset=\dimen193
\Gm@dimlist=\toks30
 (C:\Users\Usuario\AppData\Local\Programs\MiKTeX\tex/latex/geometry\geometry.cfg)) (C:\Users\Usuario\AppData\Local\Programs\MiKTeX\tex/latex/booktabs\booktabs.sty
Package: booktabs 2020/01/12 v1.61803398 Publication quality tables
\heavyrulewidth=\dimen194
\lightrulewidth=\dimen195
\cmidrulewidth=\dimen196
\belowrulesep=\dimen197
\belowbottomsep=\dimen198
\aboverulesep=\dimen199
\abovetopsep=\dimen256
\cmidrulesep=\dimen257
\cmidrulekern=\dimen258
\defaultaddspace=\dimen259
\@cmidla=\count331
\@cmidlb=\count332
\@aboverulesep=\dimen260
\@belowrulesep=\dimen261
\@thisruleclass=\count333
\@lastruleclass=\count334
\@thisrulewidth=\dimen262
) (C:\Users\Usuario\AppData\Local\Programs\MiKTeX\tex/latex/hyperref\hyperref.sty
Package: hyperref 2026-04-24 v7.01q Hypertext links for LaTeX
 (C:\Users\Usuario\AppData\Local\Programs\MiKTeX\tex/latex/kvsetkeys\kvsetkeys.sty
Package: kvsetkeys 2022-10-05 v1.19 Key value parser (HO)
) (C:\Users\Usuario\AppData\Local\Programs\MiKTeX\tex/generic/kvdefinekeys\kvdefinekeys.sty
Package: kvdefinekeys 2019-12-19 v1.6 Define keys (HO)
) (C:\Users\Usuario\AppData\Local\Programs\MiKTeX\tex/generic/pdfescape\pdfescape.sty
Package: pdfescape 2019/12/09 v1.15 Implements pdfTeX's escape features (HO)
 (C:\Users\Usuario\AppData\Local\Programs\MiKTeX\tex/generic/ltxcmds\ltxcmds.sty
Package: ltxcmds 2023-12-04 v1.26 LaTeX kernel commands for general use (HO)
) (C:\Users\Usuario\AppData\Local\Programs\MiKTeX\tex/generic/pdftexcmds\pdftexcmds.sty
Package: pdftexcmds 2020-06-27 v0.33 Utility functions of pdfTeX for LuaTeX (HO)
 (C:\Users\Usuario\AppData\Local\Programs\MiKTeX\tex/generic/infwarerr\infwarerr.sty
Package: infwarerr 2019/12/03 v1.5 Providing info/warning/error messages (HO)
)
Package pdftexcmds Info: \pdf@primitive is available.
Package pdftexcmds Info: \pdf@ifprimitive is available.
Package pdftexcmds Info: \pdfdraftmode found.
)) (C:\Users\Usuario\AppData\Local\Programs\MiKTeX\tex/latex/hycolor\hycolor.sty
Package: hycolor 2020-01-27 v1.10 Color options for hyperref/bookmark (HO)
) (C:\Users\Usuario\AppData\Local\Programs\MiKTeX\tex/latex/hyperref\nameref.sty
Package: nameref 2026-01-29 v2.58 Cross-referencing by name of section
 (C:\Users\Usuario\AppData\Local\Programs\MiKTeX\tex/latex/refcount\refcount.sty
Package: refcount 2019/12/15 v3.6 Data extraction from label references (HO)
) (C:\Users\Usuario\AppData\Local\Programs\MiKTeX\tex/generic/gettitlestring\gettitlestring.sty
Package: gettitlestring 2019/12/15 v1.6 Cleanup title references (HO)
 (C:\Users\Usuario\AppData\Local\Programs\MiKTeX\tex/latex/kvoptions\kvoptions.sty
Package: kvoptions 2022-06-15 v3.15 Key value format for package options (HO)
))
\c@section@level=\count335
) (C:\Users\Usuario\AppData\Local\Programs\MiKTeX\tex/latex/etoolbox\etoolbox.sty
Package: etoolbox 2025/10/02 v2.5m e-TeX tools for LaTeX (JAW)
\etb@tempcnta=\count336
) (C:\Users\Usuario\AppData\Local\Programs\MiKTeX\tex/generic/stringenc\stringenc.sty
Package: stringenc 2019/11/29 v1.12 Convert strings between diff. encodings (HO)
)
\@linkdim=\dimen263
\Hy@linkcounter=\count337
\Hy@pagecounter=\count338
 (C:\Users\Usuario\AppData\Local\Programs\MiKTeX\tex/latex/hyperref\pd1enc.def
File: pd1enc.def 2026-04-24 v7.01q Hyperref: PDFDocEncoding definition (HO)
Now handling font encoding PD1 ...
... no UTF-8 mapping file for font encoding PD1
) (C:\Users\Usuario\AppData\Local\Programs\MiKTeX\tex/generic/intcalc\intcalc.sty
Package: intcalc 2019/12/15 v1.3 Expandable calculations with integers (HO)
)
\Hy@SavedSpaceFactor=\count339
 (C:\Users\Usuario\AppData\Local\Programs\MiKTeX\tex/latex/hyperref\puenc.def
File: puenc.def 2026-04-24 v7.01q Hyperref: PDF Unicode definition (HO)
Now handling font encoding PU ...
... no UTF-8 mapping file for font encoding PU
)
Package hyperref Info: Option `colorlinks' set `true' on input line 4070.
Package hyperref Info: Hyper figures OFF on input line 4199.
Package hyperref Info: Link nesting OFF on input line 4204.
Package hyperref Info: Hyper index ON on input line 4207.
Package hyperref Info: Plain pages OFF on input line 4214.
Package hyperref Info: Backreferencing OFF on input line 4219.
Package hyperref Info: Implicit mode ON; LaTeX internals redefined.
Package hyperref Info: Bookmarks ON on input line 4466.
\c@Hy@tempcnt=\count340
 (C:\Users\Usuario\AppData\Local\Programs\MiKTeX\tex/latex/url\url.sty
\Urlmuskip=\muskip18
Package: url 2013/09/16  ver 3.4  Verb mode for urls, etc.
)
LaTeX Info: Redefining \url on input line 4805.
\XeTeXLinkMargin=\dimen264
 (C:\Users\Usuario\AppData\Local\Programs\MiKTeX\tex/generic/bitset\bitset.sty
Package: bitset 2019/12/09 v1.3 Handle bit-vector datatype (HO)
 (C:\Users\Usuario\AppData\Local\Programs\MiKTeX\tex/generic/bigintcalc\bigintcalc.sty
Package: bigintcalc 2019/12/15 v1.5 Expandable calculations on big integers (HO)
))
\Fld@menulength=\count341
\Field@Width=\dimen265
\Fld@charsize=\dimen266
Package hyperref Info: Hyper figures OFF on input line 6091.
Package hyperref Info: Link nesting OFF on input line 6096.
Package hyperref Info: Hyper index ON on input line 6099.
Package hyperref Info: backreferencing OFF on input line 6106.
Package hyperref Info: Link coloring ON on input line 6109.
Package hyperref Info: Link coloring with OCG OFF on input line 6116.
Package hyperref Info: PDF/A mode OFF on input line 6121.
\Hy@abspage=\count342
\c@Item=\count343
\c@Hfootnote=\count344
)
Package hyperref Info: Driver (autodetected): hpdftex.
 (C:\Users\Usuario\AppData\Local\Programs\MiKTeX\tex/latex/hyperref\hpdftex.def
File: hpdftex.def 2026-04-24 v7.01q Hyperref driver for pdfTeX
\Fld@listcount=\count345
\c@bookmark@seq@number=\count346
 (C:\Users\Usuario\AppData\Local\Programs\MiKTeX\tex/latex/rerunfilecheck\rerunfilecheck.sty
Package: rerunfilecheck 2025-06-21 v1.11 Rerun checks for auxiliary files (HO)
 (C:\Users\Usuario\AppData\Local\Programs\MiKTeX\tex/generic/uniquecounter\uniquecounter.sty
Package: uniquecounter 2019/12/15 v1.4 Provide unlimited unique counter (HO)
)
Package uniquecounter Info: New unique counter `rerunfilecheck' on input line 284.
)
\Hy@SectionHShift=\skip84
) (C:\Users\Usuario\AppData\Local\Programs\MiKTeX\tex/latex/minted\minted.sty
Package: minted 2026/03/03 v3.8.0 Yet another Pygments shim for LaTeX
 (C:\Users\Usuario\AppData\Local\Programs\MiKTeX\tex/generic/catchfile\catchfile.sty
Package: catchfile 2019/12/09 v1.8 Catch the contents of a file (HO)
 (C:\Users\Usuario\AppData\Local\Programs\MiKTeX\tex/generic/etexcmds\etexcmds.sty
Package: etexcmds 2019/12/15 v1.7 Avoid name clashes with e-TeX commands (HO)
)) (C:\Users\Usuario\AppData\Local\Programs\MiKTeX\tex/latex/fvextra\fvextra.sty
Package: fvextra 2026/02/25 v1.14.0 fvextra - extensions and patches for fancyvrb
 (C:\Users\Usuario\AppData\Local\Programs\MiKTeX\tex/latex/fancyvrb\fancyvrb.sty
Package: fancyvrb 2026/04/16 4.6a verbatim text (tvz,hv)
\FV@CodeLineNo=\count347
\FV@InFile=\read3
\FV@TabBox=\box60
\c@FancyVerbLine=\count348
\FV@StepNumber=\count349
\FV@OutFile=\write3
) (C:\Users\Usuario\AppData\Local\Programs\MiKTeX\tex/latex/upquote\upquote.sty
Package: upquote 2012/04/19 v1.3 upright-quote and grave-accent glyphs in verbatim
) (C:\Users\Usuario\AppData\Local\Programs\MiKTeX\tex/latex/lineno\lineno.sty
Package: lineno 2026/03/08 line numbers on paragraphs v5.9
\linenopenalty=\count350
\output=\toks31
\linenoprevgraf=\count351
\linenumbersep=\dimen267
\linenumberwidth=\dimen268
\c@linenumber=\count352
\c@pagewiselinenumber=\count353
\c@LN@truepage=\count354
\c@internallinenumber=\count355
\c@internallinenumbers=\count356
\quotelinenumbersep=\dimen269
\bframerule=\dimen270
\bframesep=\dimen271
\bframebox=\box61
\@LN@amsmath@ams@eqpen=\count357
)
\c@FancyVerbWriteLine=\count358
\c@FancyVerbBufferLine=\count359
\c@FV@TrueTabGroupLevel=\count360
\c@FV@TrueTabCounter=\count361
\FV@TabBox@Group=\box62
\FV@bgcolorstructbox=\box63
\FV@TmpLength=\skip85
\c@FV@HighlightLinesStart=\count362
\c@FV@HighlightLinesStop=\count363
\FV@LoopCount=\count364
\FV@NCharsBox=\box64
\FV@BreakIndent=\dimen272
\FV@BreakIndentNChars=\count365
\FV@BreakSymbolSepLeft=\dimen273
\FV@BreakSymbolSepLeftNChars=\count366
\FV@BreakSymbolSepRight=\dimen274
\FV@BreakSymbolSepRightNChars=\count367
\FV@BreakSymbolIndentLeft=\dimen275
\FV@BreakSymbolIndentLeftNChars=\count368
\FV@BreakSymbolIndentRight=\dimen276
\FV@BreakSymbolIndentRightNChars=\count369
\c@FancyVerbLineBreakLast=\count370
\FV@LineBox=\box65
\FV@LineIndentBox=\box66
\c@FV@BreakBufferDepth=\count371
\FV@LineWidth=\dimen277
) (C:\Users\Usuario\AppData\Local\Programs\MiKTeX\tex/latex/latex2pydata\latex2pydata.sty
Package: latex2pydata 2026/02/25 v0.7.0 latex2pydata - write data to file in Python literal format
) (C:\Users\Usuario\AppData\Local\Programs\MiKTeX\tex/latex/pgf/utilities\pgfkeys.sty (C:\Users\Usuario\AppData\Local\Programs\MiKTeX\tex/generic/pgf/utilities\pgfkeys.code.tex
\pgfkeys@pathtoks=\toks32
\pgfkeys@temptoks=\toks33
 (C:\Users\Usuario\AppData\Local\Programs\MiKTeX\tex/generic/pgf/utilities\pgfkeyslibraryfiltered.code.tex
\pgfkeys@tmptoks=\toks34
))) (C:\Users\Usuario\AppData\Local\Programs\MiKTeX\tex/latex/pgfopts\pgfopts.sty
Package: pgfopts 2014/07/10 v2.1a LaTeX package options with pgfkeys
\pgfopts@list@add@a@toks=\toks35
\pgfopts@list@add@b@toks=\toks36
) (C:\Users\Usuario\AppData\Local\Programs\MiKTeX\tex/latex/tools\shellesc.sty
Package: shellesc 2023/07/08 v1.0d unified shell escape interface for LaTeX
Package shellesc Info: Restricted shell escape enabled on input line 77.
)
\c@minted@FancyVerbLineTemp=\count372
\@float@every@listing=\toks37
\c@listing=\count373
) (C:\Users\Usuario\AppData\Local\Programs\MiKTeX\tex/latex/makecell\makecell.sty
Package: makecell 2009/08/03 V0.1e Managing of Tab Column Heads and Cells
 (C:\Users\Usuario\AppData\Local\Programs\MiKTeX\tex/latex/tools\array.sty
Package: array 2025/09/25 v2.6n Tabular extension package (FMi)
\col@sep=\dimen278
\ar@mcellbox=\box67
\extrarowheight=\dimen279
\NC@list=\toks38
\extratabsurround=\skip86
\backup@length=\skip87
\ar@cellbox=\box68
)
\rotheadsize=\dimen280
\c@nlinenum=\count374
\TeXr@lab=\toks39
) (C:\Users\Usuario\AppData\Local\Programs\MiKTeX\tex/latex/pgf/frontendlayer\tikz.sty (C:\Users\Usuario\AppData\Local\Programs\MiKTeX\tex/latex/pgf/basiclayer\pgf.sty (C:\Users\Usuario\AppData\Local\Programs\MiKTeX\tex/latex/pgf/utilities\pgfrcs.sty (C:\Users\Usuario\AppData\Local\Programs\MiKTeX\tex/generic/pgf/utilities\pgfutil-common.tex
\pgfutil@everybye=\toks40
\pgfutil@tempdima=\dimen281
\pgfutil@tempdimb=\dimen282
) (C:\Users\Usuario\AppData\Local\Programs\MiKTeX\tex/generic/pgf/utilities\pgfutil-latex.def
\pgfutil@abb=\box69
) (C:\Users\Usuario\AppData\Local\Programs\MiKTeX\tex/generic/pgf/utilities\pgfrcs.code.tex (C:\Users\Usuario\AppData\Local\Programs\MiKTeX\tex/generic/pgf\pgf.revision.tex)
Package: pgfrcs 2025-08-29 v3.1.11a (3.1.11a)
))
Package: pgf 2025-08-29 v3.1.11a (3.1.11a)
 (C:\Users\Usuario\AppData\Local\Programs\MiKTeX\tex/latex/pgf/basiclayer\pgfcore.sty (C:\Users\Usuario\AppData\Local\Programs\MiKTeX\tex/latex/pgf/systemlayer\pgfsys.sty (C:\Users\Usuario\AppData\Local\Programs\MiKTeX\tex/generic/pgf/systemlayer\pgfsys.code.tex
Package: pgfsys 2025-08-29 v3.1.11a (3.1.11a)
\pgf@x=\dimen283
\pgf@y=\dimen284
\pgf@xa=\dimen285
\pgf@ya=\dimen286
\pgf@xb=\dimen287
\pgf@yb=\dimen288
\pgf@xc=\dimen289
\pgf@yc=\dimen290
\pgf@xd=\dimen291
\pgf@yd=\dimen292
\w@pgf@writea=\write4
\r@pgf@reada=\read4
\c@pgf@counta=\count375
\c@pgf@countb=\count376
\c@pgf@countc=\count377
\c@pgf@countd=\count378
\t@pgf@toka=\toks41
\t@pgf@tokb=\toks42
\t@pgf@tokc=\toks43
\pgf@sys@id@count=\count379
 (C:\Users\Usuario\AppData\Local\Programs\MiKTeX\tex/generic/pgf/systemlayer\pgf.cfg
File: pgf.cfg 2025-08-29 v3.1.11a (3.1.11a)
)
Driver file for pgf: pgfsys-pdftex.def
 (C:\Users\Usuario\AppData\Local\Programs\MiKTeX\tex/generic/pgf/systemlayer\pgfsys-pdftex.def
File: pgfsys-pdftex.def 2025-08-29 v3.1.11a (3.1.11a)
 (C:\Users\Usuario\AppData\Local\Programs\MiKTeX\tex/generic/pgf/systemlayer\pgfsys-common-pdf.def
File: pgfsys-common-pdf.def 2025-08-29 v3.1.11a (3.1.11a)
))) (C:\Users\Usuario\AppData\Local\Programs\MiKTeX\tex/generic/pgf/systemlayer\pgfsyssoftpath.code.tex
File: pgfsyssoftpath.code.tex 2025-08-29 v3.1.11a (3.1.11a)
\pgfsyssoftpath@smallbuffer@items=\count380
\pgfsyssoftpath@bigbuffer@items=\count381
) (C:\Users\Usuario\AppData\Local\Programs\MiKTeX\tex/generic/pgf/systemlayer\pgfsysprotocol.code.tex
File: pgfsysprotocol.code.tex 2025-08-29 v3.1.11a (3.1.11a)
)) (C:\Users\Usuario\AppData\Local\Programs\MiKTeX\tex/generic/pgf/basiclayer\pgfcore.code.tex
Package: pgfcore 2025-08-29 v3.1.11a (3.1.11a)
 (C:\Users\Usuario\AppData\Local\Programs\MiKTeX\tex/generic/pgf/math\pgfmath.code.tex (C:\Users\Usuario\AppData\Local\Programs\MiKTeX\tex/generic/pgf/math\pgfmathutil.code.tex) (C:\Users\Usuario\AppData\Local\Programs\MiKTeX\tex/generic/pgf/math\pgfmathparser.code.tex
\pgfmath@dimen=\dimen293
\pgfmath@count=\count382
\pgfmath@box=\box70
\pgfmath@toks=\toks44
\pgfmath@stack@operand=\toks45
\pgfmath@stack@operation=\toks46
) (C:\Users\Usuario\AppData\Local\Programs\MiKTeX\tex/generic/pgf/math\pgfmathfunctions.code.tex) (C:\Users\Usuario\AppData\Local\Programs\MiKTeX\tex/generic/pgf/math\pgfmathfunctions.basic.code.tex) (C:\Users\Usuario\AppData\Local\Programs\MiKTeX\tex/generic/pgf/math\pgfmathfunctions.trigonometric.code.tex) (C:\Users\Usuario\AppData\Local\Programs\MiKTeX\tex/generic/pgf/math\pgfmathfunctions.random.code.tex) (C:\Users\Usuario\AppData\Local\Programs\MiKTeX\tex/generic/pgf/math\pgfmathfunctions.comparison.code.tex) (C:\Users\Usuario\AppData\Local\Programs\MiKTeX\tex/generic/pgf/math\pgfmathfunctions.base.code.tex) (C:\Users\Usuario\AppData\Local\Programs\MiKTeX\tex/generic/pgf/math\pgfmathfunctions.round.code.tex) (C:\Users\Usuario\AppData\Local\Programs\MiKTeX\tex/generic/pgf/math\pgfmathfunctions.misc.code.tex) (C:\Users\Usuario\AppData\Local\Programs\MiKTeX\tex/generic/pgf/math\pgfmathfunctions.integerarithmetics.code.tex) (C:\Users\Usuario\AppData\Local\Programs\MiKTeX\tex/generic/pgf/math\pgfmathcalc.code.tex) (C:\Users\Usuario\AppData\Local\Programs\MiKTeX\tex/generic/pgf/math\pgfmathfloat.code.tex
\c@pgfmathroundto@lastzeros=\count383
)) (C:\Users\Usuario\AppData\Local\Programs\MiKTeX\tex/generic/pgf/math\pgfint.code.tex) (C:\Users\Usuario\AppData\Local\Programs\MiKTeX\tex/generic/pgf/basiclayer\pgfcorepoints.code.tex
File: pgfcorepoints.code.tex 2025-08-29 v3.1.11a (3.1.11a)
\pgf@picminx=\dimen294
\pgf@picmaxx=\dimen295
\pgf@picminy=\dimen296
\pgf@picmaxy=\dimen297
\pgf@pathminx=\dimen298
\pgf@pathmaxx=\dimen299
\pgf@pathminy=\dimen300
\pgf@pathmaxy=\dimen301
\pgf@xx=\dimen302
\pgf@xy=\dimen303
\pgf@yx=\dimen304
\pgf@yy=\dimen305
\pgf@zx=\dimen306
\pgf@zy=\dimen307
) (C:\Users\Usuario\AppData\Local\Programs\MiKTeX\tex/generic/pgf/basiclayer\pgfcorepathconstruct.code.tex
File: pgfcorepathconstruct.code.tex 2025-08-29 v3.1.11a (3.1.11a)
\pgf@path@lastx=\dimen308
\pgf@path@lasty=\dimen309
) (C:\Users\Usuario\AppData\Local\Programs\MiKTeX\tex/generic/pgf/basiclayer\pgfcorepathusage.code.tex
File: pgfcorepathusage.code.tex 2025-08-29 v3.1.11a (3.1.11a)
\pgf@shorten@end@additional=\dimen310
\pgf@shorten@start@additional=\dimen311
) (C:\Users\Usuario\AppData\Local\Programs\MiKTeX\tex/generic/pgf/basiclayer\pgfcorescopes.code.tex
File: pgfcorescopes.code.tex 2025-08-29 v3.1.11a (3.1.11a)
\pgfpic=\box71
\pgf@hbox=\box72
\pgf@layerbox@main=\box73
\pgf@picture@serial@count=\count384
) (C:\Users\Usuario\AppData\Local\Programs\MiKTeX\tex/generic/pgf/basiclayer\pgfcoregraphicstate.code.tex
File: pgfcoregraphicstate.code.tex 2025-08-29 v3.1.11a (3.1.11a)
\pgflinewidth=\dimen312
) (C:\Users\Usuario\AppData\Local\Programs\MiKTeX\tex/generic/pgf/basiclayer\pgfcoretransformations.code.tex
File: pgfcoretransformations.code.tex 2025-08-29 v3.1.11a (3.1.11a)
\pgf@pt@x=\dimen313
\pgf@pt@y=\dimen314
\pgf@pt@temp=\dimen315
) (C:\Users\Usuario\AppData\Local\Programs\MiKTeX\tex/generic/pgf/basiclayer\pgfcorequick.code.tex
File: pgfcorequick.code.tex 2025-08-29 v3.1.11a (3.1.11a)
) (C:\Users\Usuario\AppData\Local\Programs\MiKTeX\tex/generic/pgf/basiclayer\pgfcoreobjects.code.tex
File: pgfcoreobjects.code.tex 2025-08-29 v3.1.11a (3.1.11a)
) (C:\Users\Usuario\AppData\Local\Programs\MiKTeX\tex/generic/pgf/basiclayer\pgfcorepathprocessing.code.tex
File: pgfcorepathprocessing.code.tex 2025-08-29 v3.1.11a (3.1.11a)
) (C:\Users\Usuario\AppData\Local\Programs\MiKTeX\tex/generic/pgf/basiclayer\pgfcorearrows.code.tex
File: pgfcorearrows.code.tex 2025-08-29 v3.1.11a (3.1.11a)
\pgfarrowsep=\dimen316
) (C:\Users\Usuario\AppData\Local\Programs\MiKTeX\tex/generic/pgf/basiclayer\pgfcoreshade.code.tex
File: pgfcoreshade.code.tex 2025-08-29 v3.1.11a (3.1.11a)
\pgf@max=\dimen317
\pgf@sys@shading@range@num=\count385
\pgf@shadingcount=\count386
) (C:\Users\Usuario\AppData\Local\Programs\MiKTeX\tex/generic/pgf/basiclayer\pgfcoreimage.code.tex
File: pgfcoreimage.code.tex 2025-08-29 v3.1.11a (3.1.11a)
) (C:\Users\Usuario\AppData\Local\Programs\MiKTeX\tex/generic/pgf/basiclayer\pgfcoreexternal.code.tex
File: pgfcoreexternal.code.tex 2025-08-29 v3.1.11a (3.1.11a)
\pgfexternal@startupbox=\box74
) (C:\Users\Usuario\AppData\Local\Programs\MiKTeX\tex/generic/pgf/basiclayer\pgfcorelayers.code.tex
File: pgfcorelayers.code.tex 2025-08-29 v3.1.11a (3.1.11a)
) (C:\Users\Usuario\AppData\Local\Programs\MiKTeX\tex/generic/pgf/basiclayer\pgfcoretransparency.code.tex
File: pgfcoretransparency.code.tex 2025-08-29 v3.1.11a (3.1.11a)
) (C:\Users\Usuario\AppData\Local\Programs\MiKTeX\tex/generic/pgf/basiclayer\pgfcorepatterns.code.tex
File: pgfcorepatterns.code.tex 2025-08-29 v3.1.11a (3.1.11a)
) (C:\Users\Usuario\AppData\Local\Programs\MiKTeX\tex/generic/pgf/basiclayer\pgfcorerdf.code.tex
File: pgfcorerdf.code.tex 2025-08-29 v3.1.11a (3.1.11a)
))) (C:\Users\Usuario\AppData\Local\Programs\MiKTeX\tex/generic/pgf/modules\pgfmoduleshapes.code.tex
File: pgfmoduleshapes.code.tex 2025-08-29 v3.1.11a (3.1.11a)
\pgfnodeparttextbox=\box75
) (C:\Users\Usuario\AppData\Local\Programs\MiKTeX\tex/generic/pgf/modules\pgfmoduleplot.code.tex
File: pgfmoduleplot.code.tex 2025-08-29 v3.1.11a (3.1.11a)
) (C:\Users\Usuario\AppData\Local\Programs\MiKTeX\tex/latex/pgf/compatibility\pgfcomp-version-0-65.sty
Package: pgfcomp-version-0-65 2025-08-29 v3.1.11a (3.1.11a)
\pgf@nodesepstart=\dimen318
\pgf@nodesepend=\dimen319
) (C:\Users\Usuario\AppData\Local\Programs\MiKTeX\tex/latex/pgf/compatibility\pgfcomp-version-1-18.sty
Package: pgfcomp-version-1-18 2025-08-29 v3.1.11a (3.1.11a)
)) (C:\Users\Usuario\AppData\Local\Programs\MiKTeX\tex/latex/pgf/utilities\pgffor.sty (C:\Users\Usuario\AppData\Local\Programs\MiKTeX\tex/latex/pgf/math\pgfmath.sty (C:\Users\Usuario\AppData\Local\Programs\MiKTeX\tex/generic/pgf/math\pgfmath.code.tex)) (C:\Users\Usuario\AppData\Local\Programs\MiKTeX\tex/generic/pgf/utilities\pgffor.code.tex
Package: pgffor 2025-08-29 v3.1.11a (3.1.11a)
\pgffor@iter=\dimen320
\pgffor@skip=\dimen321
\pgffor@stack=\toks47
\pgffor@toks=\toks48
)) (C:\Users\Usuario\AppData\Local\Programs\MiKTeX\tex/generic/pgf/frontendlayer/tikz\tikz.code.tex
Package: tikz 2025-08-29 v3.1.11a (3.1.11a)
 (C:\Users\Usuario\AppData\Local\Programs\MiKTeX\tex/generic/pgf/libraries\pgflibraryplothandlers.code.tex
File: pgflibraryplothandlers.code.tex 2025-08-29 v3.1.11a (3.1.11a)
\pgf@plot@mark@count=\count387
\pgfplotmarksize=\dimen322
)
\tikz@lastx=\dimen323
\tikz@lasty=\dimen324
\tikz@lastxsaved=\dimen325
\tikz@lastysaved=\dimen326
\tikz@lastmovetox=\dimen327
\tikz@lastmovetoy=\dimen328
\tikzleveldistance=\dimen329
\tikzsiblingdistance=\dimen330
\tikz@figbox=\box76
\tikz@figbox@bg=\box77
\tikz@tempbox=\box78
\tikz@tempbox@bg=\box79
\tikztreelevel=\count388
\tikznumberofchildren=\count389
\tikznumberofcurrentchild=\count390
\tikz@fig@count=\count391
 (C:\Users\Usuario\AppData\Local\Programs\MiKTeX\tex/generic/pgf/modules\pgfmodulematrix.code.tex
File: pgfmodulematrix.code.tex 2025-08-29 v3.1.11a (3.1.11a)
\pgfmatrixcurrentrow=\count392
\pgfmatrixcurrentcolumn=\count393
\pgf@matrix@numberofcolumns=\count394
)
\tikz@expandcount=\count395
 (C:\Users\Usuario\AppData\Local\Programs\MiKTeX\tex/generic/pgf/frontendlayer/tikz/libraries\tikzlibrarytopaths.code.tex
File: tikzlibrarytopaths.code.tex 2025-08-29 v3.1.11a (3.1.11a)
))) (C:\Users\Usuario\AppData\Local\Programs\MiKTeX\tex/generic/pgf/frontendlayer/tikz/libraries\tikzlibrarypositioning.code.tex
File: tikzlibrarypositioning.code.tex 2025-08-29 v3.1.11a (3.1.11a)
) (C:\Users\Usuario\AppData\Local\Programs\MiKTeX\tex/generic/pgf/libraries\pgflibraryarrows.meta.code.tex
File: pgflibraryarrows.meta.code.tex 2025-08-29 v3.1.11a (3.1.11a)
\pgfarrowinset=\dimen331
\pgfarrowlength=\dimen332
\pgfarrowwidth=\dimen333
\pgfarrowlinewidth=\dimen334
) (C:\Users\Usuario\AppData\Local\Programs\MiKTeX\tex/latex/appendix\appendix.sty
Package: appendix 2020/02/08 v1.2c extra appendix facilities
\c@@pps=\count396
\c@@ppsavesec=\count397
\c@@ppsaveapp=\count398
)
(C:\Users\Usuario\AppData\Local\Programs\MiKTeX\tex/latex/fancyhdr\fancyhdr.sty
Package: fancyhdr 2025/02/07 v5.2 Extensive control of page headers and footers
\f@nch@headwidth=\skip88
\f@nch@offset@elh=\skip89
\f@nch@offset@erh=\skip90
\f@nch@offset@olh=\skip91
\f@nch@offset@orh=\skip92
\f@nch@offset@elf=\skip93
\f@nch@offset@erf=\skip94
\f@nch@offset@olf=\skip95
\f@nch@offset@orf=\skip96
\f@nch@height=\skip97
\f@nch@footalignment=\skip98
\f@nch@widthL=\skip99
\f@nch@widthC=\skip100
\f@nch@widthR=\skip101
\@temptokenb=\toks49
) (C:\Users\Usuario\AppData\Local\Programs\MiKTeX\tex/latex/gensymb\gensymb.sty
Package: gensymb 2022/10/17 v1.0.2 (KJH)
) (C:\Users\Usuario\AppData\Local\Programs\MiKTeX\tex/latex/colortbl\colortbl.sty
Package: colortbl 2024/10/29 v1.0k Color table columns (DPC)
\everycr=\toks50
\minrowclearance=\skip102
\rownum=\count399
) (C:\Users\Usuario\AppData\Local\Programs\MiKTeX\tex/latex/l3backend\l3backend-pdftex.def
File: l3backend-pdftex.def 2026-02-18 L3 backend support: PDF output (pdfTeX)
\l__color_backend_stack_int=\count400
) (main.aux
LaTeX Info: Redefining \. on input line 12.
LaTeX Info: Redefining \% on input line 12.
Package babel Info: 'spanish' activates 'spanish' shorthands.
(babel)             Reported on input line 12.


LaTeX Warning: Label `eq:ci_1' multiply defined.


LaTeX Warning: Label `ap:' multiply defined.

)
\openout1 = `main.aux'.

LaTeX Font Info:    Checking defaults for OML/cmm/m/it on input line 105.
LaTeX Font Info:    ... okay on input line 105.
LaTeX Font Info:    Checking defaults for OMS/cmsy/m/n on input line 105.
LaTeX Font Info:    ... okay on input line 105.
LaTeX Font Info:    Checking defaults for OT1/cmr/m/n on input line 105.
LaTeX Font Info:    ... okay on input line 105.
LaTeX Font Info:    Checking defaults for T1/cmr/m/n on input line 105.
LaTeX Font Info:    ... okay on input line 105.
LaTeX Font Info:    Checking defaults for TS1/cmr/m/n on input line 105.
LaTeX Font Info:    ... okay on input line 105.
LaTeX Font Info:    Checking defaults for OMX/cmex/m/n on input line 105.
LaTeX Font Info:    ... okay on input line 105.
LaTeX Font Info:    Checking defaults for U/cmr/m/n on input line 105.
LaTeX Font Info:    ... okay on input line 105.
LaTeX Font Info:    Checking defaults for PD1/pdf/m/n on input line 105.
LaTeX Font Info:    ... okay on input line 105.
LaTeX Font Info:    Checking defaults for PU/pdf/m/n on input line 105.
LaTeX Font Info:    ... okay on input line 105.
 (C:\Users\Usuario\AppData\Local\Programs\MiKTeX\tex/context/base/mkii\supp-pdf.mkii
[Loading MPS to PDF converter (version 2006.09.02).]
\scratchcounter=\count401
\scratchdimen=\dimen335
\scratchbox=\box80
\nofMPsegments=\count402
\nofMParguments=\count403
\everyMPshowfont=\toks51
\MPscratchCnt=\count404
\MPscratchDim=\dimen336
\MPnumerator=\count405
\makeMPintoPDFobject=\count406
\everyMPtoPDFconversion=\toks52
) (C:\Users\Usuario\AppData\Local\Programs\MiKTeX\tex/latex/epstopdf-pkg\epstopdf-base.sty
Package: epstopdf-base 2020-01-24 v2.11 Base part for package epstopdf
Package epstopdf-base Info: Redefining graphics rule for `.eps' on input line 485.
 (C:\Users\Usuario\AppData\Local\Programs\MiKTeX\tex/latex/00miktex\epstopdf-sys.cfg
File: epstopdf-sys.cfg 2021/03/18 v2.0 Configuration of epstopdf for MiKTeX
))
\c@lstlisting=\count407
Package caption Info: Begin \AtBeginDocument code.
Package caption Info: subfig package v1.3 is loaded.
Package caption Info: float package is loaded.
Package caption Info: hyperref package is loaded.
Package caption Info: End \AtBeginDocument code.
LaTeX Info: Redefining \. on input line 105.
LaTeX Info: Redefining \% on input line 105.

*geometry* driver: auto-detecting
*geometry* detected driver: pdftex
*geometry* verbose mode - [ preamble ] result:
* driver: pdftex
* paper: a4paper
* layout: <same size as paper>
* layoutoffset:(h,v)=(0.0pt,0.0pt)
* modes: 
* h-part:(L,W,R)=(78.24507pt, 441.01773pt, 78.24507pt)
* v-part:(T,H,B)=(78.24507pt, 688.5567pt, 78.24507pt)
* \paperwidth=597.50787pt
* \paperheight=845.04684pt
* \textwidth=441.01773pt
* \textheight=688.5567pt
* \oddsidemargin=5.97508pt
* \evensidemargin=5.97508pt
* \topmargin=-31.02492pt
* \headheight=26.0pt
* \headsep=25.0pt
* \topskip=10.0pt
* \footskip=30.0pt
* \marginparwidth=65.0pt
* \marginparsep=11.0pt
* \columnsep=10.0pt
* \skip\footins=9.0pt plus 4.0pt minus 2.0pt
* \hoffset=0.0pt
* \voffset=0.0pt
* \mag=1000
* \@twocolumnfalse
* \@twosidefalse
* \@mparswitchfalse
* \@reversemarginfalse
* (1in=72.27pt=25.4mm, 1cm=28.453pt)

Package hyperref Info: Link coloring ON on input line 105.
(main.out) (main.out)
\@outlinefile=\write5
\openout5 = `main.out'.

\symgns@font=\mathgroup6
LaTeX Font Info:    Overwriting symbol font `gns@font' in version `bold'
(Font)                  TS1/cmr/m/n --> TS1/cmr/b/n on input line 105.
Package gensymb Info: Math companion symbols declared on input line 105.
LaTeX Info: Redefining \degree on input line 105.
LaTeX Info: Redefining \celsius on input line 105.
Package gensymb Info: Using text companion symbols for \degree, \celsius and \perthousand on input line 105.
LaTeX Info: Redefining \ohm on input line 105.
Package gensymb Info: Using \textohm for \ohm on input line 105.
Package gensymb Info: Using \textmu for \micro on input line 105.
LaTeX Font Info:    Trying to load font information for U+msa on input line 114.
 (C:\Users\Usuario\AppData\Local\Programs\MiKTeX\tex/latex/amsfonts\umsa.fd
File: umsa.fd 2013/01/14 v3.01 AMS symbols A
)
LaTeX Font Info:    Trying to load font information for U+msb on input line 114.
 (C:\Users\Usuario\AppData\Local\Programs\MiKTeX\tex/latex/amsfonts\umsb.fd
File: umsb.fd 2013/01/14 v3.01 AMS symbols B
) [1

{C:/Users/Usuario/AppData/Local/MiKTeX/fonts/map/pdftex/pdftex.map}] [2] [3] (main.toc
LaTeX Info: Redefining \. on input line 1.
LaTeX Info: Redefining \% on input line 1.
 [4])
\tf@toc=\write6
\openout6 = `main.toc'.

 [5]
<src/vista_superior.png, id=307, 929.72343pt x 630.10406pt>
File: src/vista_superior.png Graphic file (type png)
<use src/vista_superior.png>
Package pdftex.def Info: src/vista_superior.png  used on input line 163.
(pdftex.def)             Requested size: 374.86775pt x 254.05623pt.
 [6]
<src/robot.png, id=324, 1198.4775pt x 606.01407pt>
File: src/robot.png Graphic file (type png)
<use src/robot.png>
Package pdftex.def Info: src/robot.png  used on input line 172.
(pdftex.def)             Requested size: 374.86775pt x 189.54538pt.
 [7 <./src/vista_superior.png> <./src/robot.png>] [8]

c:/Users/Usuario/Desktop/FING/Proyecto Final/informe/main.tex:233: LaTeX Error: There's no line here to end.

See the LaTeX manual or LaTeX Companion for explanation.
Type  H <return>  for immediate help.
 ...                                              
                                                  
l.233 \\\,
          \\
Your command was ignored.
Type  I <command> <return>  to replace it with another command,
or  <return>  to continue without it.

[9] [10]
<src/VISTA_SUPERIOR.png, id=389, 929.72343pt x 630.10406pt>
File: src/VISTA_SUPERIOR.png Graphic file (type png)
<use src/VISTA_SUPERIOR.png>
Package pdftex.def Info: src/VISTA_SUPERIOR.png  used on input line 251.
(pdftex.def)             Requested size: 374.86775pt x 254.05623pt.
<src/VISTA_LATERAL.png, id=390, 996.72375pt x 762.59906pt>
File: src/VISTA_LATERAL.png Graphic file (type png)
<use src/VISTA_LATERAL.png>
Package pdftex.def Info: src/VISTA_LATERAL.png  used on input line 258.
(pdftex.def)             Requested size: 374.86775pt x 286.81175pt.
 [11 <./src/VISTA_SUPERIOR.png> <./src/VISTA_LATERAL.png>] [12]
<src/DIM_ROBOT_1.png, id=411, 634.62094pt x 639.13782pt>
File: src/DIM_ROBOT_1.png Graphic file (type png)
<use src/DIM_ROBOT_1.png>
Package pdftex.def Info: src/DIM_ROBOT_1.png  used on input line 298.
(pdftex.def)             Requested size: 330.76329pt x 333.12402pt.
<src/DIM_ROBOT_2.png, id=412, 528.47438pt x 805.50937pt>
File: src/DIM_ROBOT_2.png Graphic file (type png)
<use src/DIM_ROBOT_2.png>
Package pdftex.def Info: src/DIM_ROBOT_2.png  used on input line 305.
(pdftex.def)             Requested size: 330.76329pt x 504.155pt.
 [13 <./src/DIM_ROBOT_1.png>] [14 <./src/DIM_ROBOT_2.png>] [15]
<src/DH.png, id=449, 722.7pt x 774.64406pt>
File: src/DH.png Graphic file (type png)
<use src/DH.png>
Package pdftex.def Info: src/DH.png  used on input line 411.
(pdftex.def)             Requested size: 242.5611pt x 259.99495pt.
 [16 <./src/DH.png>]
<src/test_workspace_1.png, id=461, 656.4525pt x 515.67656pt>
File: src/test_workspace_1.png Graphic file (type png)
<use src/test_workspace_1.png>
Package pdftex.def Info: src/test_workspace_1.png  used on input line 448.
(pdftex.def)             Requested size: 374.86775pt x 294.48161pt.
 [17 <./src/test_workspace_1.png>] [18]
Overfull \hbox (48.55661pt too wide) detected at line 684
[] \OT1/cmr/m/n/10 = []
 []


Underfull \hbox (badness 10000) in paragraph at lines 699--700

 []

[19] [20]
Underfull \hbox (badness 10000) in paragraph at lines 812--813

 []


Underfull \hbox (badness 10000) in paragraph at lines 837--838

 []

[21] [22]
Underfull \hbox (badness 10000) in paragraph at lines 1011--1012

 []

[23]
<src/AMPL_1.png, id=568, 1309.14093pt x 503.63156pt>
File: src/AMPL_1.png Graphic file (type png)
<use src/AMPL_1.png>
Package pdftex.def Info: src/AMPL_1.png  used on input line 1036.
(pdftex.def)             Requested size: 374.86775pt x 144.21274pt.
<src/AMPL_2.png, id=569, 1291.82625pt x 553.31718pt>
File: src/AMPL_2.png Graphic file (type png)
<use src/AMPL_2.png>
Package pdftex.def Info: src/AMPL_2.png  used on input line 1043.
(pdftex.def)             Requested size: 374.86775pt x 160.55919pt.
<src/AMPL_3.png, id=570, 1303.87125pt x 191.21437pt>
File: src/AMPL_3.png Graphic file (type png)
<use src/AMPL_3.png>
Package pdftex.def Info: src/AMPL_3.png  used on input line 1050.
(pdftex.def)             Requested size: 374.86775pt x 54.97516pt.
 [24 <./src/AMPL_1.png> <./src/AMPL_2.png> <./src/AMPL_3.png>] [25]
Overfull \hbox (28.76903pt too wide) in paragraph at lines 1145--1146
[]\OT1/cmr/m/n/10 Se ge-ne-ra la tra-yec-to-ria con los par^^Same-tros no-mi-na-les. A con-ti-nua-ci^^Son, la fun-ci^^Son au-xi-liar [][][][][][]
 []

[26] [27]
<src/CAD_ROBOT.png, id=613, 590.205pt x 620.3175pt>
File: src/CAD_ROBOT.png Graphic file (type png)
<use src/CAD_ROBOT.png>
Package pdftex.def Info: src/CAD_ROBOT.png  used on input line 1198.
(pdftex.def)             Requested size: 330.76329pt x 347.64046pt.
 [28 <./src/CAD_ROBOT.png>]
<src/ESLABON_BASE.png, id=621, 999.735pt x 758.835pt>
File: src/ESLABON_BASE.png Graphic file (type png)
<use src/ESLABON_BASE.png>
Package pdftex.def Info: src/ESLABON_BASE.png  used on input line 1213.
(pdftex.def)             Requested size: 330.76329pt x 251.06474pt.
<src/ESLABON_1.png, id=622, 1096.84781pt x 736.25063pt>
File: src/ESLABON_1.png Graphic file (type png)
<use src/ESLABON_1.png>
Package pdftex.def Info: src/ESLABON_1.png  used on input line 1224.
(pdftex.def)             Requested size: 330.76329pt x 222.01155pt.
<src/ESLABON_2.png, id=623, 1224.82594pt x 812.28468pt>
File: src/ESLABON_2.png Graphic file (type png)
<use src/ESLABON_2.png>
Package pdftex.def Info: src/ESLABON_2.png  used on input line 1235.
(pdftex.def)             Requested size: 330.76329pt x 219.35698pt.
 [29 <./src/ESLABON_BASE.png> <./src/ESLABON_1.png>]
<src/ESLABON_3.png, id=632, 1218.05063pt x 738.50906pt>
File: src/ESLABON_3.png Graphic file (type png)
<use src/ESLABON_3.png>
Package pdftex.def Info: src/ESLABON_3.png  used on input line 1246.
(pdftex.def)             Requested size: 330.76329pt x 200.53825pt.
<src/ESLABON_4.png, id=633, 1112.65688pt x 758.835pt>
File: src/ESLABON_4.png Graphic file (type png)
<use src/ESLABON_4.png>
Package pdftex.def Info: src/ESLABON_4.png  used on input line 1257.
(pdftex.def)             Requested size: 330.76329pt x 225.57964pt.
 [30 <./src/ESLABON_2.png> <./src/ESLABON_3.png>]
<src/ESLABON_5.png, id=642, 1113.40968pt x 750.55406pt>
File: src/ESLABON_5.png Graphic file (type png)
<use src/ESLABON_5.png>
Package pdftex.def Info: src/ESLABON_5.png  used on input line 1268.
(pdftex.def)             Requested size: 330.76329pt x 222.95761pt.
<src/ESLABON_6.png, id=643, 1050.92625pt x 721.94719pt>
File: src/ESLABON_6.png Graphic file (type png)
<use src/ESLABON_6.png>
Package pdftex.def Info: src/ESLABON_6.png  used on input line 1279.
(pdftex.def)             Requested size: 330.76329pt x 227.21628pt.
 [31 <./src/ESLABON_4.png> <./src/ESLABON_5.png>]
<src/CAD_ROBOT_ALT.png, id=655, 615.0478pt x 670.75594pt>
File: src/CAD_ROBOT_ALT.png Graphic file (type png)
<use src/CAD_ROBOT_ALT.png>
Package pdftex.def Info: src/CAD_ROBOT_ALT.png  used on input line 1294.
(pdftex.def)             Requested size: 330.76329pt x 360.72897pt.
 [32 <./src/ESLABON_6.png>] [33 <./src/CAD_ROBOT_ALT.png>] [34] [35]
Overfull \hbox (26.63016pt too wide) in paragraph at lines 1315--1315
[]\OT1/cmr/bx/n/14.4 Verificaci^^Son y Va-li-da-ci^^Son de M^^Sodu-los de Soft-wa-re de MATLAB 
 []


c:/Users/Usuario/Desktop/FING/Proyecto Final/informe/main.tex:1332: LaTeX Error: Invalid UTF-8 byte sequence (�\expandafter).

See the LaTeX manual or LaTeX Companion for explanation.
Type  H <return>  for immediate help.
 ...                                              
                                                  
l.1332 % Las coordenadas articulares solución 
                                               obtenidas de la cinematica in...
The document does not appear to be in UTF-8 encoding.
Try adding \UseRawInputEncoding as the first line of the file
or specify an encoding such as \usepackage [latin1]{inputenc}
in the document preamble.
Alternatively, save the file in UTF-8 using your editor or another tool


c:/Users/Usuario/Desktop/FING/Proyecto Final/informe/main.tex:1332: LaTeX Error: Invalid UTF-8 byte "B3.

See the LaTeX manual or LaTeX Companion for explanation.
Type  H <return>  for immediate help.
 ...                                              
                                                  
l.1332 % Las coordenadas articulares solución 
                                               obtenidas de la cinematica in...
The document does not appear to be in UTF-8 encoding.
Try adding \UseRawInputEncoding as the first line of the file
or specify an encoding such as \usepackage [latin1]{inputenc}
in the document preamble.
Alternatively, save the file in UTF-8 using your editor or another tool


c:/Users/Usuario/Desktop/FING/Proyecto Final/informe/main.tex:1337: LaTeX Error: Invalid UTF-8 byte sequence (�\expandafter).

See the LaTeX manual or LaTeX Companion for explanation.
Type  H <return>  for immediate help.
 ...                                              
                                                  
l.1337 % Las coordenadas cartesianas solución 
                                               obtenidas son las siguientes ...
The document does not appear to be in UTF-8 encoding.
Try adding \UseRawInputEncoding as the first line of the file
or specify an encoding such as \usepackage [latin1]{inputenc}
in the document preamble.
Alternatively, save the file in UTF-8 using your editor or another tool


c:/Users/Usuario/Desktop/FING/Proyecto Final/informe/main.tex:1337: LaTeX Error: Invalid UTF-8 byte "B3.

See the LaTeX manual or LaTeX Companion for explanation.
Type  H <return>  for immediate help.
 ...                                              
                                                  
l.1337 % Las coordenadas cartesianas solución 
                                               obtenidas son las siguientes ...
The document does not appear to be in UTF-8 encoding.
Try adding \UseRawInputEncoding as the first line of the file
or specify an encoding such as \usepackage [latin1]{inputenc}
in the document preamble.
Alternatively, save the file in UTF-8 using your editor or another tool


c:/Users/Usuario/Desktop/FING/Proyecto Final/informe/main.tex:1348: LaTeX Error: Invalid UTF-8 byte sequence (�\expandafter).

See the LaTeX manual or LaTeX Companion for explanation.
Type  H <return>  for immediate help.
 ...                                              
                                                  
l.1348 % LOOP -> Probando posición 
                                    articular
The document does not appear to be in UTF-8 encoding.
Try adding \UseRawInputEncoding as the first line of the file
or specify an encoding such as \usepackage [latin1]{inputenc}
in the document preamble.
Alternatively, save the file in UTF-8 using your editor or another tool


c:/Users/Usuario/Desktop/FING/Proyecto Final/informe/main.tex:1348: LaTeX Error: Invalid UTF-8 byte "B3.

See the LaTeX manual or LaTeX Companion for explanation.
Type  H <return>  for immediate help.
 ...                                              
                                                  
l.1348 % LOOP -> Probando posición 
                                    articular
The document does not appear to be in UTF-8 encoding.
Try adding \UseRawInputEncoding as the first line of the file
or specify an encoding such as \usepackage [latin1]{inputenc}
in the document preamble.
Alternatively, save the file in UTF-8 using your editor or another tool


c:/Users/Usuario/Desktop/FING/Proyecto Final/informe/main.tex:1354: LaTeX Error: Invalid UTF-8 byte sequence (�\expandafter).

See the LaTeX manual or LaTeX Companion for explanation.
Type  H <return>  for immediate help.
 ...                                              
                                                  
l.1354 % Las coordenadas articulares solución 
                                               obtenidas de la cinematica in...
The document does not appear to be in UTF-8 encoding.
Try adding \UseRawInputEncoding as the first line of the file
or specify an encoding such as \usepackage [latin1]{inputenc}
in the document preamble.
Alternatively, save the file in UTF-8 using your editor or another tool


c:/Users/Usuario/Desktop/FING/Proyecto Final/informe/main.tex:1354: LaTeX Error: Invalid UTF-8 byte "B3.

See the LaTeX manual or LaTeX Companion for explanation.
Type  H <return>  for immediate help.
 ...                                              
                                                  
l.1354 % Las coordenadas articulares solución 
                                               obtenidas de la cinematica in...
The document does not appear to be in UTF-8 encoding.
Try adding \UseRawInputEncoding as the first line of the file
or specify an encoding such as \usepackage [latin1]{inputenc}
in the document preamble.
Alternatively, save the file in UTF-8 using your editor or another tool

[36]

LaTeX Warning: Command \textordmasculine invalid in math mode on input line 1379.


LaTeX Warning: Command \textordmasculine invalid in math mode on input line 1379.

Missing character: There is no � in font cmr10!

LaTeX Warning: Command \textordmasculine invalid in math mode on input line 1379.


LaTeX Warning: Command \textordmasculine invalid in math mode on input line 1379.

Missing character: There is no � in font cmr10!

c:/Users/Usuario/Desktop/FING/Proyecto Final/informe/main.tex:1391: LaTeX Error: Invalid UTF-8 byte sequence (�\expandafter).

See the LaTeX manual or LaTeX Companion for explanation.
Type  H <return>  for immediate help.
 ...                                              
                                                  
l.1391     Posición 
                     articular aleatoria - no singular - hombro
The document does not appear to be in UTF-8 encoding.
Try adding \UseRawInputEncoding as the first line of the file
or specify an encoding such as \usepackage [latin1]{inputenc}
in the document preamble.
Alternatively, save the file in UTF-8 using your editor or another tool


c:/Users/Usuario/Desktop/FING/Proyecto Final/informe/main.tex:1391: LaTeX Error: Invalid UTF-8 byte "B3.

See the LaTeX manual or LaTeX Companion for explanation.
Type  H <return>  for immediate help.
 ...                                              
                                                  
l.1391     Posición 
                     articular aleatoria - no singular - hombro
The document does not appear to be in UTF-8 encoding.
Try adding \UseRawInputEncoding as the first line of the file
or specify an encoding such as \usepackage [latin1]{inputenc}
in the document preamble.
Alternatively, save the file in UTF-8 using your editor or another tool


c:/Users/Usuario/Desktop/FING/Proyecto Final/informe/main.tex:1394: LaTeX Error: Invalid UTF-8 byte sequence (�\expandafter).

See the LaTeX manual or LaTeX Companion for explanation.
Type  H <return>  for immediate help.
 ...                                              
                                                  
l.1394     -> Detención 
                         por posición no singular - enter para continuar
The document does not appear to be in UTF-8 encoding.
Try adding \UseRawInputEncoding as the first line of the file
or specify an encoding such as \usepackage [latin1]{inputenc}
in the document preamble.
Alternatively, save the file in UTF-8 using your editor or another tool


c:/Users/Usuario/Desktop/FING/Proyecto Final/informe/main.tex:1394: LaTeX Error: Invalid UTF-8 byte "B3.

See the LaTeX manual or LaTeX Companion for explanation.
Type  H <return>  for immediate help.
 ...                                              
                                                  
l.1394     -> Detención 
                         por posición no singular - enter para continuar
The document does not appear to be in UTF-8 encoding.
Try adding \UseRawInputEncoding as the first line of the file
or specify an encoding such as \usepackage [latin1]{inputenc}
in the document preamble.
Alternatively, save the file in UTF-8 using your editor or another tool


c:/Users/Usuario/Desktop/FING/Proyecto Final/informe/main.tex:1394: LaTeX Error: Invalid UTF-8 byte sequence (�\expandafter).

See the LaTeX manual or LaTeX Companion for explanation.
Type  H <return>  for immediate help.
 ...                                              
                                                  
l.1394     -> Detención por posición 
                                       no singular - enter para continuar
The document does not appear to be in UTF-8 encoding.
Try adding \UseRawInputEncoding as the first line of the file
or specify an encoding such as \usepackage [latin1]{inputenc}
in the document preamble.
Alternatively, save the file in UTF-8 using your editor or another tool


c:/Users/Usuario/Desktop/FING/Proyecto Final/informe/main.tex:1394: LaTeX Error: Invalid UTF-8 byte "B3.

See the LaTeX manual or LaTeX Companion for explanation.
Type  H <return>  for immediate help.
 ...                                              
                                                  
l.1394     -> Detención por posición 
                                       no singular - enter para continuar
The document does not appear to be in UTF-8 encoding.
Try adding \UseRawInputEncoding as the first line of the file
or specify an encoding such as \usepackage [latin1]{inputenc}
in the document preamble.
Alternatively, save the file in UTF-8 using your editor or another tool

[37] [38]

c:/Users/Usuario/Desktop/FING/Proyecto Final/informe/main.tex:1455: LaTeX Error: Unicode character ├ (U+251C)
               not set up for use with LaTeX.

See the LaTeX manual or LaTeX Companion for explanation.
Type  H <return>  for immediate help.
 ...                                              
                                                  
l.1455 \end{verbatim}
                     
You may provide a definition with
\DeclareUnicodeCharacter 


c:/Users/Usuario/Desktop/FING/Proyecto Final/informe/main.tex:1455: LaTeX Error: Unicode character ─ (U+2500)
               not set up for use with LaTeX.

See the LaTeX manual or LaTeX Companion for explanation.
Type  H <return>  for immediate help.
 ...                                              
                                                  
l.1455 \end{verbatim}
                     
You may provide a definition with
\DeclareUnicodeCharacter 


c:/Users/Usuario/Desktop/FING/Proyecto Final/informe/main.tex:1455: LaTeX Error: Unicode character ─ (U+2500)
               not set up for use with LaTeX.

See the LaTeX manual or LaTeX Companion for explanation.
Type  H <return>  for immediate help.
 ...                                              
                                                  
l.1455 \end{verbatim}
                     
You may provide a definition with
\DeclareUnicodeCharacter 


c:/Users/Usuario/Desktop/FING/Proyecto Final/informe/main.tex:1455: LaTeX Error: Unicode character ├ (U+251C)
               not set up for use with LaTeX.

See the LaTeX manual or LaTeX Companion for explanation.
Type  H <return>  for immediate help.
 ...                                              
                                                  
l.1455 \end{verbatim}
                     
You may provide a definition with
\DeclareUnicodeCharacter 


c:/Users/Usuario/Desktop/FING/Proyecto Final/informe/main.tex:1455: LaTeX Error: Unicode character ─ (U+2500)
               not set up for use with LaTeX.

See the LaTeX manual or LaTeX Companion for explanation.
Type  H <return>  for immediate help.
 ...                                              
                                                  
l.1455 \end{verbatim}
                     
You may provide a definition with
\DeclareUnicodeCharacter 


c:/Users/Usuario/Desktop/FING/Proyecto Final/informe/main.tex:1455: LaTeX Error: Unicode character ─ (U+2500)
               not set up for use with LaTeX.

See the LaTeX manual or LaTeX Companion for explanation.
Type  H <return>  for immediate help.
 ...                                              
                                                  
l.1455 \end{verbatim}
                     
You may provide a definition with
\DeclareUnicodeCharacter 


c:/Users/Usuario/Desktop/FING/Proyecto Final/informe/main.tex:1455: LaTeX Error: Unicode character ├ (U+251C)
               not set up for use with LaTeX.

See the LaTeX manual or LaTeX Companion for explanation.
Type  H <return>  for immediate help.
 ...                                              
                                                  
l.1455 \end{verbatim}
                     
You may provide a definition with
\DeclareUnicodeCharacter 


c:/Users/Usuario/Desktop/FING/Proyecto Final/informe/main.tex:1455: LaTeX Error: Unicode character ─ (U+2500)
               not set up for use with LaTeX.

See the LaTeX manual or LaTeX Companion for explanation.
Type  H <return>  for immediate help.
 ...                                              
                                                  
l.1455 \end{verbatim}
                     
You may provide a definition with
\DeclareUnicodeCharacter 


c:/Users/Usuario/Desktop/FING/Proyecto Final/informe/main.tex:1455: LaTeX Error: Unicode character ─ (U+2500)
               not set up for use with LaTeX.

See the LaTeX manual or LaTeX Companion for explanation.
Type  H <return>  for immediate help.
 ...                                              
                                                  
l.1455 \end{verbatim}
                     
You may provide a definition with
\DeclareUnicodeCharacter 


c:/Users/Usuario/Desktop/FING/Proyecto Final/informe/main.tex:1455: LaTeX Error: Unicode character ├ (U+251C)
               not set up for use with LaTeX.

See the LaTeX manual or LaTeX Companion for explanation.
Type  H <return>  for immediate help.
 ...                                              
                                                  
l.1455 \end{verbatim}
                     
You may provide a definition with
\DeclareUnicodeCharacter 


c:/Users/Usuario/Desktop/FING/Proyecto Final/informe/main.tex:1455: LaTeX Error: Unicode character ─ (U+2500)
               not set up for use with LaTeX.

See the LaTeX manual or LaTeX Companion for explanation.
Type  H <return>  for immediate help.
 ...                                              
                                                  
l.1455 \end{verbatim}
                     
You may provide a definition with
\DeclareUnicodeCharacter 


c:/Users/Usuario/Desktop/FING/Proyecto Final/informe/main.tex:1455: LaTeX Error: Unicode character ─ (U+2500)
               not set up for use with LaTeX.

See the LaTeX manual or LaTeX Companion for explanation.
Type  H <return>  for immediate help.
 ...                                              
                                                  
l.1455 \end{verbatim}
                     
You may provide a definition with
\DeclareUnicodeCharacter 


c:/Users/Usuario/Desktop/FING/Proyecto Final/informe/main.tex:1455: LaTeX Error: Unicode character │ (U+2502)
               not set up for use with LaTeX.

See the LaTeX manual or LaTeX Companion for explanation.
Type  H <return>  for immediate help.
 ...                                              
                                                  
l.1455 \end{verbatim}
                     
You may provide a definition with
\DeclareUnicodeCharacter 


c:/Users/Usuario/Desktop/FING/Proyecto Final/informe/main.tex:1455: LaTeX Error: Unicode character └ (U+2514)
               not set up for use with LaTeX.

See the LaTeX manual or LaTeX Companion for explanation.
Type  H <return>  for immediate help.
 ...                                              
                                                  
l.1455 \end{verbatim}
                     
You may provide a definition with
\DeclareUnicodeCharacter 


c:/Users/Usuario/Desktop/FING/Proyecto Final/informe/main.tex:1455: LaTeX Error: Unicode character ─ (U+2500)
               not set up for use with LaTeX.

See the LaTeX manual or LaTeX Companion for explanation.
Type  H <return>  for immediate help.
 ...                                              
                                                  
l.1455 \end{verbatim}
                     
You may provide a definition with
\DeclareUnicodeCharacter 


c:/Users/Usuario/Desktop/FING/Proyecto Final/informe/main.tex:1455: LaTeX Error: Unicode character ─ (U+2500)
               not set up for use with LaTeX.

See the LaTeX manual or LaTeX Companion for explanation.
Type  H <return>  for immediate help.
 ...                                              
                                                  
l.1455 \end{verbatim}
                     
You may provide a definition with
\DeclareUnicodeCharacter 


c:/Users/Usuario/Desktop/FING/Proyecto Final/informe/main.tex:1455: LaTeX Error: Unicode character ├ (U+251C)
               not set up for use with LaTeX.

See the LaTeX manual or LaTeX Companion for explanation.
Type  H <return>  for immediate help.
 ...                                              
                                                  
l.1455 \end{verbatim}
                     
You may provide a definition with
\DeclareUnicodeCharacter 


c:/Users/Usuario/Desktop/FING/Proyecto Final/informe/main.tex:1455: LaTeX Error: Unicode character ─ (U+2500)
               not set up for use with LaTeX.

See the LaTeX manual or LaTeX Companion for explanation.
Type  H <return>  for immediate help.
 ...                                              
                                                  
l.1455 \end{verbatim}
                     
You may provide a definition with
\DeclareUnicodeCharacter 


c:/Users/Usuario/Desktop/FING/Proyecto Final/informe/main.tex:1455: LaTeX Error: Unicode character ─ (U+2500)
               not set up for use with LaTeX.

See the LaTeX manual or LaTeX Companion for explanation.
Type  H <return>  for immediate help.
 ...                                              
                                                  
l.1455 \end{verbatim}
                     
You may provide a definition with
\DeclareUnicodeCharacter 


c:/Users/Usuario/Desktop/FING/Proyecto Final/informe/main.tex:1455: LaTeX Error: Unicode character │ (U+2502)
               not set up for use with LaTeX.

See the LaTeX manual or LaTeX Companion for explanation.
Type  H <return>  for immediate help.
 ...                                              
                                                  
l.1455 \end{verbatim}
                     
You may provide a definition with
\DeclareUnicodeCharacter 


c:/Users/Usuario/Desktop/FING/Proyecto Final/informe/main.tex:1455: LaTeX Error: Unicode character ├ (U+251C)
               not set up for use with LaTeX.

See the LaTeX manual or LaTeX Companion for explanation.
Type  H <return>  for immediate help.
 ...                                              
                                                  
l.1455 \end{verbatim}
                     
You may provide a definition with
\DeclareUnicodeCharacter 


c:/Users/Usuario/Desktop/FING/Proyecto Final/informe/main.tex:1455: LaTeX Error: Unicode character ─ (U+2500)
               not set up for use with LaTeX.

See the LaTeX manual or LaTeX Companion for explanation.
Type  H <return>  for immediate help.
 ...                                              
                                                  
l.1455 \end{verbatim}
                     
You may provide a definition with
\DeclareUnicodeCharacter 


c:/Users/Usuario/Desktop/FING/Proyecto Final/informe/main.tex:1455: LaTeX Error: Unicode character ─ (U+2500)
               not set up for use with LaTeX.

See the LaTeX manual or LaTeX Companion for explanation.
Type  H <return>  for immediate help.
 ...                                              
                                                  
l.1455 \end{verbatim}
                     
You may provide a definition with
\DeclareUnicodeCharacter 


c:/Users/Usuario/Desktop/FING/Proyecto Final/informe/main.tex:1455: LaTeX Error: Unicode character │ (U+2502)
               not set up for use with LaTeX.

See the LaTeX manual or LaTeX Companion for explanation.
Type  H <return>  for immediate help.
 ...                                              
                                                  
l.1455 \end{verbatim}
                     
You may provide a definition with
\DeclareUnicodeCharacter 


c:/Users/Usuario/Desktop/FING/Proyecto Final/informe/main.tex:1455: LaTeX Error: Unicode character ├ (U+251C)
               not set up for use with LaTeX.

See the LaTeX manual or LaTeX Companion for explanation.
Type  H <return>  for immediate help.
 ...                                              
                                                  
l.1455 \end{verbatim}
                     
You may provide a definition with
\DeclareUnicodeCharacter 


c:/Users/Usuario/Desktop/FING/Proyecto Final/informe/main.tex:1455: LaTeX Error: Unicode character ─ (U+2500)
               not set up for use with LaTeX.

See the LaTeX manual or LaTeX Companion for explanation.
Type  H <return>  for immediate help.
 ...                                              
                                                  
l.1455 \end{verbatim}
                     
You may provide a definition with
\DeclareUnicodeCharacter 


c:/Users/Usuario/Desktop/FING/Proyecto Final/informe/main.tex:1455: LaTeX Error: Unicode character ─ (U+2500)
               not set up for use with LaTeX.

See the LaTeX manual or LaTeX Companion for explanation.
Type  H <return>  for immediate help.
 ...                                              
                                                  
l.1455 \end{verbatim}
                     
You may provide a definition with
\DeclareUnicodeCharacter 


c:/Users/Usuario/Desktop/FING/Proyecto Final/informe/main.tex:1455: LaTeX Error: Unicode character │ (U+2502)
               not set up for use with LaTeX.

See the LaTeX manual or LaTeX Companion for explanation.
Type  H <return>  for immediate help.
 ...                                              
                                                  
l.1455 \end{verbatim}
                     
You may provide a definition with
\DeclareUnicodeCharacter 


c:/Users/Usuario/Desktop/FING/Proyecto Final/informe/main.tex:1455: LaTeX Error: Unicode character ├ (U+251C)
               not set up for use with LaTeX.

See the LaTeX manual or LaTeX Companion for explanation.
Type  H <return>  for immediate help.
 ...                                              
                                                  
l.1455 \end{verbatim}
                     
You may provide a definition with
\DeclareUnicodeCharacter 


c:/Users/Usuario/Desktop/FING/Proyecto Final/informe/main.tex:1455: LaTeX Error: Unicode character ─ (U+2500)
               not set up for use with LaTeX.

See the LaTeX manual or LaTeX Companion for explanation.
Type  H <return>  for immediate help.
 ...                                              
                                                  
l.1455 \end{verbatim}
                     
You may provide a definition with
\DeclareUnicodeCharacter 


c:/Users/Usuario/Desktop/FING/Proyecto Final/informe/main.tex:1455: LaTeX Error: Unicode character ─ (U+2500)
               not set up for use with LaTeX.

See the LaTeX manual or LaTeX Companion for explanation.
Type  H <return>  for immediate help.
 ...                                              
                                                  
l.1455 \end{verbatim}
                     
You may provide a definition with
\DeclareUnicodeCharacter 


c:/Users/Usuario/Desktop/FING/Proyecto Final/informe/main.tex:1455: LaTeX Error: Unicode character │ (U+2502)
               not set up for use with LaTeX.

See the LaTeX manual or LaTeX Companion for explanation.
Type  H <return>  for immediate help.
 ...                                              
                                                  
l.1455 \end{verbatim}
                     
You may provide a definition with
\DeclareUnicodeCharacter 


c:/Users/Usuario/Desktop/FING/Proyecto Final/informe/main.tex:1455: LaTeX Error: Unicode character ├ (U+251C)
               not set up for use with LaTeX.

See the LaTeX manual or LaTeX Companion for explanation.
Type  H <return>  for immediate help.
 ...                                              
                                                  
l.1455 \end{verbatim}
                     
You may provide a definition with
\DeclareUnicodeCharacter 


c:/Users/Usuario/Desktop/FING/Proyecto Final/informe/main.tex:1455: LaTeX Error: Unicode character ─ (U+2500)
               not set up for use with LaTeX.

See the LaTeX manual or LaTeX Companion for explanation.
Type  H <return>  for immediate help.
 ...                                              
                                                  
l.1455 \end{verbatim}
                     
You may provide a definition with
\DeclareUnicodeCharacter 


c:/Users/Usuario/Desktop/FING/Proyecto Final/informe/main.tex:1455: LaTeX Error: Unicode character ─ (U+2500)
               not set up for use with LaTeX.

See the LaTeX manual or LaTeX Companion for explanation.
Type  H <return>  for immediate help.
 ...                                              
                                                  
l.1455 \end{verbatim}
                     
You may provide a definition with
\DeclareUnicodeCharacter 


c:/Users/Usuario/Desktop/FING/Proyecto Final/informe/main.tex:1455: LaTeX Error: Unicode character │ (U+2502)
               not set up for use with LaTeX.

See the LaTeX manual or LaTeX Companion for explanation.
Type  H <return>  for immediate help.
 ...                                              
                                                  
l.1455 \end{verbatim}
                     
You may provide a definition with
\DeclareUnicodeCharacter 


c:/Users/Usuario/Desktop/FING/Proyecto Final/informe/main.tex:1455: LaTeX Error: Unicode character ├ (U+251C)
               not set up for use with LaTeX.

See the LaTeX manual or LaTeX Companion for explanation.
Type  H <return>  for immediate help.
 ...                                              
                                                  
l.1455 \end{verbatim}
                     
You may provide a definition with
\DeclareUnicodeCharacter 


c:/Users/Usuario/Desktop/FING/Proyecto Final/informe/main.tex:1455: LaTeX Error: Unicode character ─ (U+2500)
               not set up for use with LaTeX.

See the LaTeX manual or LaTeX Companion for explanation.
Type  H <return>  for immediate help.
 ...                                              
                                                  
l.1455 \end{verbatim}
                     
You may provide a definition with
\DeclareUnicodeCharacter 


c:/Users/Usuario/Desktop/FING/Proyecto Final/informe/main.tex:1455: LaTeX Error: Unicode character ─ (U+2500)
               not set up for use with LaTeX.

See the LaTeX manual or LaTeX Companion for explanation.
Type  H <return>  for immediate help.
 ...                                              
                                                  
l.1455 \end{verbatim}
                     
You may provide a definition with
\DeclareUnicodeCharacter 


c:/Users/Usuario/Desktop/FING/Proyecto Final/informe/main.tex:1455: LaTeX Error: Unicode character │ (U+2502)
               not set up for use with LaTeX.

See the LaTeX manual or LaTeX Companion for explanation.
Type  H <return>  for immediate help.
 ...                                              
                                                  
l.1455 \end{verbatim}
                     
You may provide a definition with
\DeclareUnicodeCharacter 


c:/Users/Usuario/Desktop/FING/Proyecto Final/informe/main.tex:1455: LaTeX Error: Unicode character └ (U+2514)
               not set up for use with LaTeX.

See the LaTeX manual or LaTeX Companion for explanation.
Type  H <return>  for immediate help.
 ...                                              
                                                  
l.1455 \end{verbatim}
                     
You may provide a definition with
\DeclareUnicodeCharacter 


c:/Users/Usuario/Desktop/FING/Proyecto Final/informe/main.tex:1455: LaTeX Error: Unicode character ─ (U+2500)
               not set up for use with LaTeX.

See the LaTeX manual or LaTeX Companion for explanation.
Type  H <return>  for immediate help.
 ...                                              
                                                  
l.1455 \end{verbatim}
                     
You may provide a definition with
\DeclareUnicodeCharacter 


c:/Users/Usuario/Desktop/FING/Proyecto Final/informe/main.tex:1455: LaTeX Error: Unicode character ─ (U+2500)
               not set up for use with LaTeX.

See the LaTeX manual or LaTeX Companion for explanation.
Type  H <return>  for immediate help.
 ...                                              
                                                  
l.1455 \end{verbatim}
                     
You may provide a definition with
\DeclareUnicodeCharacter 


c:/Users/Usuario/Desktop/FING/Proyecto Final/informe/main.tex:1455: LaTeX Error: Unicode character ├ (U+251C)
               not set up for use with LaTeX.

See the LaTeX manual or LaTeX Companion for explanation.
Type  H <return>  for immediate help.
 ...                                              
                                                  
l.1455 \end{verbatim}
                     
You may provide a definition with
\DeclareUnicodeCharacter 


c:/Users/Usuario/Desktop/FING/Proyecto Final/informe/main.tex:1455: LaTeX Error: Unicode character ─ (U+2500)
               not set up for use with LaTeX.

See the LaTeX manual or LaTeX Companion for explanation.
Type  H <return>  for immediate help.
 ...                                              
                                                  
l.1455 \end{verbatim}
                     
You may provide a definition with
\DeclareUnicodeCharacter 


c:/Users/Usuario/Desktop/FING/Proyecto Final/informe/main.tex:1455: LaTeX Error: Unicode character ─ (U+2500)
               not set up for use with LaTeX.

See the LaTeX manual or LaTeX Companion for explanation.
Type  H <return>  for immediate help.
 ...                                              
                                                  
l.1455 \end{verbatim}
                     
You may provide a definition with
\DeclareUnicodeCharacter 


c:/Users/Usuario/Desktop/FING/Proyecto Final/informe/main.tex:1455: LaTeX Error: Unicode character │ (U+2502)
               not set up for use with LaTeX.

See the LaTeX manual or LaTeX Companion for explanation.
Type  H <return>  for immediate help.
 ...                                              
                                                  
l.1455 \end{verbatim}
                     
You may provide a definition with
\DeclareUnicodeCharacter 


c:/Users/Usuario/Desktop/FING/Proyecto Final/informe/main.tex:1455: LaTeX Error: Unicode character ├ (U+251C)
               not set up for use with LaTeX.

See the LaTeX manual or LaTeX Companion for explanation.
Type  H <return>  for immediate help.
 ...                                              
                                                  
l.1455 \end{verbatim}
                     
You may provide a definition with
\DeclareUnicodeCharacter 


c:/Users/Usuario/Desktop/FING/Proyecto Final/informe/main.tex:1455: LaTeX Error: Unicode character ─ (U+2500)
               not set up for use with LaTeX.

See the LaTeX manual or LaTeX Companion for explanation.
Type  H <return>  for immediate help.
 ...                                              
                                                  
l.1455 \end{verbatim}
                     
You may provide a definition with
\DeclareUnicodeCharacter 


c:/Users/Usuario/Desktop/FING/Proyecto Final/informe/main.tex:1455: LaTeX Error: Unicode character ─ (U+2500)
               not set up for use with LaTeX.

See the LaTeX manual or LaTeX Companion for explanation.
Type  H <return>  for immediate help.
 ...                                              
                                                  
l.1455 \end{verbatim}
                     
You may provide a definition with
\DeclareUnicodeCharacter 


c:/Users/Usuario/Desktop/FING/Proyecto Final/informe/main.tex:1455: LaTeX Error: Unicode character │ (U+2502)
               not set up for use with LaTeX.

See the LaTeX manual or LaTeX Companion for explanation.
Type  H <return>  for immediate help.
 ...                                              
                                                  
l.1455 \end{verbatim}
                     
You may provide a definition with
\DeclareUnicodeCharacter 


c:/Users/Usuario/Desktop/FING/Proyecto Final/informe/main.tex:1455: LaTeX Error: Unicode character ├ (U+251C)
               not set up for use with LaTeX.

See the LaTeX manual or LaTeX Companion for explanation.
Type  H <return>  for immediate help.
 ...                                              
                                                  
l.1455 \end{verbatim}
                     
You may provide a definition with
\DeclareUnicodeCharacter 


c:/Users/Usuario/Desktop/FING/Proyecto Final/informe/main.tex:1455: LaTeX Error: Unicode character ─ (U+2500)
               not set up for use with LaTeX.

See the LaTeX manual or LaTeX Companion for explanation.
Type  H <return>  for immediate help.
 ...                                              
                                                  
l.1455 \end{verbatim}
                     
You may provide a definition with
\DeclareUnicodeCharacter 


c:/Users/Usuario/Desktop/FING/Proyecto Final/informe/main.tex:1455: LaTeX Error: Unicode character ─ (U+2500)
               not set up for use with LaTeX.

See the LaTeX manual or LaTeX Companion for explanation.
Type  H <return>  for immediate help.
 ...                                              
                                                  
l.1455 \end{verbatim}
                     
You may provide a definition with
\DeclareUnicodeCharacter 


c:/Users/Usuario/Desktop/FING/Proyecto Final/informe/main.tex:1455: LaTeX Error: Unicode character │ (U+2502)
               not set up for use with LaTeX.

See the LaTeX manual or LaTeX Companion for explanation.
Type  H <return>  for immediate help.
 ...                                              
                                                  
l.1455 \end{verbatim}
                     
You may provide a definition with
\DeclareUnicodeCharacter 


c:/Users/Usuario/Desktop/FING/Proyecto Final/informe/main.tex:1455: LaTeX Error: Unicode character ├ (U+251C)
               not set up for use with LaTeX.

See the LaTeX manual or LaTeX Companion for explanation.
Type  H <return>  for immediate help.
 ...                                              
                                                  
l.1455 \end{verbatim}
                     
You may provide a definition with
\DeclareUnicodeCharacter 


c:/Users/Usuario/Desktop/FING/Proyecto Final/informe/main.tex:1455: LaTeX Error: Unicode character ─ (U+2500)
               not set up for use with LaTeX.

See the LaTeX manual or LaTeX Companion for explanation.
Type  H <return>  for immediate help.
 ...                                              
                                                  
l.1455 \end{verbatim}
                     
You may provide a definition with
\DeclareUnicodeCharacter 


c:/Users/Usuario/Desktop/FING/Proyecto Final/informe/main.tex:1455: LaTeX Error: Unicode character ─ (U+2500)
               not set up for use with LaTeX.

See the LaTeX manual or LaTeX Companion for explanation.
Type  H <return>  for immediate help.
 ...                                              
                                                  
l.1455 \end{verbatim}
                     
You may provide a definition with
\DeclareUnicodeCharacter 


c:/Users/Usuario/Desktop/FING/Proyecto Final/informe/main.tex:1455: LaTeX Error: Unicode character │ (U+2502)
               not set up for use with LaTeX.

See the LaTeX manual or LaTeX Companion for explanation.
Type  H <return>  for immediate help.
 ...                                              
                                                  
l.1455 \end{verbatim}
                     
You may provide a definition with
\DeclareUnicodeCharacter 


c:/Users/Usuario/Desktop/FING/Proyecto Final/informe/main.tex:1455: LaTeX Error: Unicode character └ (U+2514)
               not set up for use with LaTeX.

See the LaTeX manual or LaTeX Companion for explanation.
Type  H <return>  for immediate help.
 ...                                              
                                                  
l.1455 \end{verbatim}
                     
You may provide a definition with
\DeclareUnicodeCharacter 


c:/Users/Usuario/Desktop/FING/Proyecto Final/informe/main.tex:1455: LaTeX Error: Unicode character ─ (U+2500)
               not set up for use with LaTeX.

See the LaTeX manual or LaTeX Companion for explanation.
Type  H <return>  for immediate help.
 ...                                              
                                                  
l.1455 \end{verbatim}
                     
You may provide a definition with
\DeclareUnicodeCharacter 


c:/Users/Usuario/Desktop/FING/Proyecto Final/informe/main.tex:1455: LaTeX Error: Unicode character ─ (U+2500)
               not set up for use with LaTeX.

See the LaTeX manual or LaTeX Companion for explanation.
Type  H <return>  for immediate help.
 ...                                              
                                                  
l.1455 \end{verbatim}
                     
You may provide a definition with
\DeclareUnicodeCharacter 


c:/Users/Usuario/Desktop/FING/Proyecto Final/informe/main.tex:1455: LaTeX Error: Unicode character ├ (U+251C)
               not set up for use with LaTeX.

See the LaTeX manual or LaTeX Companion for explanation.
Type  H <return>  for immediate help.
 ...                                              
                                                  
l.1455 \end{verbatim}
                     
You may provide a definition with
\DeclareUnicodeCharacter 


c:/Users/Usuario/Desktop/FING/Proyecto Final/informe/main.tex:1455: LaTeX Error: Unicode character ─ (U+2500)
               not set up for use with LaTeX.

See the LaTeX manual or LaTeX Companion for explanation.
Type  H <return>  for immediate help.
 ...                                              
                                                  
l.1455 \end{verbatim}
                     
You may provide a definition with
\DeclareUnicodeCharacter 


c:/Users/Usuario/Desktop/FING/Proyecto Final/informe/main.tex:1455: LaTeX Error: Unicode character ─ (U+2500)
               not set up for use with LaTeX.

See the LaTeX manual or LaTeX Companion for explanation.
Type  H <return>  for immediate help.
 ...                                              
                                                  
l.1455 \end{verbatim}
                     
You may provide a definition with
\DeclareUnicodeCharacter 


c:/Users/Usuario/Desktop/FING/Proyecto Final/informe/main.tex:1455: LaTeX Error: Unicode character │ (U+2502)
               not set up for use with LaTeX.

See the LaTeX manual or LaTeX Companion for explanation.
Type  H <return>  for immediate help.
 ...                                              
                                                  
l.1455 \end{verbatim}
                     
You may provide a definition with
\DeclareUnicodeCharacter 


c:/Users/Usuario/Desktop/FING/Proyecto Final/informe/main.tex:1455: LaTeX Error: Unicode character ├ (U+251C)
               not set up for use with LaTeX.

See the LaTeX manual or LaTeX Companion for explanation.
Type  H <return>  for immediate help.
 ...                                              
                                                  
l.1455 \end{verbatim}
                     
You may provide a definition with
\DeclareUnicodeCharacter 


c:/Users/Usuario/Desktop/FING/Proyecto Final/informe/main.tex:1455: LaTeX Error: Unicode character ─ (U+2500)
               not set up for use with LaTeX.

See the LaTeX manual or LaTeX Companion for explanation.
Type  H <return>  for immediate help.
 ...                                              
                                                  
l.1455 \end{verbatim}
                     
You may provide a definition with
\DeclareUnicodeCharacter 


c:/Users/Usuario/Desktop/FING/Proyecto Final/informe/main.tex:1455: LaTeX Error: Unicode character ─ (U+2500)
               not set up for use with LaTeX.

See the LaTeX manual or LaTeX Companion for explanation.
Type  H <return>  for immediate help.
 ...                                              
                                                  
l.1455 \end{verbatim}
                     
You may provide a definition with
\DeclareUnicodeCharacter 


c:/Users/Usuario/Desktop/FING/Proyecto Final/informe/main.tex:1455: LaTeX Error: Unicode character │ (U+2502)
               not set up for use with LaTeX.

See the LaTeX manual or LaTeX Companion for explanation.
Type  H <return>  for immediate help.
 ...                                              
                                                  
l.1455 \end{verbatim}
                     
You may provide a definition with
\DeclareUnicodeCharacter 


c:/Users/Usuario/Desktop/FING/Proyecto Final/informe/main.tex:1455: LaTeX Error: Unicode character ├ (U+251C)
               not set up for use with LaTeX.

See the LaTeX manual or LaTeX Companion for explanation.
Type  H <return>  for immediate help.
 ...                                              
                                                  
l.1455 \end{verbatim}
                     
You may provide a definition with
\DeclareUnicodeCharacter 


c:/Users/Usuario/Desktop/FING/Proyecto Final/informe/main.tex:1455: LaTeX Error: Unicode character ─ (U+2500)
               not set up for use with LaTeX.

See the LaTeX manual or LaTeX Companion for explanation.
Type  H <return>  for immediate help.
 ...                                              
                                                  
l.1455 \end{verbatim}
                     
You may provide a definition with
\DeclareUnicodeCharacter 


c:/Users/Usuario/Desktop/FING/Proyecto Final/informe/main.tex:1455: LaTeX Error: Unicode character ─ (U+2500)
               not set up for use with LaTeX.

See the LaTeX manual or LaTeX Companion for explanation.
Type  H <return>  for immediate help.
 ...                                              
                                                  
l.1455 \end{verbatim}
                     
You may provide a definition with
\DeclareUnicodeCharacter 


c:/Users/Usuario/Desktop/FING/Proyecto Final/informe/main.tex:1455: LaTeX Error: Unicode character │ (U+2502)
               not set up for use with LaTeX.

See the LaTeX manual or LaTeX Companion for explanation.
Type  H <return>  for immediate help.
 ...                                              
                                                  
l.1455 \end{verbatim}
                     
You may provide a definition with
\DeclareUnicodeCharacter 


c:/Users/Usuario/Desktop/FING/Proyecto Final/informe/main.tex:1455: LaTeX Error: Unicode character ├ (U+251C)
               not set up for use with LaTeX.

See the LaTeX manual or LaTeX Companion for explanation.
Type  H <return>  for immediate help.
 ...                                              
                                                  
l.1455 \end{verbatim}
                     
You may provide a definition with
\DeclareUnicodeCharacter 


c:/Users/Usuario/Desktop/FING/Proyecto Final/informe/main.tex:1455: LaTeX Error: Unicode character ─ (U+2500)
               not set up for use with LaTeX.

See the LaTeX manual or LaTeX Companion for explanation.
Type  H <return>  for immediate help.
 ...                                              
                                                  
l.1455 \end{verbatim}
                     
You may provide a definition with
\DeclareUnicodeCharacter 


c:/Users/Usuario/Desktop/FING/Proyecto Final/informe/main.tex:1455: LaTeX Error: Unicode character ─ (U+2500)
               not set up for use with LaTeX.

See the LaTeX manual or LaTeX Companion for explanation.
Type  H <return>  for immediate help.
 ...                                              
                                                  
l.1455 \end{verbatim}
                     
You may provide a definition with
\DeclareUnicodeCharacter 


c:/Users/Usuario/Desktop/FING/Proyecto Final/informe/main.tex:1455: LaTeX Error: Unicode character │ (U+2502)
               not set up for use with LaTeX.

See the LaTeX manual or LaTeX Companion for explanation.
Type  H <return>  for immediate help.
 ...                                              
                                                  
l.1455 \end{verbatim}
                     
You may provide a definition with
\DeclareUnicodeCharacter 


c:/Users/Usuario/Desktop/FING/Proyecto Final/informe/main.tex:1455: LaTeX Error: Unicode character └ (U+2514)
               not set up for use with LaTeX.

See the LaTeX manual or LaTeX Companion for explanation.
Type  H <return>  for immediate help.
 ...                                              
                                                  
l.1455 \end{verbatim}
                     
You may provide a definition with
\DeclareUnicodeCharacter 


c:/Users/Usuario/Desktop/FING/Proyecto Final/informe/main.tex:1455: LaTeX Error: Unicode character ─ (U+2500)
               not set up for use with LaTeX.

See the LaTeX manual or LaTeX Companion for explanation.
Type  H <return>  for immediate help.
 ...                                              
                                                  
l.1455 \end{verbatim}
                     
You may provide a definition with
\DeclareUnicodeCharacter 


c:/Users/Usuario/Desktop/FING/Proyecto Final/informe/main.tex:1455: LaTeX Error: Unicode character ─ (U+2500)
               not set up for use with LaTeX.

See the LaTeX manual or LaTeX Companion for explanation.
Type  H <return>  for immediate help.
 ...                                              
                                                  
l.1455 \end{verbatim}
                     
You may provide a definition with
\DeclareUnicodeCharacter 


c:/Users/Usuario/Desktop/FING/Proyecto Final/informe/main.tex:1455: LaTeX Error: Unicode character └ (U+2514)
               not set up for use with LaTeX.

See the LaTeX manual or LaTeX Companion for explanation.
Type  H <return>  for immediate help.
 ...                                              
                                                  
l.1455 \end{verbatim}
                     
You may provide a definition with
\DeclareUnicodeCharacter 


c:/Users/Usuario/Desktop/FING/Proyecto Final/informe/main.tex:1455: LaTeX Error: Unicode character ─ (U+2500)
               not set up for use with LaTeX.

See the LaTeX manual or LaTeX Companion for explanation.
Type  H <return>  for immediate help.
 ...                                              
                                                  
l.1455 \end{verbatim}
                     
You may provide a definition with
\DeclareUnicodeCharacter 


c:/Users/Usuario/Desktop/FING/Proyecto Final/informe/main.tex:1455: LaTeX Error: Unicode character ─ (U+2500)
               not set up for use with LaTeX.

See the LaTeX manual or LaTeX Companion for explanation.
Type  H <return>  for immediate help.
 ...                                              
                                                  
l.1455 \end{verbatim}
                     
You may provide a definition with
\DeclareUnicodeCharacter 


LaTeX Warning: File `DIAGRAMA_MODULOS.png' not found on input line 1462.


c:/Users/Usuario/Desktop/FING/Proyecto Final/informe/main.tex:1462: Package pdftex.def Error: File `DIAGRAMA_MODULOS.png' not found: using draft setting.

See the pdftex.def package documentation for explanation.
Type  H <return>  for immediate help.
 ...                                              
                                                  
l.1462 ...th=0.85\linewidth]{DIAGRAMA_MODULOS.png}
                                                  
Try typing  <return>  to proceed.
If that doesn't work, type  X <return>  to quit.

[39]
LaTeX Font Info:    Font shape `OT1/cmtt/bx/n' in size <12> not available
(Font)              Font shape `OT1/cmtt/m/n' tried instead on input line 1470.
Package hyperref Info: bookmark level for unknown lstlisting defaults to 0 on input line 1473.
 (../matlab/main.m

../matlab/main.m:3: LaTeX Error: Command \textquotedbl unavailable in encoding OT1.

See the LaTeX manual or LaTeX Companion for explanation.
Type  H <return>  for immediate help.
 ...                                              
                                                  
l.3 addpath("./t
                hird_party/common");
Your command was ignored.
Type  I <command> <return>  to replace it with another command,
or  <return>  to continue without it.


../matlab/main.m:3: LaTeX Error: Command \textquotedbl unavailable in encoding OT1.

See the LaTeX manual or LaTeX Companion for explanation.
Type  H <return>  for immediate help.
 ...                                              
                                                  
l.3 addpath("./third_party/common")
                                   ;
Your command was ignored.
Type  I <command> <return>  to replace it with another command,
or  <return>  to continue without it.


../matlab/main.m:4: LaTeX Error: Command \textquotedbl unavailable in encoding OT1.

See the LaTeX manual or LaTeX Companion for explanation.
Type  H <return>  for immediate help.
 ...                                              
                                                  
l.4 addpath("./t
                hird_party/rtb");
Your command was ignored.
Type  I <command> <return>  to replace it with another command,
or  <return>  to continue without it.


../matlab/main.m:4: LaTeX Error: Command \textquotedbl unavailable in encoding OT1.

See the LaTeX manual or LaTeX Companion for explanation.
Type  H <return>  for immediate help.
 ...                                              
                                                  
l.4 addpath("./third_party/rtb")
                                ;
Your command was ignored.
Type  I <command> <return>  to replace it with another command,
or  <return>  to continue without it.


../matlab/main.m:5: LaTeX Error: Command \textquotedbl unavailable in encoding OT1.

See the LaTeX manual or LaTeX Companion for explanation.
Type  H <return>  for immediate help.
 ...                                              
                                                  
l.5 addpath("./t
                hird_party/smtb");
Your command was ignored.
Type  I <command> <return>  to replace it with another command,
or  <return>  to continue without it.


../matlab/main.m:5: LaTeX Error: Command \textquotedbl unavailable in encoding OT1.

See the LaTeX manual or LaTeX Companion for explanation.
Type  H <return>  for immediate help.
 ...                                              
                                                  
l.5 addpath("./third_party/smtb")
                                 ;
Your command was ignored.
Type  I <command> <return>  to replace it with another command,
or  <return>  to continue without it.


../matlab/main.m:6: LaTeX Error: Command \textquotedbl unavailable in encoding OT1.

See the LaTeX manual or LaTeX Companion for explanation.
Type  H <return>  for immediate help.
 ...                                              
                                                  
l.6 addpath("./m
                odels");
Your command was ignored.
Type  I <command> <return>  to replace it with another command,
or  <return>  to continue without it.


../matlab/main.m:6: LaTeX Error: Command \textquotedbl unavailable in encoding OT1.

See the LaTeX manual or LaTeX Companion for explanation.
Type  H <return>  for immediate help.
 ...                                              
                                                  
l.6 addpath("./models")
                       ;
Your command was ignored.
Type  I <command> <return>  to replace it with another command,
or  <return>  to continue without it.


../matlab/main.m:7: LaTeX Error: Command \textquotedbl unavailable in encoding OT1.

See the LaTeX manual or LaTeX Companion for explanation.
Type  H <return>  for immediate help.
 ...                                              
                                                  
l.7 addpath("./m
                odules");
Your command was ignored.
Type  I <command> <return>  to replace it with another command,
or  <return>  to continue without it.


../matlab/main.m:7: LaTeX Error: Command \textquotedbl unavailable in encoding OT1.

See the LaTeX manual or LaTeX Companion for explanation.
Type  H <return>  for immediate help.
 ...                                              
                                                  
l.7 addpath("./modules")
                        ;
Your command was ignored.
Type  I <command> <return>  to replace it with another command,
or  <return>  to continue without it.


../matlab/main.m:8: LaTeX Error: Command \textquotedbl unavailable in encoding OT1.

See the LaTeX manual or LaTeX Companion for explanation.
Type  H <return>  for immediate help.
 ...                                              
                                                  
l.8 addpath("./t
                ests");
Your command was ignored.
Type  I <command> <return>  to replace it with another command,
or  <return>  to continue without it.


../matlab/main.m:8: LaTeX Error: Command \textquotedbl unavailable in encoding OT1.

See the LaTeX manual or LaTeX Companion for explanation.
Type  H <return>  for immediate help.
 ...                                              
                                                  
l.8 addpath("./tests")
                      ;
Your command was ignored.
Type  I <command> <return>  to replace it with another command,
or  <return>  to continue without it.


../matlab/main.m:9: LaTeX Error: Command \textquotedbl unavailable in encoding OT1.

See the LaTeX manual or LaTeX Companion for explanation.
Type  H <return>  for immediate help.
 ...                                              
                                                  
l.9 addpath("./v
                isualization");
Your command was ignored.
Type  I <command> <return>  to replace it with another command,
or  <return>  to continue without it.


../matlab/main.m:9: LaTeX Error: Command \textquotedbl unavailable in encoding OT1.

See the LaTeX manual or LaTeX Companion for explanation.
Type  H <return>  for immediate help.
 ...                                              
                                                  
l.9 addpath("./visualization")
                              ;
Your command was ignored.
Type  I <command> <return>  to replace it with another command,
or  <return>  to continue without it.

LaTeX Font Info:    Font shape `OT1/cmtt/bx/n' in size <9> not available
(Font)              Font shape `OT1/cmtt/m/n' tried instead on input line 11.
[40]

../matlab/main.m:24: LaTeX Error: Command \textquotedbl unavailable in encoding OT1.

See the LaTeX manual or LaTeX Companion for explanation.
Type  H <return>  for immediate help.
 ...                                              
                                                  
l.24 disp("== 
              INICIANDO PROGRAMA ==");
Your command was ignored.
Type  I <command> <return>  to replace it with another command,
or  <return>  to continue without it.


../matlab/main.m:24: LaTeX Error: Command \textquotedbl unavailable in encoding OT1.

See the LaTeX manual or LaTeX Companion for explanation.
Type  H <return>  for immediate help.
 ...                                              
                                                  
l.24 disp("== INICIANDO PROGRAMA ==")
                                     ;
Your command was ignored.
Type  I <command> <return>  to replace it with another command,
or  <return>  to continue without it.

) (../matlab/flags.m

../matlab/flags.m:4: LaTeX Error: Invalid UTF-8 byte sequence (�\expandafter).

See the LaTeX manual or LaTeX Companion for explanation.
Type  H <return>  for immediate help.
 ...                                              
                                                  
l.4 ...Imprime soluciones obtenidas, geométricas 
                                                  y periódicas.
The document does not appear to be in UTF-8 encoding.
Try adding \UseRawInputEncoding as the first line of the file
or specify an encoding such as \usepackage [latin1]{inputenc}
in the document preamble.
Alternatively, save the file in UTF-8 using your editor or another tool


../matlab/flags.m:4: LaTeX Error: Invalid UTF-8 byte "A9.

See the LaTeX manual or LaTeX Companion for explanation.
Type  H <return>  for immediate help.
 ...                                              
                                                  
l.4 ...Imprime soluciones obtenidas, geométricas 
                                                  y periódicas.
The document does not appear to be in UTF-8 encoding.
Try adding \UseRawInputEncoding as the first line of the file
or specify an encoding such as \usepackage [latin1]{inputenc}
in the document preamble.
Alternatively, save the file in UTF-8 using your editor or another tool


../matlab/flags.m:4: LaTeX Error: Invalid UTF-8 byte sequence (�\expandafter).

See the LaTeX manual or LaTeX Companion for explanation.
Type  H <return>  for immediate help.
 ...                                              
                                                  
l.4 ...ones obtenidas, geométricas y periódicas.
                                                  
The document does not appear to be in UTF-8 encoding.
Try adding \UseRawInputEncoding as the first line of the file
or specify an encoding such as \usepackage [latin1]{inputenc}
in the document preamble.
Alternatively, save the file in UTF-8 using your editor or another tool


../matlab/flags.m:4: LaTeX Error: Invalid UTF-8 byte "B3.

See the LaTeX manual or LaTeX Companion for explanation.
Type  H <return>  for immediate help.
 ...                                              
                                                  
l.4 ...ones obtenidas, geométricas y periódicas.
                                                  
The document does not appear to be in UTF-8 encoding.
Try adding \UseRawInputEncoding as the first line of the file
or specify an encoding such as \usepackage [latin1]{inputenc}
in the document preamble.
Alternatively, save the file in UTF-8 using your editor or another tool


../matlab/flags.m:7: LaTeX Error: Invalid UTF-8 byte sequence (�\expandafter).

See the LaTeX manual or LaTeX Companion for explanation.
Type  H <return>  for immediate help.
 ...                                              
                                                  
l.7 ...AJ = 1; % Prueba ejemplo de la generación 
                                                  de trayectorias
The document does not appear to be in UTF-8 encoding.
Try adding \UseRawInputEncoding as the first line of the file
or specify an encoding such as \usepackage [latin1]{inputenc}
in the document preamble.
Alternatively, save the file in UTF-8 using your editor or another tool


../matlab/flags.m:7: LaTeX Error: Invalid UTF-8 byte "B3.

See the LaTeX manual or LaTeX Companion for explanation.
Type  H <return>  for immediate help.
 ...                                              
                                                  
l.7 ...AJ = 1; % Prueba ejemplo de la generación 
                                                  de trayectorias
The document does not appear to be in UTF-8 encoding.
Try adding \UseRawInputEncoding as the first line of the file
or specify an encoding such as \usepackage [latin1]{inputenc}
in the document preamble.
Alternatively, save the file in UTF-8 using your editor or another tool


../matlab/flags.m:9: LaTeX Error: Invalid UTF-8 byte sequence (�\expandafter).

See the LaTeX manual or LaTeX Companion for explanation.
Type  H <return>  for immediate help.
 ...                                              
                                                  
l.9 IK_COMPARISON = 0; % Visualización 
                                        de periodicidad articular de solucio...
The document does not appear to be in UTF-8 encoding.
Try adding \UseRawInputEncoding as the first line of the file
or specify an encoding such as \usepackage [latin1]{inputenc}
in the document preamble.
Alternatively, save the file in UTF-8 using your editor or another tool


../matlab/flags.m:9: LaTeX Error: Invalid UTF-8 byte "B3.

See the LaTeX manual or LaTeX Companion for explanation.
Type  H <return>  for immediate help.
 ...                                              
                                                  
l.9 IK_COMPARISON = 0; % Visualización 
                                        de periodicidad articular de solucio...
The document does not appear to be in UTF-8 encoding.
Try adding \UseRawInputEncoding as the first line of the file
or specify an encoding such as \usepackage [latin1]{inputenc}
in the document preamble.
Alternatively, save the file in UTF-8 using your editor or another tool


../matlab/flags.m:12: LaTeX Error: Invalid UTF-8 byte sequence (�\expandafter).

See the LaTeX manual or LaTeX Companion for explanation.
Type  H <return>  for immediate help.
 ...                                              
                                                  
l.12 CAD_DESIGN = 1; % Diseño 
                               3D: 1 = models/CAD  |  2 = models/CAD2
The document does not appear to be in UTF-8 encoding.
Try adding \UseRawInputEncoding as the first line of the file
or specify an encoding such as \usepackage [latin1]{inputenc}
in the document preamble.
Alternatively, save the file in UTF-8 using your editor or another tool


../matlab/flags.m:12: LaTeX Error: Invalid UTF-8 byte "B1.

See the LaTeX manual or LaTeX Companion for explanation.
Type  H <return>  for immediate help.
 ...                                              
                                                  
l.12 CAD_DESIGN = 1; % Diseño 
                               3D: 1 = models/CAD  |  2 = models/CAD2
The document does not appear to be in UTF-8 encoding.
Try adding \UseRawInputEncoding as the first line of the file
or specify an encoding such as \usepackage [latin1]{inputenc}
in the document preamble.
Alternatively, save the file in UTF-8 using your editor or another tool

) [41] (../matlab/config.m

../matlab/config.m:3: LaTeX Error: Invalid UTF-8 byte sequence (�\expandafter).

See the LaTeX manual or LaTeX Companion for explanation.
Type  H <return>  for immediate help.
 ...                                              
                                                  
l.3 % Cálculo 
               de trayectorias
The document does not appear to be in UTF-8 encoding.
Try adding \UseRawInputEncoding as the first line of the file
or specify an encoding such as \usepackage [latin1]{inputenc}
in the document preamble.
Alternatively, save the file in UTF-8 using your editor or another tool


../matlab/config.m:3: LaTeX Error: Invalid UTF-8 byte "A1.

See the LaTeX manual or LaTeX Companion for explanation.
Type  H <return>  for immediate help.
 ...                                              
                                                  
l.3 % Cálculo 
               de trayectorias
The document does not appear to be in UTF-8 encoding.
Try adding \UseRawInputEncoding as the first line of the file
or specify an encoding such as \usepackage [latin1]{inputenc}
in the document preamble.
Alternatively, save the file in UTF-8 using your editor or another tool


../matlab/config.m:10: LaTeX Error: Invalid UTF-8 byte sequence (�\expandafter).

See the LaTeX manual or LaTeX Companion for explanation.
Type  H <return>  for immediate help.
 ...                                              
                                                  
l.10 % Visualización 
                      y animaciones
The document does not appear to be in UTF-8 encoding.
Try adding \UseRawInputEncoding as the first line of the file
or specify an encoding such as \usepackage [latin1]{inputenc}
in the document preamble.
Alternatively, save the file in UTF-8 using your editor or another tool


../matlab/config.m:10: LaTeX Error: Invalid UTF-8 byte "B3.

See the LaTeX manual or LaTeX Companion for explanation.
Type  H <return>  for immediate help.
 ...                                              
                                                  
l.10 % Visualización 
                      y animaciones
The document does not appear to be in UTF-8 encoding.
Try adding \UseRawInputEncoding as the first line of the file
or specify an encoding such as \usepackage [latin1]{inputenc}
in the document preamble.
Alternatively, save the file in UTF-8 using your editor or another tool


../matlab/config.m:15: LaTeX Error: Invalid UTF-8 byte sequence (�\expandafter).

See the LaTeX manual or LaTeX Companion for explanation.
Type  H <return>  for immediate help.
 ...                                              
                                                  
l.15 % Otros parámetros 
                         del robot
The document does not appear to be in UTF-8 encoding.
Try adding \UseRawInputEncoding as the first line of the file
or specify an encoding such as \usepackage [latin1]{inputenc}
in the document preamble.
Alternatively, save the file in UTF-8 using your editor or another tool


../matlab/config.m:15: LaTeX Error: Invalid UTF-8 byte "A1.

See the LaTeX manual or LaTeX Companion for explanation.
Type  H <return>  for immediate help.
 ...                                              
                                                  
l.15 % Otros parámetros 
                         del robot
The document does not appear to be in UTF-8 encoding.
Try adding \UseRawInputEncoding as the first line of the file
or specify an encoding such as \usepackage [latin1]{inputenc}
in the document preamble.
Alternatively, save the file in UTF-8 using your editor or another tool

) (../matlab/models/robot_1.m

../matlab/models/robot_1.m:8: LaTeX Error: Invalid UTF-8 byte sequence (�\expandafter).

See the LaTeX manual or LaTeX Companion for explanation.
Type  H <return>  for immediate help.
 ...                                              
                                                  
l.8 ...ia origen sistema 5 a punto de colocación 
                                                  de la tool
The document does not appear to be in UTF-8 encoding.
Try adding \UseRawInputEncoding as the first line of the file
or specify an encoding such as \usepackage [latin1]{inputenc}
in the document preamble.
Alternatively, save the file in UTF-8 using your editor or another tool


../matlab/models/robot_1.m:8: LaTeX Error: Invalid UTF-8 byte "B3.

See the LaTeX manual or LaTeX Companion for explanation.
Type  H <return>  for immediate help.
 ...                                              
                                                  
l.8 ...ia origen sistema 5 a punto de colocación 
                                                  de la tool
The document does not appear to be in UTF-8 encoding.
Try adding \UseRawInputEncoding as the first line of the file
or specify an encoding such as \usepackage [latin1]{inputenc}
in the document preamble.
Alternatively, save the file in UTF-8 using your editor or another tool

[42]

../matlab/models/robot_1.m:31: LaTeX Error: Invalid UTF-8 byte sequence (�\expandafter).

See the LaTeX manual or LaTeX Companion for explanation.
Type  H <return>  for immediate help.
 ...                                              
                                                  
l.31 ...i pi pi pi pi pi]; % Velocidades máximas 
                                                  de cada articulación
The document does not appear to be in UTF-8 encoding.
Try adding \UseRawInputEncoding as the first line of the file
or specify an encoding such as \usepackage [latin1]{inputenc}
in the document preamble.
Alternatively, save the file in UTF-8 using your editor or another tool


../matlab/models/robot_1.m:31: LaTeX Error: Invalid UTF-8 byte "A1.

See the LaTeX manual or LaTeX Companion for explanation.
Type  H <return>  for immediate help.
 ...                                              
                                                  
l.31 ...i pi pi pi pi pi]; % Velocidades máximas 
                                                  de cada articulación
The document does not appear to be in UTF-8 encoding.
Try adding \UseRawInputEncoding as the first line of the file
or specify an encoding such as \usepackage [latin1]{inputenc}
in the document preamble.
Alternatively, save the file in UTF-8 using your editor or another tool


../matlab/models/robot_1.m:31: LaTeX Error: Invalid UTF-8 byte sequence (�\expandafter).

See the LaTeX manual or LaTeX Companion for explanation.
Type  H <return>  for immediate help.
 ...                                              
                                                  
l.31 ...Velocidades máximas de cada articulación
                                                  
The document does not appear to be in UTF-8 encoding.
Try adding \UseRawInputEncoding as the first line of the file
or specify an encoding such as \usepackage [latin1]{inputenc}
in the document preamble.
Alternatively, save the file in UTF-8 using your editor or another tool


../matlab/models/robot_1.m:31: LaTeX Error: Invalid UTF-8 byte "B3.

See the LaTeX manual or LaTeX Companion for explanation.
Type  H <return>  for immediate help.
 ...                                              
                                                  
l.31 ...Velocidades máximas de cada articulación
                                                  
The document does not appear to be in UTF-8 encoding.
Try adding \UseRawInputEncoding as the first line of the file
or specify an encoding such as \usepackage [latin1]{inputenc}
in the document preamble.
Alternatively, save the file in UTF-8 using your editor or another tool


../matlab/models/robot_1.m:73: LaTeX Error: Invalid UTF-8 byte sequence (�\expandafter).

See the LaTeX manual or LaTeX Companion for explanation.
Type  H <return>  for immediate help.
 ...                                              
                                                  
l.73 % campos([2 2 1.5])     % posición 
                                         de la cámara
The document does not appear to be in UTF-8 encoding.
Try adding \UseRawInputEncoding as the first line of the file
or specify an encoding such as \usepackage [latin1]{inputenc}
in the document preamble.
Alternatively, save the file in UTF-8 using your editor or another tool


../matlab/models/robot_1.m:73: LaTeX Error: Invalid UTF-8 byte "B3.

See the LaTeX manual or LaTeX Companion for explanation.
Type  H <return>  for immediate help.
 ...                                              
                                                  
l.73 % campos([2 2 1.5])     % posición 
                                         de la cámara
The document does not appear to be in UTF-8 encoding.
Try adding \UseRawInputEncoding as the first line of the file
or specify an encoding such as \usepackage [latin1]{inputenc}
in the document preamble.
Alternatively, save the file in UTF-8 using your editor or another tool


../matlab/models/robot_1.m:73: LaTeX Error: Invalid UTF-8 byte sequence (�\expandafter).

See the LaTeX manual or LaTeX Companion for explanation.
Type  H <return>  for immediate help.
 ...                                              
                                                  
l.73 ...s([2 2 1.5])     % posición de la cámara
                                                  
The document does not appear to be in UTF-8 encoding.
Try adding \UseRawInputEncoding as the first line of the file
or specify an encoding such as \usepackage [latin1]{inputenc}
in the document preamble.
Alternatively, save the file in UTF-8 using your editor or another tool


../matlab/models/robot_1.m:73: LaTeX Error: Invalid UTF-8 byte "A1.

See the LaTeX manual or LaTeX Companion for explanation.
Type  H <return>  for immediate help.
 ...                                              
                                                  
l.73 ...s([2 2 1.5])     % posición de la cámara
                                                  
The document does not appear to be in UTF-8 encoding.
Try adding \UseRawInputEncoding as the first line of the file
or specify an encoding such as \usepackage [latin1]{inputenc}
in the document preamble.
Alternatively, save the file in UTF-8 using your editor or another tool


../matlab/models/robot_1.m:74: LaTeX Error: Invalid UTF-8 byte sequence (�\expandafter).

See the LaTeX manual or LaTeX Companion for explanation.
Type  H <return>  for immediate help.
 ...                                              
                                                  
l.74 % camtarget([0 0 0.5])  % hacia dónde 
                                            mira
The document does not appear to be in UTF-8 encoding.
Try adding \UseRawInputEncoding as the first line of the file
or specify an encoding such as \usepackage [latin1]{inputenc}
in the document preamble.
Alternatively, save the file in UTF-8 using your editor or another tool


../matlab/models/robot_1.m:74: LaTeX Error: Invalid UTF-8 byte "B3.

See the LaTeX manual or LaTeX Companion for explanation.
Type  H <return>  for immediate help.
 ...                                              
                                                  
l.74 % camtarget([0 0 0.5])  % hacia dónde 
                                            mira
The document does not appear to be in UTF-8 encoding.
Try adding \UseRawInputEncoding as the first line of the file
or specify an encoding such as \usepackage [latin1]{inputenc}
in the document preamble.
Alternatively, save the file in UTF-8 using your editor or another tool

) [43] (../matlab/modules/inv_kinematics.m

../matlab/modules/inv_kinematics.m:3: LaTeX Error: Invalid UTF-8 byte sequence (�\expandafter).

See the LaTeX manual or LaTeX Companion for explanation.
Type  H <return>  for immediate help.
 ...                                              
                                                  
l.3 ... < 10 % Valor por defecto de configuración
                                                  
The document does not appear to be in UTF-8 encoding.
Try adding \UseRawInputEncoding as the first line of the file
or specify an encoding such as \usepackage [latin1]{inputenc}
in the document preamble.
Alternatively, save the file in UTF-8 using your editor or another tool


../matlab/modules/inv_kinematics.m:3: LaTeX Error: Invalid UTF-8 byte "B3.

See the LaTeX manual or LaTeX Companion for explanation.
Type  H <return>  for immediate help.
 ...                                              
                                                  
l.3 ... < 10 % Valor por defecto de configuración
                                                  
The document does not appear to be in UTF-8 encoding.
Try adding \UseRawInputEncoding as the first line of the file
or specify an encoding such as \usepackage [latin1]{inputenc}
in the document preamble.
Alternatively, save the file in UTF-8 using your editor or another tool


../matlab/modules/inv_kinematics.m:8: LaTeX Error: Invalid UTF-8 byte sequence (�\expandafter).

See the LaTeX manual or LaTeX Companion for explanation.
Type  H <return>  for immediate help.
 ...                                              
                                                  
l.8 % Muñeca:
               Ocurre cuando θ4 y θ5 son paralelos -> θ5 = 0 +-180 +-360
The document does not appear to be in UTF-8 encoding.
Try adding \UseRawInputEncoding as the first line of the file
or specify an encoding such as \usepackage [latin1]{inputenc}
in the document preamble.
Alternatively, save the file in UTF-8 using your editor or another tool


../matlab/modules/inv_kinematics.m:8: LaTeX Error: Invalid UTF-8 byte "B1.

See the LaTeX manual or LaTeX Companion for explanation.
Type  H <return>  for immediate help.
 ...                                              
                                                  
l.8 % Muñeca:
               Ocurre cuando θ4 y θ5 son paralelos -> θ5 = 0 +-180 +-360
The document does not appear to be in UTF-8 encoding.
Try adding \UseRawInputEncoding as the first line of the file
or specify an encoding such as \usepackage [latin1]{inputenc}
in the document preamble.
Alternatively, save the file in UTF-8 using your editor or another tool


../matlab/modules/inv_kinematics.m:8: LaTeX Error: Invalid UTF-8 byte sequence (�\lst@FillFixed@).

See the LaTeX manual or LaTeX Companion for explanation.
Type  H <return>  for immediate help.
 ...                                              
                                                  
l.8 % Muñeca: Ocurre cuando θ4 
                                 y θ5 son paralelos -> θ5 = 0 +-180 +-360
The document does not appear to be in UTF-8 encoding.
Try adding \UseRawInputEncoding as the first line of the file
or specify an encoding such as \usepackage [latin1]{inputenc}
in the document preamble.
Alternatively, save the file in UTF-8 using your editor or another tool


../matlab/modules/inv_kinematics.m:8: LaTeX Error: Invalid UTF-8 byte "B8.

See the LaTeX manual or LaTeX Companion for explanation.
Type  H <return>  for immediate help.
 ...                                              
                                                  
l.8 % Muñeca: Ocurre cuando θ4 
                                 y θ5 son paralelos -> θ5 = 0 +-180 +-360
The document does not appear to be in UTF-8 encoding.
Try adding \UseRawInputEncoding as the first line of the file
or specify an encoding such as \usepackage [latin1]{inputenc}
in the document preamble.
Alternatively, save the file in UTF-8 using your editor or another tool


../matlab/modules/inv_kinematics.m:8: LaTeX Error: Invalid UTF-8 byte sequence (�\lst@FillFixed@).

See the LaTeX manual or LaTeX Companion for explanation.
Type  H <return>  for immediate help.
 ...                                              
                                                  
l.8 % Muñeca: Ocurre cuando θ4 y θ5 
                                       son paralelos -> θ5 = 0 +-180 +-360
The document does not appear to be in UTF-8 encoding.
Try adding \UseRawInputEncoding as the first line of the file
or specify an encoding such as \usepackage [latin1]{inputenc}
in the document preamble.
Alternatively, save the file in UTF-8 using your editor or another tool


../matlab/modules/inv_kinematics.m:8: LaTeX Error: Invalid UTF-8 byte "B8.

See the LaTeX manual or LaTeX Companion for explanation.
Type  H <return>  for immediate help.
 ...                                              
                                                  
l.8 % Muñeca: Ocurre cuando θ4 y θ5 
                                       son paralelos -> θ5 = 0 +-180 +-360
The document does not appear to be in UTF-8 encoding.
Try adding \UseRawInputEncoding as the first line of the file
or specify an encoding such as \usepackage [latin1]{inputenc}
in the document preamble.
Alternatively, save the file in UTF-8 using your editor or another tool


../matlab/modules/inv_kinematics.m:8: LaTeX Error: Invalid UTF-8 byte sequence (�\lst@FillFixed@).

See the LaTeX manual or LaTeX Companion for explanation.
Type  H <return>  for immediate help.
 ...                                              
                                                  
l.8 ...urre cuando θ4 y θ5 son paralelos -> θ5 
                                                  = 0 +-180 +-360
The document does not appear to be in UTF-8 encoding.
Try adding \UseRawInputEncoding as the first line of the file
or specify an encoding such as \usepackage [latin1]{inputenc}
in the document preamble.
Alternatively, save the file in UTF-8 using your editor or another tool


../matlab/modules/inv_kinematics.m:8: LaTeX Error: Invalid UTF-8 byte "B8.

See the LaTeX manual or LaTeX Companion for explanation.
Type  H <return>  for immediate help.
 ...                                              
                                                  
l.8 ...urre cuando θ4 y θ5 son paralelos -> θ5 
                                                  = 0 +-180 +-360
The document does not appear to be in UTF-8 encoding.
Try adding \UseRawInputEncoding as the first line of the file
or specify an encoding such as \usepackage [latin1]{inputenc}
in the document preamble.
Alternatively, save the file in UTF-8 using your editor or another tool


../matlab/modules/inv_kinematics.m:9: LaTeX Error: Invalid UTF-8 byte sequence (�\lst@FillFixed@).

See the LaTeX manual or LaTeX Companion for explanation.
Type  H <return>  for immediate help.
 ...                                              
                                                  
l.9 ...ano por las articulaciones 2, 3 y 4 -> θ3 
                                                  = 0
The document does not appear to be in UTF-8 encoding.
Try adding \UseRawInputEncoding as the first line of the file
or specify an encoding such as \usepackage [latin1]{inputenc}
in the document preamble.
Alternatively, save the file in UTF-8 using your editor or another tool


../matlab/modules/inv_kinematics.m:9: LaTeX Error: Invalid UTF-8 byte "B8.

See the LaTeX manual or LaTeX Companion for explanation.
Type  H <return>  for immediate help.
 ...                                              
                                                  
l.9 ...ano por las articulaciones 2, 3 y 4 -> θ3 
                                                  = 0
The document does not appear to be in UTF-8 encoding.
Try adding \UseRawInputEncoding as the first line of the file
or specify an encoding such as \usepackage [latin1]{inputenc}
in the document preamble.
Alternatively, save the file in UTF-8 using your editor or another tool


../matlab/modules/inv_kinematics.m:10: LaTeX Error: Invalid UTF-8 byte sequence (�\expandafter).

See the LaTeX manual or LaTeX Companion for explanation.
Type  H <return>  for immediate help.
 ...                                              
                                                  
l.10 % Hombro: El punto de intersección 
                                         entre ejes 5 y 6 se coloca sobre el...
The document does not appear to be in UTF-8 encoding.
Try adding \UseRawInputEncoding as the first line of the file
or specify an encoding such as \usepackage [latin1]{inputenc}
in the document preamble.
Alternatively, save the file in UTF-8 using your editor or another tool


../matlab/modules/inv_kinematics.m:10: LaTeX Error: Invalid UTF-8 byte "B3.

See the LaTeX manual or LaTeX Companion for explanation.
Type  H <return>  for immediate help.
 ...                                              
                                                  
l.10 % Hombro: El punto de intersección 
                                         entre ejes 5 y 6 se coloca sobre el...
The document does not appear to be in UTF-8 encoding.
Try adding \UseRawInputEncoding as the first line of the file
or specify an encoding such as \usepackage [latin1]{inputenc}
in the document preamble.
Alternatively, save the file in UTF-8 using your editor or another tool

[44] [45] [46] [47] [48] [49] [50] [51] [52] [53] [54]

../matlab/modules/inv_kinematics.m:670: LaTeX Error: Command \textquotedbl unavailable in encoding OT1.

See the LaTeX manual or LaTeX Companion for explanation.
Type  H <return>  for immediate help.
 ...                                              
                                                  
l.670         disp("S
                     1 valida")
Your command was ignored.
Type  I <command> <return>  to replace it with another command,
or  <return>  to continue without it.


../matlab/modules/inv_kinematics.m:670: LaTeX Error: Command \textquotedbl unavailable in encoding OT1.

See the LaTeX manual or LaTeX Companion for explanation.
Type  H <return>  for immediate help.
 ...                                              
                                                  
l.670         disp("S1 valida")
                               
Your command was ignored.
Type  I <command> <return>  to replace it with another command,
or  <return>  to continue without it.


../matlab/modules/inv_kinematics.m:677: LaTeX Error: Command \textquotedbl unavailable in encoding OT1.

See the LaTeX manual or LaTeX Companion for explanation.
Type  H <return>  for immediate help.
 ...                                              
                                                  
l.677         disp("S
                     2 valida")
Your command was ignored.
Type  I <command> <return>  to replace it with another command,
or  <return>  to continue without it.


../matlab/modules/inv_kinematics.m:677: LaTeX Error: Command \textquotedbl unavailable in encoding OT1.

See the LaTeX manual or LaTeX Companion for explanation.
Type  H <return>  for immediate help.
 ...                                              
                                                  
l.677         disp("S2 valida")
                               
Your command was ignored.
Type  I <command> <return>  to replace it with another command,
or  <return>  to continue without it.


../matlab/modules/inv_kinematics.m:684: LaTeX Error: Command \textquotedbl unavailable in encoding OT1.

See the LaTeX manual or LaTeX Companion for explanation.
Type  H <return>  for immediate help.
 ...                                              
                                                  
l.684         disp("S
                     3 valida")
Your command was ignored.
Type  I <command> <return>  to replace it with another command,
or  <return>  to continue without it.


../matlab/modules/inv_kinematics.m:684: LaTeX Error: Command \textquotedbl unavailable in encoding OT1.

See the LaTeX manual or LaTeX Companion for explanation.
Type  H <return>  for immediate help.
 ...                                              
                                                  
l.684         disp("S3 valida")
                               
Your command was ignored.
Type  I <command> <return>  to replace it with another command,
or  <return>  to continue without it.


../matlab/modules/inv_kinematics.m:691: LaTeX Error: Command \textquotedbl unavailable in encoding OT1.

See the LaTeX manual or LaTeX Companion for explanation.
Type  H <return>  for immediate help.
 ...                                              
                                                  
l.691         disp("S
                     4 valida")
Your command was ignored.
Type  I <command> <return>  to replace it with another command,
or  <return>  to continue without it.


../matlab/modules/inv_kinematics.m:691: LaTeX Error: Command \textquotedbl unavailable in encoding OT1.

See the LaTeX manual or LaTeX Companion for explanation.
Type  H <return>  for immediate help.
 ...                                              
                                                  
l.691         disp("S4 valida")
                               
Your command was ignored.
Type  I <command> <return>  to replace it with another command,
or  <return>  to continue without it.


../matlab/modules/inv_kinematics.m:698: LaTeX Error: Command \textquotedbl unavailable in encoding OT1.

See the LaTeX manual or LaTeX Companion for explanation.
Type  H <return>  for immediate help.
 ...                                              
                                                  
l.698         disp("S
                     5 valida")
Your command was ignored.
Type  I <command> <return>  to replace it with another command,
or  <return>  to continue without it.


../matlab/modules/inv_kinematics.m:698: LaTeX Error: Command \textquotedbl unavailable in encoding OT1.

See the LaTeX manual or LaTeX Companion for explanation.
Type  H <return>  for immediate help.
 ...                                              
                                                  
l.698         disp("S5 valida")
                               
Your command was ignored.
Type  I <command> <return>  to replace it with another command,
or  <return>  to continue without it.


../matlab/modules/inv_kinematics.m:705: LaTeX Error: Command \textquotedbl unavailable in encoding OT1.

See the LaTeX manual or LaTeX Companion for explanation.
Type  H <return>  for immediate help.
 ...                                              
                                                  
l.705         disp("S
                     6 valida")
Your command was ignored.
Type  I <command> <return>  to replace it with another command,
or  <return>  to continue without it.


../matlab/modules/inv_kinematics.m:705: LaTeX Error: Command \textquotedbl unavailable in encoding OT1.

See the LaTeX manual or LaTeX Companion for explanation.
Type  H <return>  for immediate help.
 ...                                              
                                                  
l.705         disp("S6 valida")
                               
Your command was ignored.
Type  I <command> <return>  to replace it with another command,
or  <return>  to continue without it.


../matlab/modules/inv_kinematics.m:712: LaTeX Error: Command \textquotedbl unavailable in encoding OT1.

See the LaTeX manual or LaTeX Companion for explanation.
Type  H <return>  for immediate help.
 ...                                              
                                                  
l.712         disp("S
                     7 valida")
Your command was ignored.
Type  I <command> <return>  to replace it with another command,
or  <return>  to continue without it.


../matlab/modules/inv_kinematics.m:712: LaTeX Error: Command \textquotedbl unavailable in encoding OT1.

See the LaTeX manual or LaTeX Companion for explanation.
Type  H <return>  for immediate help.
 ...                                              
                                                  
l.712         disp("S7 valida")
                               
Your command was ignored.
Type  I <command> <return>  to replace it with another command,
or  <return>  to continue without it.

[55]

../matlab/modules/inv_kinematics.m:719: LaTeX Error: Command \textquotedbl unavailable in encoding OT1.

See the LaTeX manual or LaTeX Companion for explanation.
Type  H <return>  for immediate help.
 ...                                              
                                                  
l.719         disp("S
                     8 valida")
Your command was ignored.
Type  I <command> <return>  to replace it with another command,
or  <return>  to continue without it.


../matlab/modules/inv_kinematics.m:719: LaTeX Error: Command \textquotedbl unavailable in encoding OT1.

See the LaTeX manual or LaTeX Companion for explanation.
Type  H <return>  for immediate help.
 ...                                              
                                                  
l.719         disp("S8 valida")
                               
Your command was ignored.
Type  I <command> <return>  to replace it with another command,
or  <return>  to continue without it.


../matlab/modules/inv_kinematics.m:725: LaTeX Error: Command \textquotedbl unavailable in encoding OT1.

See the LaTeX manual or LaTeX Companion for explanation.
Type  H <return>  for immediate help.
 ...                                              
                                                  
l.725     disp("N
                 o se encontraron soluciones para la IK.")
Your command was ignored.
Type  I <command> <return>  to replace it with another command,
or  <return>  to continue without it.


../matlab/modules/inv_kinematics.m:725: LaTeX Error: Command \textquotedbl unavailable in encoding OT1.

See the LaTeX manual or LaTeX Companion for explanation.
Type  H <return>  for immediate help.
 ...                                              
                                                  
l.725 ...o se encontraron soluciones para la IK.")
                                                  
Your command was ignored.
Type  I <command> <return>  to replace it with another command,
or  <return>  to continue without it.


../matlab/modules/inv_kinematics.m:729: LaTeX Error: Invalid UTF-8 byte sequence (�\expandafter).

See the LaTeX manual or LaTeX Companion for explanation.
Type  H <return>  for immediate help.
 ...                                              
                                                  
l.729 %% Amplicación 
                      de soluciones por periodicidad
The document does not appear to be in UTF-8 encoding.
Try adding \UseRawInputEncoding as the first line of the file
or specify an encoding such as \usepackage [latin1]{inputenc}
in the document preamble.
Alternatively, save the file in UTF-8 using your editor or another tool


../matlab/modules/inv_kinematics.m:729: LaTeX Error: Invalid UTF-8 byte "B3.

See the LaTeX manual or LaTeX Companion for explanation.
Type  H <return>  for immediate help.
 ...                                              
                                                  
l.729 %% Amplicación 
                      de soluciones por periodicidad
The document does not appear to be in UTF-8 encoding.
Try adding \UseRawInputEncoding as the first line of the file
or specify an encoding such as \usepackage [latin1]{inputenc}
in the document preamble.
Alternatively, save the file in UTF-8 using your editor or another tool


../matlab/modules/inv_kinematics.m:773: LaTeX Error: Invalid UTF-8 byte sequence (�\expandafter).

See the LaTeX manual or LaTeX Companion for explanation.
Type  H <return>  for immediate help.
 ...                                              
                                                  
l.773 %% Cálculo 
                  de mejor solución
The document does not appear to be in UTF-8 encoding.
Try adding \UseRawInputEncoding as the first line of the file
or specify an encoding such as \usepackage [latin1]{inputenc}
in the document preamble.
Alternatively, save the file in UTF-8 using your editor or another tool


../matlab/modules/inv_kinematics.m:773: LaTeX Error: Invalid UTF-8 byte "A1.

See the LaTeX manual or LaTeX Companion for explanation.
Type  H <return>  for immediate help.
 ...                                              
                                                  
l.773 %% Cálculo 
                  de mejor solución
The document does not appear to be in UTF-8 encoding.
Try adding \UseRawInputEncoding as the first line of the file
or specify an encoding such as \usepackage [latin1]{inputenc}
in the document preamble.
Alternatively, save the file in UTF-8 using your editor or another tool


../matlab/modules/inv_kinematics.m:773: LaTeX Error: Invalid UTF-8 byte sequence (�\expandafter).

See the LaTeX manual or LaTeX Companion for explanation.
Type  H <return>  for immediate help.
 ...                                              
                                                  
l.773 %% Cálculo de mejor solución
                                    
The document does not appear to be in UTF-8 encoding.
Try adding \UseRawInputEncoding as the first line of the file
or specify an encoding such as \usepackage [latin1]{inputenc}
in the document preamble.
Alternatively, save the file in UTF-8 using your editor or another tool


../matlab/modules/inv_kinematics.m:773: LaTeX Error: Invalid UTF-8 byte "B3.

See the LaTeX manual or LaTeX Companion for explanation.
Type  H <return>  for immediate help.
 ...                                              
                                                  
l.773 %% Cálculo de mejor solución
                                    
The document does not appear to be in UTF-8 encoding.
Try adding \UseRawInputEncoding as the first line of the file
or specify an encoding such as \usepackage [latin1]{inputenc}
in the document preamble.
Alternatively, save the file in UTF-8 using your editor or another tool

[56]

../matlab/modules/inv_kinematics.m:786: LaTeX Error: Invalid UTF-8 byte sequence (�\expandafter).

See the LaTeX manual or LaTeX Companion for explanation.
Type  H <return>  for immediate help.
 ...                                              
                                                  
l.786 %% ALTERNATIVA NUMÉRICA
                              
The document does not appear to be in UTF-8 encoding.
Try adding \UseRawInputEncoding as the first line of the file
or specify an encoding such as \usepackage [latin1]{inputenc}
in the document preamble.
Alternatively, save the file in UTF-8 using your editor or another tool


../matlab/modules/inv_kinematics.m:786: LaTeX Error: Invalid UTF-8 byte "89.

See the LaTeX manual or LaTeX Companion for explanation.
Type  H <return>  for immediate help.
 ...                                              
                                                  
l.786 %% ALTERNATIVA NUMÉRICA
                              
The document does not appear to be in UTF-8 encoding.
Try adding \UseRawInputEncoding as the first line of the file
or specify an encoding such as \usepackage [latin1]{inputenc}
in the document preamble.
Alternatively, save the file in UTF-8 using your editor or another tool


../matlab/modules/inv_kinematics.m:791: LaTeX Error: Command \textquotedbl unavailable in encoding OT1.

See the LaTeX manual or LaTeX Companion for explanation.
Type  H <return>  for immediate help.
 ...                                              
                                                  
l.791 %         disp("N
                       o se encontraron soluciones mediante método algebrá...
Your command was ignored.
Type  I <command> <return>  to replace it with another command,
or  <return>  to continue without it.


../matlab/modules/inv_kinematics.m:791: LaTeX Error: Invalid UTF-8 byte sequence (�\expandafter).

See the LaTeX manual or LaTeX Companion for explanation.
Type  H <return>  for immediate help.
 ...                                              
                                                  
l.791 ... encontraron soluciones mediante método 
                                                  algebráico, probando mét...
The document does not appear to be in UTF-8 encoding.
Try adding \UseRawInputEncoding as the first line of the file
or specify an encoding such as \usepackage [latin1]{inputenc}
in the document preamble.
Alternatively, save the file in UTF-8 using your editor or another tool


../matlab/modules/inv_kinematics.m:791: LaTeX Error: Invalid UTF-8 byte "A9.

See the LaTeX manual or LaTeX Companion for explanation.
Type  H <return>  for immediate help.
 ...                                              
                                                  
l.791 ... encontraron soluciones mediante método 
                                                  algebráico, probando mét...
The document does not appear to be in UTF-8 encoding.
Try adding \UseRawInputEncoding as the first line of the file
or specify an encoding such as \usepackage [latin1]{inputenc}
in the document preamble.
Alternatively, save the file in UTF-8 using your editor or another tool


../matlab/modules/inv_kinematics.m:791: LaTeX Error: Invalid UTF-8 byte sequence (�\expandafter).

See the LaTeX manual or LaTeX Companion for explanation.
Type  H <return>  for immediate help.
 ...                                              
                                                  
l.791 ... soluciones mediante método algebráico,
                                                   probando método numéric...
The document does not appear to be in UTF-8 encoding.
Try adding \UseRawInputEncoding as the first line of the file
or specify an encoding such as \usepackage [latin1]{inputenc}
in the document preamble.
Alternatively, save the file in UTF-8 using your editor or another tool


../matlab/modules/inv_kinematics.m:791: LaTeX Error: Invalid UTF-8 byte "A1.

See the LaTeX manual or LaTeX Companion for explanation.
Type  H <return>  for immediate help.
 ...                                              
                                                  
l.791 ... soluciones mediante método algebráico,
                                                   probando método numéric...
The document does not appear to be in UTF-8 encoding.
Try adding \UseRawInputEncoding as the first line of the file
or specify an encoding such as \usepackage [latin1]{inputenc}
in the document preamble.
Alternatively, save the file in UTF-8 using your editor or another tool


../matlab/modules/inv_kinematics.m:791: LaTeX Error: Invalid UTF-8 byte sequence (�\expandafter).

See the LaTeX manual or LaTeX Companion for explanation.
Type  H <return>  for immediate help.
 ...                                              
                                                  
l.791 ...te método algebráico, probando método 
                                                  numérico.")
The document does not appear to be in UTF-8 encoding.
Try adding \UseRawInputEncoding as the first line of the file
or specify an encoding such as \usepackage [latin1]{inputenc}
in the document preamble.
Alternatively, save the file in UTF-8 using your editor or another tool


../matlab/modules/inv_kinematics.m:791: LaTeX Error: Invalid UTF-8 byte "A9.

See the LaTeX manual or LaTeX Companion for explanation.
Type  H <return>  for immediate help.
 ...                                              
                                                  
l.791 ...te método algebráico, probando método 
                                                  numérico.")
The document does not appear to be in UTF-8 encoding.
Try adding \UseRawInputEncoding as the first line of the file
or specify an encoding such as \usepackage [latin1]{inputenc}
in the document preamble.
Alternatively, save the file in UTF-8 using your editor or another tool


../matlab/modules/inv_kinematics.m:791: LaTeX Error: Invalid UTF-8 byte sequence (�\expandafter).

See the LaTeX manual or LaTeX Companion for explanation.
Type  H <return>  for immediate help.
 ...                                              
                                                  
l.791 ...algebráico, probando método numérico."
                                                  )
The document does not appear to be in UTF-8 encoding.
Try adding \UseRawInputEncoding as the first line of the file
or specify an encoding such as \usepackage [latin1]{inputenc}
in the document preamble.
Alternatively, save the file in UTF-8 using your editor or another tool


../matlab/modules/inv_kinematics.m:791: LaTeX Error: Invalid UTF-8 byte "A9.

See the LaTeX manual or LaTeX Companion for explanation.
Type  H <return>  for immediate help.
 ...                                              
                                                  
l.791 ...algebráico, probando método numérico."
                                                  )
The document does not appear to be in UTF-8 encoding.
Try adding \UseRawInputEncoding as the first line of the file
or specify an encoding such as \usepackage [latin1]{inputenc}
in the document preamble.
Alternatively, save the file in UTF-8 using your editor or another tool


../matlab/modules/inv_kinematics.m:791: LaTeX Error: Command \textquotedbl unavailable in encoding OT1.

See the LaTeX manual or LaTeX Companion for explanation.
Type  H <return>  for immediate help.
 ...                                              
                                                  
l.791 ...lgebráico, probando método numérico.")
                                                  
Your command was ignored.
Type  I <command> <return>  to replace it with another command,
or  <return>  to continue without it.


../matlab/modules/inv_kinematics.m:798: LaTeX Error: Command \textquotedbl unavailable in encoding OT1.

See the LaTeX manual or LaTeX Companion for explanation.
Type  H <return>  for immediate help.
 ...                                              
                                                  
l.798 %         disp("N
                       o se encontraron soluciones numéricas")
Your command was ignored.
Type  I <command> <return>  to replace it with another command,
or  <return>  to continue without it.


../matlab/modules/inv_kinematics.m:798: LaTeX Error: Invalid UTF-8 byte sequence (�\expandafter).

See the LaTeX manual or LaTeX Companion for explanation.
Type  H <return>  for immediate help.
 ...                                              
                                                  
l.798 ..."No se encontraron soluciones numéricas"
                                                  )
The document does not appear to be in UTF-8 encoding.
Try adding \UseRawInputEncoding as the first line of the file
or specify an encoding such as \usepackage [latin1]{inputenc}
in the document preamble.
Alternatively, save the file in UTF-8 using your editor or another tool


../matlab/modules/inv_kinematics.m:798: LaTeX Error: Invalid UTF-8 byte "A9.

See the LaTeX manual or LaTeX Companion for explanation.
Type  H <return>  for immediate help.
 ...                                              
                                                  
l.798 ..."No se encontraron soluciones numéricas"
                                                  )
The document does not appear to be in UTF-8 encoding.
Try adding \UseRawInputEncoding as the first line of the file
or specify an encoding such as \usepackage [latin1]{inputenc}
in the document preamble.
Alternatively, save the file in UTF-8 using your editor or another tool


../matlab/modules/inv_kinematics.m:798: LaTeX Error: Command \textquotedbl unavailable in encoding OT1.

See the LaTeX manual or LaTeX Companion for explanation.
Type  H <return>  for immediate help.
 ...                                              
                                                  
l.798 ...No se encontraron soluciones numéricas")
                                                  
Your command was ignored.
Type  I <command> <return>  to replace it with another command,
or  <return>  to continue without it.


../matlab/modules/inv_kinematics.m:802: LaTeX Error: Command \textquotedbl unavailable in encoding OT1.

See the LaTeX manual or LaTeX Companion for explanation.
Type  H <return>  for immediate help.
 ...                                              
                                                  
l.802 %             disp("N
                           o se encontraron soluciones numéricas")
Your command was ignored.
Type  I <command> <return>  to replace it with another command,
or  <return>  to continue without it.


../matlab/modules/inv_kinematics.m:802: LaTeX Error: Invalid UTF-8 byte sequence (�\expandafter).

See the LaTeX manual or LaTeX Companion for explanation.
Type  H <return>  for immediate help.
 ...                                              
                                                  
l.802 ..."No se encontraron soluciones numéricas"
                                                  )
The document does not appear to be in UTF-8 encoding.
Try adding \UseRawInputEncoding as the first line of the file
or specify an encoding such as \usepackage [latin1]{inputenc}
in the document preamble.
Alternatively, save the file in UTF-8 using your editor or another tool


../matlab/modules/inv_kinematics.m:802: LaTeX Error: Invalid UTF-8 byte "A9.

See the LaTeX manual or LaTeX Companion for explanation.
Type  H <return>  for immediate help.
 ...                                              
                                                  
l.802 ..."No se encontraron soluciones numéricas"
                                                  )
The document does not appear to be in UTF-8 encoding.
Try adding \UseRawInputEncoding as the first line of the file
or specify an encoding such as \usepackage [latin1]{inputenc}
in the document preamble.
Alternatively, save the file in UTF-8 using your editor or another tool


../matlab/modules/inv_kinematics.m:802: LaTeX Error: Command \textquotedbl unavailable in encoding OT1.

See the LaTeX manual or LaTeX Companion for explanation.
Type  H <return>  for immediate help.
 ...                                              
                                                  
l.802 ...No se encontraron soluciones numéricas")
                                                  
Your command was ignored.
Type  I <command> <return>  to replace it with another command,
or  <return>  to continue without it.


../matlab/modules/inv_kinematics.m:821: LaTeX Error: Command \textquotedbl unavailable in encoding OT1.

See the LaTeX manual or LaTeX Companion for explanation.
Type  H <return>  for immediate help.
 ...                                              
                                                  
l.821 if pose_config == "F
                          ORCE"
Your command was ignored.
Type  I <command> <return>  to replace it with another command,
or  <return>  to continue without it.


../matlab/modules/inv_kinematics.m:821: LaTeX Error: Command \textquotedbl unavailable in encoding OT1.

See the LaTeX manual or LaTeX Companion for explanation.
Type  H <return>  for immediate help.
 ...                                              
                                                  
l.821 if pose_config == "FORCE"
                               
Your command was ignored.
Type  I <command> <return>  to replace it with another command,
or  <return>  to continue without it.

[57]) (../matlab/modules/gen_traj.m

../matlab/modules/gen_traj.m:3: LaTeX Error: Invalid UTF-8 byte sequence (�\expandafter).

See the LaTeX manual or LaTeX Companion for explanation.
Type  H <return>  for immediate help.
 ...                                              
                                                  
l.3 %% Inicialización
                      
The document does not appear to be in UTF-8 encoding.
Try adding \UseRawInputEncoding as the first line of the file
or specify an encoding such as \usepackage [latin1]{inputenc}
in the document preamble.
Alternatively, save the file in UTF-8 using your editor or another tool


../matlab/modules/gen_traj.m:3: LaTeX Error: Invalid UTF-8 byte "B3.

See the LaTeX manual or LaTeX Companion for explanation.
Type  H <return>  for immediate help.
 ...                                              
                                                  
l.3 %% Inicialización
                      
The document does not appear to be in UTF-8 encoding.
Try adding \UseRawInputEncoding as the first line of the file
or specify an encoding such as \usepackage [latin1]{inputenc}
in the document preamble.
Alternatively, save the file in UTF-8 using your editor or another tool


../matlab/modules/gen_traj.m:21: LaTeX Error: Command \textquotedbl unavailable in encoding OT1.

See the LaTeX manual or LaTeX Companion for explanation.
Type  H <return>  for immediate help.
 ...                                              
                                                  
l.21 first   = "F
                 ORCE";
Your command was ignored.
Type  I <command> <return>  to replace it with another command,
or  <return>  to continue without it.


../matlab/modules/gen_traj.m:21: LaTeX Error: Command \textquotedbl unavailable in encoding OT1.

See the LaTeX manual or LaTeX Companion for explanation.
Type  H <return>  for immediate help.
 ...                                              
                                                  
l.21 first   = "FORCE";
                       
Your command was ignored.
Type  I <command> <return>  to replace it with another command,
or  <return>  to continue without it.

[58]

../matlab/modules/gen_traj.m:36: LaTeX Error: Invalid UTF-8 byte sequence (�\expandafter).

See the LaTeX manual or LaTeX Companion for explanation.
Type  H <return>  for immediate help.
 ...                                              
                                                  
l.36         % Construcción 
                             de waypoints articulares
The document does not appear to be in UTF-8 encoding.
Try adding \UseRawInputEncoding as the first line of the file
or specify an encoding such as \usepackage [latin1]{inputenc}
in the document preamble.
Alternatively, save the file in UTF-8 using your editor or another tool


../matlab/modules/gen_traj.m:36: LaTeX Error: Invalid UTF-8 byte "B3.

See the LaTeX manual or LaTeX Companion for explanation.
Type  H <return>  for immediate help.
 ...                                              
                                                  
l.36         % Construcción 
                             de waypoints articulares
The document does not appear to be in UTF-8 encoding.
Try adding \UseRawInputEncoding as the first line of the file
or specify an encoding such as \usepackage [latin1]{inputenc}
in the document preamble.
Alternatively, save the file in UTF-8 using your editor or another tool


../matlab/modules/gen_traj.m:45: LaTeX Error: Command \textquotedbl unavailable in encoding OT1.

See the LaTeX manual or LaTeX Companion for explanation.
Type  H <return>  for immediate help.
 ...                                              
                                                  
l.45             first    = "N
                              ONE";
Your command was ignored.
Type  I <command> <return>  to replace it with another command,
or  <return>  to continue without it.


../matlab/modules/gen_traj.m:45: LaTeX Error: Command \textquotedbl unavailable in encoding OT1.

See the LaTeX manual or LaTeX Companion for explanation.
Type  H <return>  for immediate help.
 ...                                              
                                                  
l.45             first    = "NONE";
                                   
Your command was ignored.
Type  I <command> <return>  to replace it with another command,
or  <return>  to continue without it.


../matlab/modules/gen_traj.m:53: LaTeX Error: Invalid UTF-8 byte sequence (�\expandafter).

See the LaTeX manual or LaTeX Companion for explanation.
Type  H <return>  for immediate help.
 ...                                              
                                                  
l.53         % Escala para cumplir límites 
                                            en ambos espacios
The document does not appear to be in UTF-8 encoding.
Try adding \UseRawInputEncoding as the first line of the file
or specify an encoding such as \usepackage [latin1]{inputenc}
in the document preamble.
Alternatively, save the file in UTF-8 using your editor or another tool


../matlab/modules/gen_traj.m:53: LaTeX Error: Invalid UTF-8 byte "AD.

See the LaTeX manual or LaTeX Companion for explanation.
Type  H <return>  for immediate help.
 ...                                              
                                                  
l.53         % Escala para cumplir límites 
                                            en ambos espacios
The document does not appear to be in UTF-8 encoding.
Try adding \UseRawInputEncoding as the first line of the file
or specify an encoding such as \usepackage [latin1]{inputenc}
in the document preamble.
Alternatively, save the file in UTF-8 using your editor or another tool


../matlab/modules/gen_traj.m:56: LaTeX Error: Invalid UTF-8 byte sequence (�\expandafter).

See the LaTeX manual or LaTeX Companion for explanation.
Type  H <return>  for immediate help.
 ...                                              
                                                  
l.56         % qdmax/k alarga la duración 
                                           de segmentos; t_acc*k alarga las ...
The document does not appear to be in UTF-8 encoding.
Try adding \UseRawInputEncoding as the first line of the file
or specify an encoding such as \usepackage [latin1]{inputenc}
in the document preamble.
Alternatively, save the file in UTF-8 using your editor or another tool


../matlab/modules/gen_traj.m:56: LaTeX Error: Invalid UTF-8 byte "B3.

See the LaTeX manual or LaTeX Companion for explanation.
Type  H <return>  for immediate help.
 ...                                              
                                                  
l.56         % qdmax/k alarga la duración 
                                           de segmentos; t_acc*k alarga las ...
The document does not appear to be in UTF-8 encoding.
Try adding \UseRawInputEncoding as the first line of the file
or specify an encoding such as \usepackage [latin1]{inputenc}
in the document preamble.
Alternatively, save the file in UTF-8 using your editor or another tool


../matlab/modules/gen_traj.m:57: LaTeX Error: Invalid UTF-8 byte sequence (�\expandafter).

See the LaTeX manual or LaTeX Companion for explanation.
Type  H <return>  for immediate help.
 ...                                              
                                                  
l.57 ...  % -> velocidad escala 1/k, aceleración 
                                                  escala 1/k² (correcto)
The document does not appear to be in UTF-8 encoding.
Try adding \UseRawInputEncoding as the first line of the file
or specify an encoding such as \usepackage [latin1]{inputenc}
in the document preamble.
Alternatively, save the file in UTF-8 using your editor or another tool


../matlab/modules/gen_traj.m:57: LaTeX Error: Invalid UTF-8 byte "B3.

See the LaTeX manual or LaTeX Companion for explanation.
Type  H <return>  for immediate help.
 ...                                              
                                                  
l.57 ...  % -> velocidad escala 1/k, aceleración 
                                                  escala 1/k² (correcto)
The document does not appear to be in UTF-8 encoding.
Try adding \UseRawInputEncoding as the first line of the file
or specify an encoding such as \usepackage [latin1]{inputenc}
in the document preamble.
Alternatively, save the file in UTF-8 using your editor or another tool


../matlab/modules/gen_traj.m:57: LaTeX Error: Invalid UTF-8 byte sequence (�\expandafter).

See the LaTeX manual or LaTeX Companion for explanation.
Type  H <return>  for immediate help.
 ...                                              
                                                  
l.57 ...dad escala 1/k, aceleración escala 1/k² 
                                                  (correcto)
The document does not appear to be in UTF-8 encoding.
Try adding \UseRawInputEncoding as the first line of the file
or specify an encoding such as \usepackage [latin1]{inputenc}
in the document preamble.
Alternatively, save the file in UTF-8 using your editor or another tool


../matlab/modules/gen_traj.m:57: LaTeX Error: Invalid UTF-8 byte "B2.

See the LaTeX manual or LaTeX Companion for explanation.
Type  H <return>  for immediate help.
 ...                                              
                                                  
l.57 ...dad escala 1/k, aceleración escala 1/k² 
                                                  (correcto)
The document does not appear to be in UTF-8 encoding.
Try adding \UseRawInputEncoding as the first line of the file
or specify an encoding such as \usepackage [latin1]{inputenc}
in the document preamble.
Alternatively, save the file in UTF-8 using your editor or another tool

[59]

../matlab/modules/gen_traj.m:87: LaTeX Error: Command \textquotedbl unavailable in encoding OT1.

See the LaTeX manual or LaTeX Companion for explanation.
Type  H <return>  for immediate help.
 ...                                              
                                                  
l.87             first    = "N
                              ONE";
Your command was ignored.
Type  I <command> <return>  to replace it with another command,
or  <return>  to continue without it.


../matlab/modules/gen_traj.m:87: LaTeX Error: Command \textquotedbl unavailable in encoding OT1.

See the LaTeX manual or LaTeX Companion for explanation.
Type  H <return>  for immediate help.
 ...                                              
                                                  
l.87             first    = "NONE";
                                   
Your command was ignored.
Type  I <command> <return>  to replace it with another command,
or  <return>  to continue without it.


../matlab/modules/gen_traj.m:89: LaTeX Error: Invalid UTF-8 byte sequence (�\expandafter).

See the LaTeX manual or LaTeX Companion for explanation.
Type  H <return>  for immediate help.
 ...                                              
                                                  
l.89             % Escala y regeneración 
                                          si hay violaciones
The document does not appear to be in UTF-8 encoding.
Try adding \UseRawInputEncoding as the first line of the file
or specify an encoding such as \usepackage [latin1]{inputenc}
in the document preamble.
Alternatively, save the file in UTF-8 using your editor or another tool


../matlab/modules/gen_traj.m:89: LaTeX Error: Invalid UTF-8 byte "B3.

See the LaTeX manual or LaTeX Companion for explanation.
Type  H <return>  for immediate help.
 ...                                              
                                                  
l.89             % Escala y regeneración 
                                          si hay violaciones
The document does not appear to be in UTF-8 encoding.
Try adding \UseRawInputEncoding as the first line of the file
or specify an encoding such as \usepackage [latin1]{inputenc}
in the document preamble.
Alternatively, save the file in UTF-8 using your editor or another tool


../matlab/modules/gen_traj.m:95: LaTeX Error: Command \textquotedbl unavailable in encoding OT1.

See the LaTeX manual or LaTeX Companion for explanation.
Type  H <return>  for immediate help.
 ...                                              
                                                  
l.95 ...raj_to_jtraj(R, T_temp, q_ref, verbose, "N
                                                  ONE");
Your command was ignored.
Type  I <command> <return>  to replace it with another command,
or  <return>  to continue without it.


../matlab/modules/gen_traj.m:95: LaTeX Error: Command \textquotedbl unavailable in encoding OT1.

See the LaTeX manual or LaTeX Companion for explanation.
Type  H <return>  for immediate help.
 ...                                              
                                                  
l.95 ...o_jtraj(R, T_temp, q_ref, verbose, "NONE")
                                                  ;
Your command was ignored.
Type  I <command> <return>  to replace it with another command,
or  <return>  to continue without it.


Overfull \hbox (10.10664pt too wide) in paragraph at lines 112--114
[][][][] 
 []


../matlab/modules/gen_traj.m:133: LaTeX Error: Command \textquotedbl unavailable in encoding OT1.

See the LaTeX manual or LaTeX Companion for explanation.
Type  H <return>  for immediate help.
 ...                                              
                                                  
l.133         first      = "N
                             ONE";
Your command was ignored.
Type  I <command> <return>  to replace it with another command,
or  <return>  to continue without it.


../matlab/modules/gen_traj.m:133: LaTeX Error: Command \textquotedbl unavailable in encoding OT1.

See the LaTeX manual or LaTeX Companion for explanation.
Type  H <return>  for immediate help.
 ...                                              
                                                  
l.133         first      = "NONE";
                                  
Your command was ignored.
Type  I <command> <return>  to replace it with another command,
or  <return>  to continue without it.

[60]

../matlab/modules/gen_traj.m:139: LaTeX Error: Invalid UTF-8 byte sequence (�\expandafter).

See the LaTeX manual or LaTeX Companion for explanation.
Type  H <return>  for immediate help.
 ...                                              
                                                  
l.139 %% -- Cómputo 
                     de escala requerida -----------------------------------...
The document does not appear to be in UTF-8 encoding.
Try adding \UseRawInputEncoding as the first line of the file
or specify an encoding such as \usepackage [latin1]{inputenc}
in the document preamble.
Alternatively, save the file in UTF-8 using your editor or another tool


../matlab/modules/gen_traj.m:139: LaTeX Error: Invalid UTF-8 byte "B3.

See the LaTeX manual or LaTeX Companion for explanation.
Type  H <return>  for immediate help.
 ...                                              
                                                  
l.139 %% -- Cómputo 
                     de escala requerida -----------------------------------...
The document does not appear to be in UTF-8 encoding.
Try adding \UseRawInputEncoding as the first line of the file
or specify an encoding such as \usepackage [latin1]{inputenc}
in the document preamble.
Alternatively, save the file in UTF-8 using your editor or another tool


../matlab/modules/gen_traj.m:158: LaTeX Error: Invalid UTF-8 byte sequence (�\expandafter).

See the LaTeX manual or LaTeX Companion for explanation.
Type  H <return>  for immediate help.
 ...                                              
                                                  
l.158 ...cio cartesiano: velocidad y aceleración 
                                                  reales via Jacobiano
The document does not appear to be in UTF-8 encoding.
Try adding \UseRawInputEncoding as the first line of the file
or specify an encoding such as \usepackage [latin1]{inputenc}
in the document preamble.
Alternatively, save the file in UTF-8 using your editor or another tool


../matlab/modules/gen_traj.m:158: LaTeX Error: Invalid UTF-8 byte "B3.

See the LaTeX manual or LaTeX Companion for explanation.
Type  H <return>  for immediate help.
 ...                                              
                                                  
l.158 ...cio cartesiano: velocidad y aceleración 
                                                  reales via Jacobiano
The document does not appear to be in UTF-8 encoding.
Try adding \UseRawInputEncoding as the first line of the file
or specify an encoding such as \usepackage [latin1]{inputenc}
in the document preamble.
Alternatively, save the file in UTF-8 using your editor or another tool


../matlab/modules/gen_traj.m:180: LaTeX Error: Invalid UTF-8 byte sequence (�\expandafter).

See the LaTeX manual or LaTeX Companion for explanation.
Type  H <return>  for immediate help.
 ...                                              
                                                  
l.180 %% -- Tiempo mínimo 
                           para trayectoria cartesiana ---------------------...
The document does not appear to be in UTF-8 encoding.
Try adding \UseRawInputEncoding as the first line of the file
or specify an encoding such as \usepackage [latin1]{inputenc}
in the document preamble.
Alternatively, save the file in UTF-8 using your editor or another tool


../matlab/modules/gen_traj.m:180: LaTeX Error: Invalid UTF-8 byte "AD.

See the LaTeX manual or LaTeX Companion for explanation.
Type  H <return>  for immediate help.
 ...                                              
                                                  
l.180 %% -- Tiempo mínimo 
                           para trayectoria cartesiana ---------------------...
The document does not appear to be in UTF-8 encoding.
Try adding \UseRawInputEncoding as the first line of the file
or specify an encoding such as \usepackage [latin1]{inputenc}
in the document preamble.
Alternatively, save the file in UTF-8 using your editor or another tool

[61]) (../matlab/modules/tarea.m [62]

../matlab/modules/tarea.m:62: LaTeX Error: Invalid UTF-8 byte sequence (�\expandafter).

See the LaTeX manual or LaTeX Companion for explanation.
Type  H <return>  for immediate help.
 ...                                              
                                                  
l.62 %% Visualización
                      
The document does not appear to be in UTF-8 encoding.
Try adding \UseRawInputEncoding as the first line of the file
or specify an encoding such as \usepackage [latin1]{inputenc}
in the document preamble.
Alternatively, save the file in UTF-8 using your editor or another tool


../matlab/modules/tarea.m:62: LaTeX Error: Invalid UTF-8 byte "B3.

See the LaTeX manual or LaTeX Companion for explanation.
Type  H <return>  for immediate help.
 ...                                              
                                                  
l.62 %% Visualización
                      
The document does not appear to be in UTF-8 encoding.
Try adding \UseRawInputEncoding as the first line of the file
or specify an encoding such as \usepackage [latin1]{inputenc}
in the document preamble.
Alternatively, save the file in UTF-8 using your editor or another tool

) (../matlab/modules/ik_comparison.m

../matlab/modules/ik_comparison.m:3: LaTeX Error: Invalid UTF-8 byte sequence (�\expandafter).

See the LaTeX manual or LaTeX Companion for explanation.
Type  H <return>  for immediate help.
 ...                                              
                                                  
l.3 % Visualiza las variantes periódicas 
                                          (±2π en q1, q2, q3) de una soluc...
The document does not appear to be in UTF-8 encoding.
Try adding \UseRawInputEncoding as the first line of the file
or specify an encoding such as \usepackage [latin1]{inputenc}
in the document preamble.
Alternatively, save the file in UTF-8 using your editor or another tool


../matlab/modules/ik_comparison.m:3: LaTeX Error: Invalid UTF-8 byte "B3.

See the LaTeX manual or LaTeX Companion for explanation.
Type  H <return>  for immediate help.
 ...                                              
                                                  
l.3 % Visualiza las variantes periódicas 
                                          (±2π en q1, q2, q3) de una soluc...
The document does not appear to be in UTF-8 encoding.
Try adding \UseRawInputEncoding as the first line of the file
or specify an encoding such as \usepackage [latin1]{inputenc}
in the document preamble.
Alternatively, save the file in UTF-8 using your editor or another tool


../matlab/modules/ik_comparison.m:3: LaTeX Error: Invalid UTF-8 byte sequence (�\lst@FillFixed@).

See the LaTeX manual or LaTeX Companion for explanation.
Type  H <return>  for immediate help.
 ...                                              
                                                  
l.3 % Visualiza las variantes periódicas (±2π 
                                                 en q1, q2, q3) de una soluc...
The document does not appear to be in UTF-8 encoding.
Try adding \UseRawInputEncoding as the first line of the file
or specify an encoding such as \usepackage [latin1]{inputenc}
in the document preamble.
Alternatively, save the file in UTF-8 using your editor or another tool


../matlab/modules/ik_comparison.m:3: LaTeX Error: Invalid UTF-8 byte "B1.

See the LaTeX manual or LaTeX Companion for explanation.
Type  H <return>  for immediate help.
 ...                                              
                                                  
l.3 % Visualiza las variantes periódicas (±2π 
                                                 en q1, q2, q3) de una soluc...
The document does not appear to be in UTF-8 encoding.
Try adding \UseRawInputEncoding as the first line of the file
or specify an encoding such as \usepackage [latin1]{inputenc}
in the document preamble.
Alternatively, save the file in UTF-8 using your editor or another tool


../matlab/modules/ik_comparison.m:3: LaTeX Error: Invalid UTF-8 byte sequence (�\lst@EC�).

See the LaTeX manual or LaTeX Companion for explanation.
Type  H <return>  for immediate help.
 ...                                              
                                                  
l.3 % Visualiza las variantes periódicas (±2π 
                                                 en q1, q2, q3) de una soluc...
The document does not appear to be in UTF-8 encoding.
Try adding \UseRawInputEncoding as the first line of the file
or specify an encoding such as \usepackage [latin1]{inputenc}
in the document preamble.
Alternatively, save the file in UTF-8 using your editor or another tool


../matlab/modules/ik_comparison.m:3: LaTeX Error: Invalid UTF-8 byte sequence (�\expandafter).

See the LaTeX manual or LaTeX Companion for explanation.
Type  H <return>  for immediate help.
 ...                                              
                                                  
l.3 ...icas (±2π en q1, q2, q3) de una solución
                                                  
The document does not appear to be in UTF-8 encoding.
Try adding \UseRawInputEncoding as the first line of the file
or specify an encoding such as \usepackage [latin1]{inputenc}
in the document preamble.
Alternatively, save the file in UTF-8 using your editor or another tool


../matlab/modules/ik_comparison.m:3: LaTeX Error: Invalid UTF-8 byte "B3.

See the LaTeX manual or LaTeX Companion for explanation.
Type  H <return>  for immediate help.
 ...                                              
                                                  
l.3 ...icas (±2π en q1, q2, q3) de una solución
                                                  
The document does not appear to be in UTF-8 encoding.
Try adding \UseRawInputEncoding as the first line of the file
or specify an encoding such as \usepackage [latin1]{inputenc}
in the document preamble.
Alternatively, save the file in UTF-8 using your editor or another tool


../matlab/modules/ik_comparison.m:4: LaTeX Error: Invalid UTF-8 byte sequence (�\expandafter).

See the LaTeX manual or LaTeX Companion for explanation.
Type  H <return>  for immediate help.
 ...                                              
                                                  
l.4 % geométrica 
                  de la cinemática inversa para la pose de referencia:
The document does not appear to be in UTF-8 encoding.
Try adding \UseRawInputEncoding as the first line of the file
or specify an encoding such as \usepackage [latin1]{inputenc}
in the document preamble.
Alternatively, save the file in UTF-8 using your editor or another tool


../matlab/modules/ik_comparison.m:4: LaTeX Error: Invalid UTF-8 byte "A9.

See the LaTeX manual or LaTeX Companion for explanation.
Type  H <return>  for immediate help.
 ...                                              
                                                  
l.4 % geométrica 
                  de la cinemática inversa para la pose de referencia:
The document does not appear to be in UTF-8 encoding.
Try adding \UseRawInputEncoding as the first line of the file
or specify an encoding such as \usepackage [latin1]{inputenc}
in the document preamble.
Alternatively, save the file in UTF-8 using your editor or another tool


../matlab/modules/ik_comparison.m:4: LaTeX Error: Invalid UTF-8 byte sequence (�\expandafter).

See the LaTeX manual or LaTeX Companion for explanation.
Type  H <return>  for immediate help.
 ...                                              
                                                  
l.4 % geométrica de la cinemática 
                                    inversa para la pose de referencia:
The document does not appear to be in UTF-8 encoding.
Try adding \UseRawInputEncoding as the first line of the file
or specify an encoding such as \usepackage [latin1]{inputenc}
in the document preamble.
Alternatively, save the file in UTF-8 using your editor or another tool


../matlab/modules/ik_comparison.m:4: LaTeX Error: Invalid UTF-8 byte "A1.

See the LaTeX manual or LaTeX Companion for explanation.
Type  H <return>  for immediate help.
 ...                                              
                                                  
l.4 % geométrica de la cinemática 
                                    inversa para la pose de referencia:
The document does not appear to be in UTF-8 encoding.
Try adding \UseRawInputEncoding as the first line of the file
or specify an encoding such as \usepackage [latin1]{inputenc}
in the document preamble.
Alternatively, save the file in UTF-8 using your editor or another tool


../matlab/modules/ik_comparison.m:6: LaTeX Error: Invalid UTF-8 byte sequence (�\lst@FillFixed@).

See the LaTeX manual or LaTeX Companion for explanation.
Type  H <return>  for immediate help.
 ...                                              
                                                  
l.6 %   q_ref = [0°,
                      45°, 45°, 45°, 45°, 45°]
The document does not appear to be in UTF-8 encoding.
Try adding \UseRawInputEncoding as the first line of the file
or specify an encoding such as \usepackage [latin1]{inputenc}
in the document preamble.
Alternatively, save the file in UTF-8 using your editor or another tool


../matlab/modules/ik_comparison.m:6: LaTeX Error: Invalid UTF-8 byte "B0.

See the LaTeX manual or LaTeX Companion for explanation.
Type  H <return>  for immediate help.
 ...                                              
                                                  
l.6 %   q_ref = [0°,
                      45°, 45°, 45°, 45°, 45°]
The document does not appear to be in UTF-8 encoding.
Try adding \UseRawInputEncoding as the first line of the file
or specify an encoding such as \usepackage [latin1]{inputenc}
in the document preamble.
Alternatively, save the file in UTF-8 using your editor or another tool


../matlab/modules/ik_comparison.m:6: LaTeX Error: Invalid UTF-8 byte sequence (�\lst@FillFixed@).

See the LaTeX manual or LaTeX Companion for explanation.
Type  H <return>  for immediate help.
 ...                                              
                                                  
l.6 %   q_ref = [0°, 45°,
                            45°, 45°, 45°, 45°]
The document does not appear to be in UTF-8 encoding.
Try adding \UseRawInputEncoding as the first line of the file
or specify an encoding such as \usepackage [latin1]{inputenc}
in the document preamble.
Alternatively, save the file in UTF-8 using your editor or another tool


../matlab/modules/ik_comparison.m:6: LaTeX Error: Invalid UTF-8 byte "B0.

See the LaTeX manual or LaTeX Companion for explanation.
Type  H <return>  for immediate help.
 ...                                              
                                                  
l.6 %   q_ref = [0°, 45°,
                            45°, 45°, 45°, 45°]
The document does not appear to be in UTF-8 encoding.
Try adding \UseRawInputEncoding as the first line of the file
or specify an encoding such as \usepackage [latin1]{inputenc}
in the document preamble.
Alternatively, save the file in UTF-8 using your editor or another tool


../matlab/modules/ik_comparison.m:6: LaTeX Error: Invalid UTF-8 byte sequence (�\lst@FillFixed@).

See the LaTeX manual or LaTeX Companion for explanation.
Type  H <return>  for immediate help.
 ...                                              
                                                  
l.6 %   q_ref = [0°, 45°, 45°,
                                  45°, 45°, 45°]
The document does not appear to be in UTF-8 encoding.
Try adding \UseRawInputEncoding as the first line of the file
or specify an encoding such as \usepackage [latin1]{inputenc}
in the document preamble.
Alternatively, save the file in UTF-8 using your editor or another tool


../matlab/modules/ik_comparison.m:6: LaTeX Error: Invalid UTF-8 byte "B0.

See the LaTeX manual or LaTeX Companion for explanation.
Type  H <return>  for immediate help.
 ...                                              
                                                  
l.6 %   q_ref = [0°, 45°, 45°,
                                  45°, 45°, 45°]
The document does not appear to be in UTF-8 encoding.
Try adding \UseRawInputEncoding as the first line of the file
or specify an encoding such as \usepackage [latin1]{inputenc}
in the document preamble.
Alternatively, save the file in UTF-8 using your editor or another tool


../matlab/modules/ik_comparison.m:6: LaTeX Error: Invalid UTF-8 byte sequence (�\lst@FillFixed@).

See the LaTeX manual or LaTeX Companion for explanation.
Type  H <return>  for immediate help.
 ...                                              
                                                  
l.6 %   q_ref = [0°, 45°, 45°, 45°,
                                        45°, 45°]
The document does not appear to be in UTF-8 encoding.
Try adding \UseRawInputEncoding as the first line of the file
or specify an encoding such as \usepackage [latin1]{inputenc}
in the document preamble.
Alternatively, save the file in UTF-8 using your editor or another tool


../matlab/modules/ik_comparison.m:6: LaTeX Error: Invalid UTF-8 byte "B0.

See the LaTeX manual or LaTeX Companion for explanation.
Type  H <return>  for immediate help.
 ...                                              
                                                  
l.6 %   q_ref = [0°, 45°, 45°, 45°,
                                        45°, 45°]
The document does not appear to be in UTF-8 encoding.
Try adding \UseRawInputEncoding as the first line of the file
or specify an encoding such as \usepackage [latin1]{inputenc}
in the document preamble.
Alternatively, save the file in UTF-8 using your editor or another tool


../matlab/modules/ik_comparison.m:6: LaTeX Error: Invalid UTF-8 byte sequence (�\lst@FillFixed@).

See the LaTeX manual or LaTeX Companion for explanation.
Type  H <return>  for immediate help.
 ...                                              
                                                  
l.6 %   q_ref = [0°, 45°, 45°, 45°, 45°,
                                              45°]
The document does not appear to be in UTF-8 encoding.
Try adding \UseRawInputEncoding as the first line of the file
or specify an encoding such as \usepackage [latin1]{inputenc}
in the document preamble.
Alternatively, save the file in UTF-8 using your editor or another tool


../matlab/modules/ik_comparison.m:6: LaTeX Error: Invalid UTF-8 byte "B0.

See the LaTeX manual or LaTeX Companion for explanation.
Type  H <return>  for immediate help.
 ...                                              
                                                  
l.6 %   q_ref = [0°, 45°, 45°, 45°, 45°,
                                              45°]
The document does not appear to be in UTF-8 encoding.
Try adding \UseRawInputEncoding as the first line of the file
or specify an encoding such as \usepackage [latin1]{inputenc}
in the document preamble.
Alternatively, save the file in UTF-8 using your editor or another tool


../matlab/modules/ik_comparison.m:6: LaTeX Error: Invalid UTF-8 byte sequence (�\lst@FillFixed@).

See the LaTeX manual or LaTeX Companion for explanation.
Type  H <return>  for immediate help.
 ...                                              
                                                  
l.6 ...q_ref = [0°, 45°, 45°, 45°, 45°, 45°]
                                                  
The document does not appear to be in UTF-8 encoding.
Try adding \UseRawInputEncoding as the first line of the file
or specify an encoding such as \usepackage [latin1]{inputenc}
in the document preamble.
Alternatively, save the file in UTF-8 using your editor or another tool


../matlab/modules/ik_comparison.m:6: LaTeX Error: Invalid UTF-8 byte "B0.

See the LaTeX manual or LaTeX Companion for explanation.
Type  H <return>  for immediate help.
 ...                                              
                                                  
l.6 ...q_ref = [0°, 45°, 45°, 45°, 45°, 45°]
                                                  
The document does not appear to be in UTF-8 encoding.
Try adding \UseRawInputEncoding as the first line of the file
or specify an encoding such as \usepackage [latin1]{inputenc}
in the document preamble.
Alternatively, save the file in UTF-8 using your editor or another tool


../matlab/modules/ik_comparison.m:8: LaTeX Error: Invalid UTF-8 byte sequence (�\expandafter).

See the LaTeX manual or LaTeX Companion for explanation.
Type  H <return>  for immediate help.
 ...                                              
                                                  
l.8 % Genera 2^3 = 8 combinaciones (válidas 
                                             dentro de qlim) y anima el robot
The document does not appear to be in UTF-8 encoding.
Try adding \UseRawInputEncoding as the first line of the file
or specify an encoding such as \usepackage [latin1]{inputenc}
in the document preamble.
Alternatively, save the file in UTF-8 using your editor or another tool


../matlab/modules/ik_comparison.m:8: LaTeX Error: Invalid UTF-8 byte "A1.

See the LaTeX manual or LaTeX Companion for explanation.
Type  H <return>  for immediate help.
 ...                                              
                                                  
l.8 % Genera 2^3 = 8 combinaciones (válidas 
                                             dentro de qlim) y anima el robot
The document does not appear to be in UTF-8 encoding.
Try adding \UseRawInputEncoding as the first line of the file
or specify an encoding such as \usepackage [latin1]{inputenc}
in the document preamble.
Alternatively, save the file in UTF-8 using your editor or another tool


../matlab/modules/ik_comparison.m:9: LaTeX Error: Invalid UTF-8 byte sequence (�\expandafter).

See the LaTeX manual or LaTeX Companion for explanation.
Type  H <return>  for immediate help.
 ...                                              
                                                  
l.9 % moviéndose 
                  entre ellas en espacio articular.  Al llegar a cada posición
The document does not appear to be in UTF-8 encoding.
Try adding \UseRawInputEncoding as the first line of the file
or specify an encoding such as \usepackage [latin1]{inputenc}
in the document preamble.
Alternatively, save the file in UTF-8 using your editor or another tool


../matlab/modules/ik_comparison.m:9: LaTeX Error: Invalid UTF-8 byte "A9.

See the LaTeX manual or LaTeX Companion for explanation.
Type  H <return>  for immediate help.
 ...                                              
                                                  
l.9 % moviéndose 
                  entre ellas en espacio articular.  Al llegar a cada posición
The document does not appear to be in UTF-8 encoding.
Try adding \UseRawInputEncoding as the first line of the file
or specify an encoding such as \usepackage [latin1]{inputenc}
in the document preamble.
Alternatively, save the file in UTF-8 using your editor or another tool


../matlab/modules/ik_comparison.m:9: LaTeX Error: Invalid UTF-8 byte sequence (�\expandafter).

See the LaTeX manual or LaTeX Companion for explanation.
Type  H <return>  for immediate help.
 ...                                              
                                                  
l.9 ...acio articular.  Al llegar a cada posición
                                                  
The document does not appear to be in UTF-8 encoding.
Try adding \UseRawInputEncoding as the first line of the file
or specify an encoding such as \usepackage [latin1]{inputenc}
in the document preamble.
Alternatively, save the file in UTF-8 using your editor or another tool


../matlab/modules/ik_comparison.m:9: LaTeX Error: Invalid UTF-8 byte "B3.

See the LaTeX manual or LaTeX Companion for explanation.
Type  H <return>  for immediate help.
 ...                                              
                                                  
l.9 ...acio articular.  Al llegar a cada posición
                                                  
The document does not appear to be in UTF-8 encoding.
Try adding \UseRawInputEncoding as the first line of the file
or specify an encoding such as \usepackage [latin1]{inputenc}
in the document preamble.
Alternatively, save the file in UTF-8 using your editor or another tool


../matlab/modules/ik_comparison.m:10: LaTeX Error: Invalid UTF-8 byte sequence (�\expandafter).

See the LaTeX manual or LaTeX Companion for explanation.
Type  H <return>  for immediate help.
 ...                                              
                                                  
l.10 % se habilita el botón 
                             CONTINUAR en la figura.
The document does not appear to be in UTF-8 encoding.
Try adding \UseRawInputEncoding as the first line of the file
or specify an encoding such as \usepackage [latin1]{inputenc}
in the document preamble.
Alternatively, save the file in UTF-8 using your editor or another tool


../matlab/modules/ik_comparison.m:10: LaTeX Error: Invalid UTF-8 byte "B3.

See the LaTeX manual or LaTeX Companion for explanation.
Type  H <return>  for immediate help.
 ...                                              
                                                  
l.10 % se habilita el botón 
                             CONTINUAR en la figura.
The document does not appear to be in UTF-8 encoding.
Try adding \UseRawInputEncoding as the first line of the file
or specify an encoding such as \usepackage [latin1]{inputenc}
in the document preamble.
Alternatively, save the file in UTF-8 using your editor or another tool

[63]

../matlab/modules/ik_comparison.m:31: LaTeX Error: Invalid UTF-8 byte sequence (�\expandafter).

See the LaTeX manual or LaTeX Companion for explanation.
Type  H <return>  for immediate help.
 ...                                              
                                                  
l.31 %% 2. IK y extracción 
                            de solución geométrica base
The document does not appear to be in UTF-8 encoding.
Try adding \UseRawInputEncoding as the first line of the file
or specify an encoding such as \usepackage [latin1]{inputenc}
in the document preamble.
Alternatively, save the file in UTF-8 using your editor or another tool


../matlab/modules/ik_comparison.m:31: LaTeX Error: Invalid UTF-8 byte "B3.

See the LaTeX manual or LaTeX Companion for explanation.
Type  H <return>  for immediate help.
 ...                                              
                                                  
l.31 %% 2. IK y extracción 
                            de solución geométrica base
The document does not appear to be in UTF-8 encoding.
Try adding \UseRawInputEncoding as the first line of the file
or specify an encoding such as \usepackage [latin1]{inputenc}
in the document preamble.
Alternatively, save the file in UTF-8 using your editor or another tool


../matlab/modules/ik_comparison.m:31: LaTeX Error: Invalid UTF-8 byte sequence (�\expandafter).

See the LaTeX manual or LaTeX Companion for explanation.
Type  H <return>  for immediate help.
 ...                                              
                                                  
l.31 %% 2. IK y extracción de solución 
                                         geométrica base
The document does not appear to be in UTF-8 encoding.
Try adding \UseRawInputEncoding as the first line of the file
or specify an encoding such as \usepackage [latin1]{inputenc}
in the document preamble.
Alternatively, save the file in UTF-8 using your editor or another tool


../matlab/modules/ik_comparison.m:31: LaTeX Error: Invalid UTF-8 byte "B3.

See the LaTeX manual or LaTeX Companion for explanation.
Type  H <return>  for immediate help.
 ...                                              
                                                  
l.31 %% 2. IK y extracción de solución 
                                         geométrica base
The document does not appear to be in UTF-8 encoding.
Try adding \UseRawInputEncoding as the first line of the file
or specify an encoding such as \usepackage [latin1]{inputenc}
in the document preamble.
Alternatively, save the file in UTF-8 using your editor or another tool


../matlab/modules/ik_comparison.m:31: LaTeX Error: Invalid UTF-8 byte sequence (�\expandafter).

See the LaTeX manual or LaTeX Companion for explanation.
Type  H <return>  for immediate help.
 ...                                              
                                                  
l.31 ...IK y extracción de solución geométrica 
                                                  base
The document does not appear to be in UTF-8 encoding.
Try adding \UseRawInputEncoding as the first line of the file
or specify an encoding such as \usepackage [latin1]{inputenc}
in the document preamble.
Alternatively, save the file in UTF-8 using your editor or another tool


../matlab/modules/ik_comparison.m:31: LaTeX Error: Invalid UTF-8 byte "A9.

See the LaTeX manual or LaTeX Companion for explanation.
Type  H <return>  for immediate help.
 ...                                              
                                                  
l.31 ...IK y extracción de solución geométrica 
                                                  base
The document does not appear to be in UTF-8 encoding.
Try adding \UseRawInputEncoding as the first line of the file
or specify an encoding such as \usepackage [latin1]{inputenc}
in the document preamble.
Alternatively, save the file in UTF-8 using your editor or another tool


../matlab/modules/ik_comparison.m:35: LaTeX Error: Invalid UTF-8 byte sequence (�\expandafter).

See the LaTeX manual or LaTeX Companion for explanation.
Type  H <return>  for immediate help.
 ...                                              
                                                  
l.35 ...error('[IK_COMPARISON] La IK no encontró 
                                                  soluciones para la pose de...
The document does not appear to be in UTF-8 encoding.
Try adding \UseRawInputEncoding as the first line of the file
or specify an encoding such as \usepackage [latin1]{inputenc}
in the document preamble.
Alternatively, save the file in UTF-8 using your editor or another tool


../matlab/modules/ik_comparison.m:35: LaTeX Error: Invalid UTF-8 byte "B3.

See the LaTeX manual or LaTeX Companion for explanation.
Type  H <return>  for immediate help.
 ...                                              
                                                  
l.35 ...error('[IK_COMPARISON] La IK no encontró 
                                                  soluciones para la pose de...
The document does not appear to be in UTF-8 encoding.
Try adding \UseRawInputEncoding as the first line of the file
or specify an encoding such as \usepackage [latin1]{inputenc}
in the document preamble.
Alternatively, save the file in UTF-8 using your editor or another tool


../matlab/modules/ik_comparison.m:38: LaTeX Error: Invalid UTF-8 byte sequence (�\expandafter).

See the LaTeX manual or LaTeX Companion for explanation.
Type  H <return>  for immediate help.
 ...                                              
                                                  
l.38 % ampl_all_sol: 64 filas por solución 
                                            geométrica.
The document does not appear to be in UTF-8 encoding.
Try adding \UseRawInputEncoding as the first line of the file
or specify an encoding such as \usepackage [latin1]{inputenc}
in the document preamble.
Alternatively, save the file in UTF-8 using your editor or another tool


../matlab/modules/ik_comparison.m:38: LaTeX Error: Invalid UTF-8 byte "B3.

See the LaTeX manual or LaTeX Companion for explanation.
Type  H <return>  for immediate help.
 ...                                              
                                                  
l.38 % ampl_all_sol: 64 filas por solución 
                                            geométrica.
The document does not appear to be in UTF-8 encoding.
Try adding \UseRawInputEncoding as the first line of the file
or specify an encoding such as \usepackage [latin1]{inputenc}
in the document preamble.
Alternatively, save the file in UTF-8 using your editor or another tool


../matlab/modules/ik_comparison.m:38: LaTeX Error: Invalid UTF-8 byte sequence (�\expandafter).

See the LaTeX manual or LaTeX Companion for explanation.
Type  H <return>  for immediate help.
 ...                                              
                                                  
l.38 ...l_sol: 64 filas por solución geométrica.
                                                  
The document does not appear to be in UTF-8 encoding.
Try adding \UseRawInputEncoding as the first line of the file
or specify an encoding such as \usepackage [latin1]{inputenc}
in the document preamble.
Alternatively, save the file in UTF-8 using your editor or another tool


../matlab/modules/ik_comparison.m:38: LaTeX Error: Invalid UTF-8 byte "A9.

See the LaTeX manual or LaTeX Companion for explanation.
Type  H <return>  for immediate help.
 ...                                              
                                                  
l.38 ...l_sol: 64 filas por solución geométrica.
                                                  
The document does not appear to be in UTF-8 encoding.
Try adding \UseRawInputEncoding as the first line of the file
or specify an encoding such as \usepackage [latin1]{inputenc}
in the document preamble.
Alternatively, save the file in UTF-8 using your editor or another tool


../matlab/modules/ik_comparison.m:39: LaTeX Error: Invalid UTF-8 byte sequence (�\expandafter).

See the LaTeX manual or LaTeX Companion for explanation.
Type  H <return>  for immediate help.
 ...                                              
                                                  
l.39 ...ila 64*(i-1)+1 corresponde a la solución 
                                                  geométrica i sin shifts.
The document does not appear to be in UTF-8 encoding.
Try adding \UseRawInputEncoding as the first line of the file
or specify an encoding such as \usepackage [latin1]{inputenc}
in the document preamble.
Alternatively, save the file in UTF-8 using your editor or another tool


../matlab/modules/ik_comparison.m:39: LaTeX Error: Invalid UTF-8 byte "B3.

See the LaTeX manual or LaTeX Companion for explanation.
Type  H <return>  for immediate help.
 ...                                              
                                                  
l.39 ...ila 64*(i-1)+1 corresponde a la solución 
                                                  geométrica i sin shifts.
The document does not appear to be in UTF-8 encoding.
Try adding \UseRawInputEncoding as the first line of the file
or specify an encoding such as \usepackage [latin1]{inputenc}
in the document preamble.
Alternatively, save the file in UTF-8 using your editor or another tool


../matlab/modules/ik_comparison.m:39: LaTeX Error: Invalid UTF-8 byte sequence (�\expandafter).

See the LaTeX manual or LaTeX Companion for explanation.
Type  H <return>  for immediate help.
 ...                                              
                                                  
l.39 ...+1 corresponde a la solución geométrica 
                                                  i sin shifts.
The document does not appear to be in UTF-8 encoding.
Try adding \UseRawInputEncoding as the first line of the file
or specify an encoding such as \usepackage [latin1]{inputenc}
in the document preamble.
Alternatively, save the file in UTF-8 using your editor or another tool


../matlab/modules/ik_comparison.m:39: LaTeX Error: Invalid UTF-8 byte "A9.

See the LaTeX manual or LaTeX Companion for explanation.
Type  H <return>  for immediate help.
 ...                                              
                                                  
l.39 ...+1 corresponde a la solución geométrica 
                                                  i sin shifts.
The document does not appear to be in UTF-8 encoding.
Try adding \UseRawInputEncoding as the first line of the file
or specify an encoding such as \usepackage [latin1]{inputenc}
in the document preamble.
Alternatively, save the file in UTF-8 using your editor or another tool


../matlab/modules/ik_comparison.m:45: LaTeX Error: Invalid UTF-8 byte sequence (�\expandafter).

See the LaTeX manual or LaTeX Companion for explanation.
Type  H <return>  for immediate help.
 ...                                              
                                                  
l.45 fprintf('[IK_COMPARISON] Solución 
                                        geométrica base (la más cercana a ...
The document does not appear to be in UTF-8 encoding.
Try adding \UseRawInputEncoding as the first line of the file
or specify an encoding such as \usepackage [latin1]{inputenc}
in the document preamble.
Alternatively, save the file in UTF-8 using your editor or another tool


../matlab/modules/ik_comparison.m:45: LaTeX Error: Invalid UTF-8 byte "B3.

See the LaTeX manual or LaTeX Companion for explanation.
Type  H <return>  for immediate help.
 ...                                              
                                                  
l.45 fprintf('[IK_COMPARISON] Solución 
                                        geométrica base (la más cercana a ...
The document does not appear to be in UTF-8 encoding.
Try adding \UseRawInputEncoding as the first line of the file
or specify an encoding such as \usepackage [latin1]{inputenc}
in the document preamble.
Alternatively, save the file in UTF-8 using your editor or another tool


../matlab/modules/ik_comparison.m:45: LaTeX Error: Invalid UTF-8 byte sequence (�\expandafter).

See the LaTeX manual or LaTeX Companion for explanation.
Type  H <return>  for immediate help.
 ...                                              
                                                  
l.45 ...tf('[IK_COMPARISON] Solución geométrica 
                                                  base (la más cercana a q_...
The document does not appear to be in UTF-8 encoding.
Try adding \UseRawInputEncoding as the first line of the file
or specify an encoding such as \usepackage [latin1]{inputenc}
in the document preamble.
Alternatively, save the file in UTF-8 using your editor or another tool


../matlab/modules/ik_comparison.m:45: LaTeX Error: Invalid UTF-8 byte "A9.

See the LaTeX manual or LaTeX Companion for explanation.
Type  H <return>  for immediate help.
 ...                                              
                                                  
l.45 ...tf('[IK_COMPARISON] Solución geométrica 
                                                  base (la más cercana a q_...
The document does not appear to be in UTF-8 encoding.
Try adding \UseRawInputEncoding as the first line of the file
or specify an encoding such as \usepackage [latin1]{inputenc}
in the document preamble.
Alternatively, save the file in UTF-8 using your editor or another tool


../matlab/modules/ik_comparison.m:45: LaTeX Error: Invalid UTF-8 byte sequence (�\expandafter).

See the LaTeX manual or LaTeX Companion for explanation.
Type  H <return>  for immediate help.
 ...                                              
                                                  
l.45 ...ISON] Solución geométrica base (la más 
                                                  cercana a q_ref):\n');
The document does not appear to be in UTF-8 encoding.
Try adding \UseRawInputEncoding as the first line of the file
or specify an encoding such as \usepackage [latin1]{inputenc}
in the document preamble.
Alternatively, save the file in UTF-8 using your editor or another tool


../matlab/modules/ik_comparison.m:45: LaTeX Error: Invalid UTF-8 byte "A1.

See the LaTeX manual or LaTeX Companion for explanation.
Type  H <return>  for immediate help.
 ...                                              
                                                  
l.45 ...ISON] Solución geométrica base (la más 
                                                  cercana a q_ref):\n');
The document does not appear to be in UTF-8 encoding.
Try adding \UseRawInputEncoding as the first line of the file
or specify an encoding such as \usepackage [latin1]{inputenc}
in the document preamble.
Alternatively, save the file in UTF-8 using your editor or another tool


../matlab/modules/ik_comparison.m:46: LaTeX Error: Invalid UTF-8 byte sequence (�\expandafter).

See the LaTeX manual or LaTeX Companion for explanation.
Type  H <return>  for immediate help.
 ...                                              
                                                  
l.46 fprintf('  [ ');  fprintf('%.1f° 
                                        ', q_geo * 180/pi);  fprintf(']\n');
The document does not appear to be in UTF-8 encoding.
Try adding \UseRawInputEncoding as the first line of the file
or specify an encoding such as \usepackage [latin1]{inputenc}
in the document preamble.
Alternatively, save the file in UTF-8 using your editor or another tool


../matlab/modules/ik_comparison.m:46: LaTeX Error: Invalid UTF-8 byte "B0.

See the LaTeX manual or LaTeX Companion for explanation.
Type  H <return>  for immediate help.
 ...                                              
                                                  
l.46 fprintf('  [ ');  fprintf('%.1f° 
                                        ', q_geo * 180/pi);  fprintf(']\n');
The document does not appear to be in UTF-8 encoding.
Try adding \UseRawInputEncoding as the first line of the file
or specify an encoding such as \usepackage [latin1]{inputenc}
in the document preamble.
Alternatively, save the file in UTF-8 using your editor or another tool


../matlab/modules/ik_comparison.m:48: LaTeX Error: Invalid UTF-8 byte sequence (�\expandafter).

See the LaTeX manual or LaTeX Companion for explanation.
Type  H <return>  for immediate help.
 ...                                              
                                                  
l.48 %% 3. Variantes periódicas 
                                 en q1, q2, q3 (mismo criterio que inv_kinem...
The document does not appear to be in UTF-8 encoding.
Try adding \UseRawInputEncoding as the first line of the file
or specify an encoding such as \usepackage [latin1]{inputenc}
in the document preamble.
Alternatively, save the file in UTF-8 using your editor or another tool


../matlab/modules/ik_comparison.m:48: LaTeX Error: Invalid UTF-8 byte "B3.

See the LaTeX manual or LaTeX Companion for explanation.
Type  H <return>  for immediate help.
 ...                                              
                                                  
l.48 %% 3. Variantes periódicas 
                                 en q1, q2, q3 (mismo criterio que inv_kinem...
The document does not appear to be in UTF-8 encoding.
Try adding \UseRawInputEncoding as the first line of the file
or specify an encoding such as \usepackage [latin1]{inputenc}
in the document preamble.
Alternatively, save the file in UTF-8 using your editor or another tool


../matlab/modules/ik_comparison.m:49: LaTeX Error: Invalid UTF-8 byte sequence (�\lst@FillFixed@).

See the LaTeX manual or LaTeX Companion for explanation.
Type  H <return>  for immediate help.
 ...                                              
                                                  
l.49 ..._geo(j) >= 0: alternativa = q_geo(j) - 2π
                                                  
The document does not appear to be in UTF-8 encoding.
Try adding \UseRawInputEncoding as the first line of the file
or specify an encoding such as \usepackage [latin1]{inputenc}
in the document preamble.
Alternatively, save the file in UTF-8 using your editor or another tool


../matlab/modules/ik_comparison.m:49: LaTeX Error: Invalid UTF-8 byte "80.

See the LaTeX manual or LaTeX Companion for explanation.
Type  H <return>  for immediate help.
 ...                                              
                                                  
l.49 ..._geo(j) >= 0: alternativa = q_geo(j) - 2π
                                                  
The document does not appear to be in UTF-8 encoding.
Try adding \UseRawInputEncoding as the first line of the file
or specify an encoding such as \usepackage [latin1]{inputenc}
in the document preamble.
Alternatively, save the file in UTF-8 using your editor or another tool


../matlab/modules/ik_comparison.m:50: LaTeX Error: Invalid UTF-8 byte sequence (�\lst@FillFixed@).

See the LaTeX manual or LaTeX Companion for explanation.
Type  H <return>  for immediate help.
 ...                                              
                                                  
l.50 ..._geo(j) <  0: alternativa = q_geo(j) + 2π
                                                  
The document does not appear to be in UTF-8 encoding.
Try adding \UseRawInputEncoding as the first line of the file
or specify an encoding such as \usepackage [latin1]{inputenc}
in the document preamble.
Alternatively, save the file in UTF-8 using your editor or another tool


../matlab/modules/ik_comparison.m:50: LaTeX Error: Invalid UTF-8 byte "80.

See the LaTeX manual or LaTeX Companion for explanation.
Type  H <return>  for immediate help.
 ...                                              
                                                  
l.50 ..._geo(j) <  0: alternativa = q_geo(j) + 2π
                                                  
The document does not appear to be in UTF-8 encoding.
Try adding \UseRawInputEncoding as the first line of the file
or specify an encoding such as \usepackage [latin1]{inputenc}
in the document preamble.
Alternatively, save the file in UTF-8 using your editor or another tool

[64]

../matlab/modules/ik_comparison.m:79: LaTeX Error: Invalid UTF-8 byte sequence (�\expandafter).

See the LaTeX manual or LaTeX Companion for explanation.
Type  H <return>  for immediate help.
 ...                                              
                                                  
l.79 fprintf('[IK_COMPARISON] Variantes válidas:
                                                  %d / 8\n', n_sol);
The document does not appear to be in UTF-8 encoding.
Try adding \UseRawInputEncoding as the first line of the file
or specify an encoding such as \usepackage [latin1]{inputenc}
in the document preamble.
Alternatively, save the file in UTF-8 using your editor or another tool


../matlab/modules/ik_comparison.m:79: LaTeX Error: Invalid UTF-8 byte "A1.

See the LaTeX manual or LaTeX Companion for explanation.
Type  H <return>  for immediate help.
 ...                                              
                                                  
l.79 fprintf('[IK_COMPARISON] Variantes válidas:
                                                  %d / 8\n', n_sol);
The document does not appear to be in UTF-8 encoding.
Try adding \UseRawInputEncoding as the first line of the file
or specify an encoding such as \usepackage [latin1]{inputenc}
in the document preamble.
Alternatively, save the file in UTF-8 using your editor or another tool


../matlab/modules/ik_comparison.m:82: LaTeX Error: Invalid UTF-8 byte sequence (�\expandafter).

See the LaTeX manual or LaTeX Companion for explanation.
Type  H <return>  for immediate help.
 ...                                              
                                                  
l.82 ...K_COMPARISON] Ninguna variante periódica 
                                                  cae dentro de los límites...
The document does not appear to be in UTF-8 encoding.
Try adding \UseRawInputEncoding as the first line of the file
or specify an encoding such as \usepackage [latin1]{inputenc}
in the document preamble.
Alternatively, save the file in UTF-8 using your editor or another tool


../matlab/modules/ik_comparison.m:82: LaTeX Error: Invalid UTF-8 byte "B3.

See the LaTeX manual or LaTeX Companion for explanation.
Type  H <return>  for immediate help.
 ...                                              
                                                  
l.82 ...K_COMPARISON] Ninguna variante periódica 
                                                  cae dentro de los límites...
The document does not appear to be in UTF-8 encoding.
Try adding \UseRawInputEncoding as the first line of the file
or specify an encoding such as \usepackage [latin1]{inputenc}
in the document preamble.
Alternatively, save the file in UTF-8 using your editor or another tool


../matlab/modules/ik_comparison.m:82: LaTeX Error: Invalid UTF-8 byte sequence (�\expandafter).

See the LaTeX manual or LaTeX Companion for explanation.
Type  H <return>  for immediate help.
 ...                                              
                                                  
l.82 ...nte periódica cae dentro de los límites 
                                                  articulares.');
The document does not appear to be in UTF-8 encoding.
Try adding \UseRawInputEncoding as the first line of the file
or specify an encoding such as \usepackage [latin1]{inputenc}
in the document preamble.
Alternatively, save the file in UTF-8 using your editor or another tool


../matlab/modules/ik_comparison.m:82: LaTeX Error: Invalid UTF-8 byte "AD.

See the LaTeX manual or LaTeX Companion for explanation.
Type  H <return>  for immediate help.
 ...                                              
                                                  
l.82 ...nte periódica cae dentro de los límites 
                                                  articulares.');
The document does not appear to be in UTF-8 encoding.
Try adding \UseRawInputEncoding as the first line of the file
or specify an encoding such as \usepackage [latin1]{inputenc}
in the document preamble.
Alternatively, save the file in UTF-8 using your editor or another tool


../matlab/modules/ik_comparison.m:91: LaTeX Error: Invalid UTF-8 byte sequence (�\lst@FillFixed@\lst@EC�).

See the LaTeX manual or LaTeX Companion for explanation.
Type  H <return>  for immediate help.
 ...                                              
                                                  
l.91 fig = figure('Name', 'IK Comparison — 
                                             Periodicidad Articular', ...
The document does not appear to be in UTF-8 encoding.
Try adding \UseRawInputEncoding as the first line of the file
or specify an encoding such as \usepackage [latin1]{inputenc}
in the document preamble.
Alternatively, save the file in UTF-8 using your editor or another tool


../matlab/modules/ik_comparison.m:91: LaTeX Error: Invalid UTF-8 byte "94.

See the LaTeX manual or LaTeX Companion for explanation.
Type  H <return>  for immediate help.
 ...                                              
                                                  
l.91 fig = figure('Name', 'IK Comparison — 
                                             Periodicidad Articular', ...
The document does not appear to be in UTF-8 encoding.
Try adding \UseRawInputEncoding as the first line of the file
or specify an encoding such as \usepackage [latin1]{inputenc}
in the document preamble.
Alternatively, save the file in UTF-8 using your editor or another tool


../matlab/modules/ik_comparison.m:94: LaTeX Error: Invalid UTF-8 byte sequence (�\expandafter).

See the LaTeX manual or LaTeX Companion for explanation.
Type  H <return>  for immediate help.
 ...                                              
                                                  
l.94 % Eje invisible para el título 
                                     dinámico (arriba del robot)
The document does not appear to be in UTF-8 encoding.
Try adding \UseRawInputEncoding as the first line of the file
or specify an encoding such as \usepackage [latin1]{inputenc}
in the document preamble.
Alternatively, save the file in UTF-8 using your editor or another tool


../matlab/modules/ik_comparison.m:94: LaTeX Error: Invalid UTF-8 byte "AD.

See the LaTeX manual or LaTeX Companion for explanation.
Type  H <return>  for immediate help.
 ...                                              
                                                  
l.94 % Eje invisible para el título 
                                     dinámico (arriba del robot)
The document does not appear to be in UTF-8 encoding.
Try adding \UseRawInputEncoding as the first line of the file
or specify an encoding such as \usepackage [latin1]{inputenc}
in the document preamble.
Alternatively, save the file in UTF-8 using your editor or another tool


../matlab/modules/ik_comparison.m:94: LaTeX Error: Invalid UTF-8 byte sequence (�\expandafter).

See the LaTeX manual or LaTeX Companion for explanation.
Type  H <return>  for immediate help.
 ...                                              
                                                  
l.94 % Eje invisible para el título dinámico 
                                               (arriba del robot)
The document does not appear to be in UTF-8 encoding.
Try adding \UseRawInputEncoding as the first line of the file
or specify an encoding such as \usepackage [latin1]{inputenc}
in the document preamble.
Alternatively, save the file in UTF-8 using your editor or another tool


../matlab/modules/ik_comparison.m:94: LaTeX Error: Invalid UTF-8 byte "A1.

See the LaTeX manual or LaTeX Companion for explanation.
Type  H <return>  for immediate help.
 ...                                              
                                                  
l.94 % Eje invisible para el título dinámico 
                                               (arriba del robot)
The document does not appear to be in UTF-8 encoding.
Try adding \UseRawInputEncoding as the first line of the file
or specify an encoding such as \usepackage [latin1]{inputenc}
in the document preamble.
Alternatively, save the file in UTF-8 using your editor or another tool


../matlab/modules/ik_comparison.m:105: LaTeX Error: Invalid UTF-8 byte sequence (�\lst@FillFixed@\lst@EC�).

See the LaTeX manual or LaTeX Companion for explanation.
Type  H <return>  for immediate help.
 ...                                              
                                                  
l.105     'String', 'CONTINUAR  →'
                                    , 'FontSize', 12, 'FontWeight', 'bold', ...
The document does not appear to be in UTF-8 encoding.
Try adding \UseRawInputEncoding as the first line of the file
or specify an encoding such as \usepackage [latin1]{inputenc}
in the document preamble.
Alternatively, save the file in UTF-8 using your editor or another tool


../matlab/modules/ik_comparison.m:105: LaTeX Error: Invalid UTF-8 byte "92.

See the LaTeX manual or LaTeX Companion for explanation.
Type  H <return>  for immediate help.
 ...                                              
                                                  
l.105     'String', 'CONTINUAR  →'
                                    , 'FontSize', 12, 'FontWeight', 'bold', ...
The document does not appear to be in UTF-8 encoding.
Try adding \UseRawInputEncoding as the first line of the file
or specify an encoding such as \usepackage [latin1]{inputenc}
in the document preamble.
Alternatively, save the file in UTF-8 using your editor or another tool


../matlab/modules/ik_comparison.m:118: LaTeX Error: Invalid UTF-8 byte sequence (�\lst@FillFixed@\lst@EC�).

See the LaTeX manual or LaTeX Companion for explanation.
Type  H <return>  for immediate help.
 ...                                              
                                                  
l.118 ...CIONES', '{\color[rgb]{0.2,0.45,0.85}■}
                                                   con variantes periódicas...
The document does not appear to be in UTF-8 encoding.
Try adding \UseRawInputEncoding as the first line of the file
or specify an encoding such as \usepackage [latin1]{inputenc}
in the document preamble.
Alternatively, save the file in UTF-8 using your editor or another tool


../matlab/modules/ik_comparison.m:118: LaTeX Error: Invalid UTF-8 byte "A0.

See the LaTeX manual or LaTeX Companion for explanation.
Type  H <return>  for immediate help.
 ...                                              
                                                  
l.118 ...CIONES', '{\color[rgb]{0.2,0.45,0.85}■}
                                                   con variantes periódicas...
The document does not appear to be in UTF-8 encoding.
Try adding \UseRawInputEncoding as the first line of the file
or specify an encoding such as \usepackage [latin1]{inputenc}
in the document preamble.
Alternatively, save the file in UTF-8 using your editor or another tool


../matlab/modules/ik_comparison.m:118: LaTeX Error: Invalid UTF-8 byte sequence (�\expandafter).

See the LaTeX manual or LaTeX Companion for explanation.
Type  H <return>  for immediate help.
 ...                                              
                                                  
l.118 ...0.45,0.85}■} con variantes periódicas'
                                                  }, ...
The document does not appear to be in UTF-8 encoding.
Try adding \UseRawInputEncoding as the first line of the file
or specify an encoding such as \usepackage [latin1]{inputenc}
in the document preamble.
Alternatively, save the file in UTF-8 using your editor or another tool


../matlab/modules/ik_comparison.m:118: LaTeX Error: Invalid UTF-8 byte "B3.

See the LaTeX manual or LaTeX Companion for explanation.
Type  H <return>  for immediate help.
 ...                                              
                                                  
l.118 ...0.45,0.85}■} con variantes periódicas'
                                                  }, ...
The document does not appear to be in UTF-8 encoding.
Try adding \UseRawInputEncoding as the first line of the file
or specify an encoding such as \usepackage [latin1]{inputenc}
in the document preamble.
Alternatively, save the file in UTF-8 using your editor or another tool

[65]

../matlab/modules/ik_comparison.m:132: LaTeX Error: Invalid UTF-8 byte sequence (�\expandafter).

See the LaTeX manual or LaTeX Companion for explanation.
Type  H <return>  for immediate help.
 ...                                              
                                                  
l.132     % Línea 
                   central de referencia (posición media del rango)
The document does not appear to be in UTF-8 encoding.
Try adding \UseRawInputEncoding as the first line of the file
or specify an encoding such as \usepackage [latin1]{inputenc}
in the document preamble.
Alternatively, save the file in UTF-8 using your editor or another tool


../matlab/modules/ik_comparison.m:132: LaTeX Error: Invalid UTF-8 byte "AD.

See the LaTeX manual or LaTeX Companion for explanation.
Type  H <return>  for immediate help.
 ...                                              
                                                  
l.132     % Línea 
                   central de referencia (posición media del rango)
The document does not appear to be in UTF-8 encoding.
Try adding \UseRawInputEncoding as the first line of the file
or specify an encoding such as \usepackage [latin1]{inputenc}
in the document preamble.
Alternatively, save the file in UTF-8 using your editor or another tool


../matlab/modules/ik_comparison.m:132: LaTeX Error: Invalid UTF-8 byte sequence (�\expandafter).

See the LaTeX manual or LaTeX Companion for explanation.
Type  H <return>  for immediate help.
 ...                                              
                                                  
l.132 ... Línea central de referencia (posición 
                                                  media del rango)
The document does not appear to be in UTF-8 encoding.
Try adding \UseRawInputEncoding as the first line of the file
or specify an encoding such as \usepackage [latin1]{inputenc}
in the document preamble.
Alternatively, save the file in UTF-8 using your editor or another tool


../matlab/modules/ik_comparison.m:132: LaTeX Error: Invalid UTF-8 byte "B3.

See the LaTeX manual or LaTeX Companion for explanation.
Type  H <return>  for immediate help.
 ...                                              
                                                  
l.132 ... Línea central de referencia (posición 
                                                  media del rango)
The document does not appear to be in UTF-8 encoding.
Try adding \UseRawInputEncoding as the first line of the file
or specify an encoding such as \usepackage [latin1]{inputenc}
in the document preamble.
Alternatively, save the file in UTF-8 using your editor or another tool


../matlab/modules/ik_comparison.m:134: LaTeX Error: Invalid UTF-8 byte sequence (�\expandafter).

See the LaTeX manual or LaTeX Companion for explanation.
Type  H <return>  for immediate help.
 ...                                              
                                                  
l.134 ...q3: indica que tienen variante periódica
                                                  
The document does not appear to be in UTF-8 encoding.
Try adding \UseRawInputEncoding as the first line of the file
or specify an encoding such as \usepackage [latin1]{inputenc}
in the document preamble.
Alternatively, save the file in UTF-8 using your editor or another tool


../matlab/modules/ik_comparison.m:134: LaTeX Error: Invalid UTF-8 byte "B3.

See the LaTeX manual or LaTeX Companion for explanation.
Type  H <return>  for immediate help.
 ...                                              
                                                  
l.134 ...q3: indica que tienen variante periódica
                                                  
The document does not appear to be in UTF-8 encoding.
Try adding \UseRawInputEncoding as the first line of the file
or specify an encoding such as \usepackage [latin1]{inputenc}
in the document preamble.
Alternatively, save the file in UTF-8 using your editor or another tool


../matlab/modules/ik_comparison.m:139: LaTeX Error: Invalid UTF-8 byte sequence (�\expandafter).

See the LaTeX manual or LaTeX Companion for explanation.
Type  H <return>  for immediate help.
 ...                                              
                                                  
l.139     % Marcador de posición 
                                  actual (verde → rojo según proximidad a...
The document does not appear to be in UTF-8 encoding.
Try adding \UseRawInputEncoding as the first line of the file
or specify an encoding such as \usepackage [latin1]{inputenc}
in the document preamble.
Alternatively, save the file in UTF-8 using your editor or another tool


../matlab/modules/ik_comparison.m:139: LaTeX Error: Invalid UTF-8 byte "B3.

See the LaTeX manual or LaTeX Companion for explanation.
Type  H <return>  for immediate help.
 ...                                              
                                                  
l.139     % Marcador de posición 
                                  actual (verde → rojo según proximidad a...
The document does not appear to be in UTF-8 encoding.
Try adding \UseRawInputEncoding as the first line of the file
or specify an encoding such as \usepackage [latin1]{inputenc}
in the document preamble.
Alternatively, save the file in UTF-8 using your editor or another tool


../matlab/modules/ik_comparison.m:139: LaTeX Error: Invalid UTF-8 byte sequence (�\lst@FillFixed@\lst@EC�).

See the LaTeX manual or LaTeX Companion for explanation.
Type  H <return>  for immediate help.
 ...                                              
                                                  
l.139 ... Marcador de posición actual (verde → 
                                                  rojo según proximidad al ...
The document does not appear to be in UTF-8 encoding.
Try adding \UseRawInputEncoding as the first line of the file
or specify an encoding such as \usepackage [latin1]{inputenc}
in the document preamble.
Alternatively, save the file in UTF-8 using your editor or another tool


../matlab/modules/ik_comparison.m:139: LaTeX Error: Invalid UTF-8 byte "92.

See the LaTeX manual or LaTeX Companion for explanation.
Type  H <return>  for immediate help.
 ...                                              
                                                  
l.139 ... Marcador de posición actual (verde → 
                                                  rojo según proximidad al ...
The document does not appear to be in UTF-8 encoding.
Try adding \UseRawInputEncoding as the first line of the file
or specify an encoding such as \usepackage [latin1]{inputenc}
in the document preamble.
Alternatively, save the file in UTF-8 using your editor or another tool


../matlab/modules/ik_comparison.m:139: LaTeX Error: Invalid UTF-8 byte sequence (�\expandafter).

See the LaTeX manual or LaTeX Companion for explanation.
Type  H <return>  for immediate help.
 ...                                              
                                                  
l.139 ... posición actual (verde → rojo según 
                                                  proximidad al límite)
The document does not appear to be in UTF-8 encoding.
Try adding \UseRawInputEncoding as the first line of the file
or specify an encoding such as \usepackage [latin1]{inputenc}
in the document preamble.
Alternatively, save the file in UTF-8 using your editor or another tool


../matlab/modules/ik_comparison.m:139: LaTeX Error: Invalid UTF-8 byte "BA.

See the LaTeX manual or LaTeX Companion for explanation.
Type  H <return>  for immediate help.
 ...                                              
                                                  
l.139 ... posición actual (verde → rojo según 
                                                  proximidad al límite)
The document does not appear to be in UTF-8 encoding.
Try adding \UseRawInputEncoding as the first line of the file
or specify an encoding such as \usepackage [latin1]{inputenc}
in the document preamble.
Alternatively, save the file in UTF-8 using your editor or another tool


../matlab/modules/ik_comparison.m:139: LaTeX Error: Invalid UTF-8 byte sequence (�\expandafter).

See the LaTeX manual or LaTeX Companion for explanation.
Type  H <return>  for immediate help.
 ...                                              
                                                  
l.139 ...de → rojo según proximidad al límite)
                                                  
The document does not appear to be in UTF-8 encoding.
Try adding \UseRawInputEncoding as the first line of the file
or specify an encoding such as \usepackage [latin1]{inputenc}
in the document preamble.
Alternatively, save the file in UTF-8 using your editor or another tool


../matlab/modules/ik_comparison.m:139: LaTeX Error: Invalid UTF-8 byte "AD.

See the LaTeX manual or LaTeX Companion for explanation.
Type  H <return>  for immediate help.
 ...                                              
                                                  
l.139 ...de → rojo según proximidad al límite)
                                                  
The document does not appear to be in UTF-8 encoding.
Try adding \UseRawInputEncoding as the first line of the file
or specify an encoding such as \usepackage [latin1]{inputenc}
in the document preamble.
Alternatively, save the file in UTF-8 using your editor or another tool


../matlab/modules/ik_comparison.m:145: LaTeX Error: Invalid UTF-8 byte sequence (�\expandafter).

See the LaTeX manual or LaTeX Companion for explanation.
Type  H <return>  for immediate help.
 ...                                              
                                                  
l.145 .... Setup del robot en la primera posición
                                                  
The document does not appear to be in UTF-8 encoding.
Try adding \UseRawInputEncoding as the first line of the file
or specify an encoding such as \usepackage [latin1]{inputenc}
in the document preamble.
Alternatively, save the file in UTF-8 using your editor or another tool


../matlab/modules/ik_comparison.m:145: LaTeX Error: Invalid UTF-8 byte "B3.

See the LaTeX manual or LaTeX Companion for explanation.
Type  H <return>  for immediate help.
 ...                                              
                                                  
l.145 .... Setup del robot en la primera posición
                                                  
The document does not appear to be in UTF-8 encoding.
Try adding \UseRawInputEncoding as the first line of the file
or specify an encoding such as \usepackage [latin1]{inputenc}
in the document preamble.
Alternatively, save the file in UTF-8 using your editor or another tool


../matlab/modules/ik_comparison.m:156: LaTeX Error: Invalid UTF-8 byte sequence (�\expandafter).

See the LaTeX manual or LaTeX Companion for explanation.
Type  H <return>  for immediate help.
 ...                                              
                                                  
l.156 ...ar y esperar al usuario en cada solución
                                                  
The document does not appear to be in UTF-8 encoding.
Try adding \UseRawInputEncoding as the first line of the file
or specify an encoding such as \usepackage [latin1]{inputenc}
in the document preamble.
Alternatively, save the file in UTF-8 using your editor or another tool


../matlab/modules/ik_comparison.m:156: LaTeX Error: Invalid UTF-8 byte "B3.

See the LaTeX manual or LaTeX Companion for explanation.
Type  H <return>  for immediate help.
 ...                                              
                                                  
l.156 ...ar y esperar al usuario en cada solución
                                                  
The document does not appear to be in UTF-8 encoding.
Try adding \UseRawInputEncoding as the first line of the file
or specify an encoding such as \usepackage [latin1]{inputenc}
in the document preamble.
Alternatively, save the file in UTF-8 using your editor or another tool


../matlab/modules/ik_comparison.m:160: LaTeX Error: Invalid UTF-8 byte sequence (�\expandafter).

See the LaTeX manual or LaTeX Companion for explanation.
Type  H <return>  for immediate help.
 ...                                              
                                                  
l.160 ... 'String', sprintf('Viajando a solución 
                                                  %d / %d...', k, n_sol));
The document does not appear to be in UTF-8 encoding.
Try adding \UseRawInputEncoding as the first line of the file
or specify an encoding such as \usepackage [latin1]{inputenc}
in the document preamble.
Alternatively, save the file in UTF-8 using your editor or another tool


../matlab/modules/ik_comparison.m:160: LaTeX Error: Invalid UTF-8 byte "B3.

See the LaTeX manual or LaTeX Companion for explanation.
Type  H <return>  for immediate help.
 ...                                              
                                                  
l.160 ... 'String', sprintf('Viajando a solución 
                                                  %d / %d...', k, n_sol));
The document does not appear to be in UTF-8 encoding.
Try adding \UseRawInputEncoding as the first line of the file
or specify an encoding such as \usepackage [latin1]{inputenc}
in the document preamble.
Alternatively, save the file in UTF-8 using your editor or another tool


../matlab/modules/ik_comparison.m:164: LaTeX Error: Invalid UTF-8 byte sequence (�\expandafter).

See the LaTeX manual or LaTeX Companion for explanation.
Type  H <return>  for immediate help.
 ...                                              
                                                  
l.164         % Primera posición:
                                   robot ya está ahí desde el setup
The document does not appear to be in UTF-8 encoding.
Try adding \UseRawInputEncoding as the first line of the file
or specify an encoding such as \usepackage [latin1]{inputenc}
in the document preamble.
Alternatively, save the file in UTF-8 using your editor or another tool


../matlab/modules/ik_comparison.m:164: LaTeX Error: Invalid UTF-8 byte "B3.

See the LaTeX manual or LaTeX Companion for explanation.
Type  H <return>  for immediate help.
 ...                                              
                                                  
l.164         % Primera posición:
                                   robot ya está ahí desde el setup
The document does not appear to be in UTF-8 encoding.
Try adding \UseRawInputEncoding as the first line of the file
or specify an encoding such as \usepackage [latin1]{inputenc}
in the document preamble.
Alternatively, save the file in UTF-8 using your editor or another tool


../matlab/modules/ik_comparison.m:164: LaTeX Error: Invalid UTF-8 byte sequence (�\expandafter).

See the LaTeX manual or LaTeX Companion for explanation.
Type  H <return>  for immediate help.
 ...                                              
                                                  
l.164         % Primera posición: robot ya está 
                                                  ahí desde el setup
The document does not appear to be in UTF-8 encoding.
Try adding \UseRawInputEncoding as the first line of the file
or specify an encoding such as \usepackage [latin1]{inputenc}
in the document preamble.
Alternatively, save the file in UTF-8 using your editor or another tool


../matlab/modules/ik_comparison.m:164: LaTeX Error: Invalid UTF-8 byte "A1.

See the LaTeX manual or LaTeX Companion for explanation.
Type  H <return>  for immediate help.
 ...                                              
                                                  
l.164         % Primera posición: robot ya está 
                                                  ahí desde el setup
The document does not appear to be in UTF-8 encoding.
Try adding \UseRawInputEncoding as the first line of the file
or specify an encoding such as \usepackage [latin1]{inputenc}
in the document preamble.
Alternatively, save the file in UTF-8 using your editor or another tool


../matlab/modules/ik_comparison.m:164: LaTeX Error: Invalid UTF-8 byte sequence (�\expandafter).

See the LaTeX manual or LaTeX Companion for explanation.
Type  H <return>  for immediate help.
 ...                                              
                                                  
l.164 ...% Primera posición: robot ya está ahí 
                                                  desde el setup
The document does not appear to be in UTF-8 encoding.
Try adding \UseRawInputEncoding as the first line of the file
or specify an encoding such as \usepackage [latin1]{inputenc}
in the document preamble.
Alternatively, save the file in UTF-8 using your editor or another tool


../matlab/modules/ik_comparison.m:164: LaTeX Error: Invalid UTF-8 byte "AD.

See the LaTeX manual or LaTeX Companion for explanation.
Type  H <return>  for immediate help.
 ...                                              
                                                  
l.164 ...% Primera posición: robot ya está ahí 
                                                  desde el setup
The document does not appear to be in UTF-8 encoding.
Try adding \UseRawInputEncoding as the first line of the file
or specify an encoding such as \usepackage [latin1]{inputenc}
in the document preamble.
Alternatively, save the file in UTF-8 using your editor or another tool

[66]

../matlab/modules/ik_comparison.m:179: LaTeX Error: Invalid UTF-8 byte sequence (�\expandafter).

See the LaTeX manual or LaTeX Companion for explanation.
Type  H <return>  for immediate help.
 ...                                              
                                                  
l.179     % Asegurar posición 
                               exacta final y actualizar título
The document does not appear to be in UTF-8 encoding.
Try adding \UseRawInputEncoding as the first line of the file
or specify an encoding such as \usepackage [latin1]{inputenc}
in the document preamble.
Alternatively, save the file in UTF-8 using your editor or another tool


../matlab/modules/ik_comparison.m:179: LaTeX Error: Invalid UTF-8 byte "B3.

See the LaTeX manual or LaTeX Companion for explanation.
Type  H <return>  for immediate help.
 ...                                              
                                                  
l.179     % Asegurar posición 
                               exacta final y actualizar título
The document does not appear to be in UTF-8 encoding.
Try adding \UseRawInputEncoding as the first line of the file
or specify an encoding such as \usepackage [latin1]{inputenc}
in the document preamble.
Alternatively, save the file in UTF-8 using your editor or another tool


../matlab/modules/ik_comparison.m:179: LaTeX Error: Invalid UTF-8 byte sequence (�\expandafter).

See the LaTeX manual or LaTeX Companion for explanation.
Type  H <return>  for immediate help.
 ...                                              
                                                  
l.179 ...sición exacta final y actualizar título
                                                  
The document does not appear to be in UTF-8 encoding.
Try adding \UseRawInputEncoding as the first line of the file
or specify an encoding such as \usepackage [latin1]{inputenc}
in the document preamble.
Alternatively, save the file in UTF-8 using your editor or another tool


../matlab/modules/ik_comparison.m:179: LaTeX Error: Invalid UTF-8 byte "AD.

See the LaTeX manual or LaTeX Companion for explanation.
Type  H <return>  for immediate help.
 ...                                              
                                                  
l.179 ...sición exacta final y actualizar título
                                                  
The document does not appear to be in UTF-8 encoding.
Try adding \UseRawInputEncoding as the first line of the file
or specify an encoding such as \usepackage [latin1]{inputenc}
in the document preamble.
Alternatively, save the file in UTF-8 using your editor or another tool


../matlab/modules/ik_comparison.m:182: LaTeX Error: Invalid UTF-8 byte sequence (�\expandafter).

See the LaTeX manual or LaTeX Companion for explanation.
Type  H <return>  for immediate help.
 ...                                              
                                                  
l.182 ...et(h_title, 'String', sprintf('Solución 
                                                  %d / %d  —  %s', k, n_so...
The document does not appear to be in UTF-8 encoding.
Try adding \UseRawInputEncoding as the first line of the file
or specify an encoding such as \usepackage [latin1]{inputenc}
in the document preamble.
Alternatively, save the file in UTF-8 using your editor or another tool


../matlab/modules/ik_comparison.m:182: LaTeX Error: Invalid UTF-8 byte "B3.

See the LaTeX manual or LaTeX Companion for explanation.
Type  H <return>  for immediate help.
 ...                                              
                                                  
l.182 ...et(h_title, 'String', sprintf('Solución 
                                                  %d / %d  —  %s', k, n_so...
The document does not appear to be in UTF-8 encoding.
Try adding \UseRawInputEncoding as the first line of the file
or specify an encoding such as \usepackage [latin1]{inputenc}
in the document preamble.
Alternatively, save the file in UTF-8 using your editor or another tool


../matlab/modules/ik_comparison.m:182: LaTeX Error: Invalid UTF-8 byte sequence (�\lst@FillFixed@\lst@EC�).

See the LaTeX manual or LaTeX Companion for explanation.
Type  H <return>  for immediate help.
 ...                                              
                                                  
l.182 ...String', sprintf('Solución %d / %d  — 
                                                   %s', k, n_sol, sol_labels...
The document does not appear to be in UTF-8 encoding.
Try adding \UseRawInputEncoding as the first line of the file
or specify an encoding such as \usepackage [latin1]{inputenc}
in the document preamble.
Alternatively, save the file in UTF-8 using your editor or another tool


../matlab/modules/ik_comparison.m:182: LaTeX Error: Invalid UTF-8 byte "94.

See the LaTeX manual or LaTeX Companion for explanation.
Type  H <return>  for immediate help.
 ...                                              
                                                  
l.182 ...String', sprintf('Solución %d / %d  — 
                                                   %s', k, n_sol, sol_labels...
The document does not appear to be in UTF-8 encoding.
Try adding \UseRawInputEncoding as the first line of the file
or specify an encoding such as \usepackage [latin1]{inputenc}
in the document preamble.
Alternatively, save the file in UTF-8 using your editor or another tool


../matlab/modules/ik_comparison.m:185: LaTeX Error: Invalid UTF-8 byte sequence (�\expandafter).

See the LaTeX manual or LaTeX Companion for explanation.
Type  H <return>  for immediate help.
 ...                                              
                                                  
l.185     % Habilitar botón 
                             o finalizar
The document does not appear to be in UTF-8 encoding.
Try adding \UseRawInputEncoding as the first line of the file
or specify an encoding such as \usepackage [latin1]{inputenc}
in the document preamble.
Alternatively, save the file in UTF-8 using your editor or another tool


../matlab/modules/ik_comparison.m:185: LaTeX Error: Invalid UTF-8 byte "B3.

See the LaTeX manual or LaTeX Companion for explanation.
Type  H <return>  for immediate help.
 ...                                              
                                                  
l.185     % Habilitar botón 
                             o finalizar
The document does not appear to be in UTF-8 encoding.
Try adding \UseRawInputEncoding as the first line of the file
or specify an encoding such as \usepackage [latin1]{inputenc}
in the document preamble.
Alternatively, save the file in UTF-8 using your editor or another tool


Overfull \hbox (27.1166pt too wide) in paragraph at lines 199--200
[][][][] 
 []


Overfull \hbox (27.1166pt too wide) in paragraph at lines 201--203
[][][][] 
 []


../matlab/modules/ik_comparison.m:204: LaTeX Error: Invalid UTF-8 byte sequence (�\lst@FillFixed@\lst@EC�).

See the LaTeX manual or LaTeX Companion for explanation.
Type  H <return>  for immediate help.
 ...                                              
                                                  
l.204 ...'Enable','on',  'String','CONTINUAR  →'
                                                  , ...
The document does not appear to be in UTF-8 encoding.
Try adding \UseRawInputEncoding as the first line of the file
or specify an encoding such as \usepackage [latin1]{inputenc}
in the document preamble.
Alternatively, save the file in UTF-8 using your editor or another tool


../matlab/modules/ik_comparison.m:204: LaTeX Error: Invalid UTF-8 byte "92.

See the LaTeX manual or LaTeX Companion for explanation.
Type  H <return>  for immediate help.
 ...                                              
                                                  
l.204 ...'Enable','on',  'String','CONTINUAR  →'
                                                  , ...
The document does not appear to be in UTF-8 encoding.
Try adding \UseRawInputEncoding as the first line of the file
or specify an encoding such as \usepackage [latin1]{inputenc}
in the document preamble.
Alternatively, save the file in UTF-8 using your editor or another tool


../matlab/modules/ik_comparison.m:225: LaTeX Error: Invalid UTF-8 byte sequence (�\expandafter).

See the LaTeX manual or LaTeX Companion for explanation.
Type  H <return>  for immediate help.
 ...                                              
                                                  
l.225 % Label para el título:
                               indica si cada joint usa el valor base o la v...
The document does not appear to be in UTF-8 encoding.
Try adding \UseRawInputEncoding as the first line of the file
or specify an encoding such as \usepackage [latin1]{inputenc}
in the document preamble.
Alternatively, save the file in UTF-8 using your editor or another tool


../matlab/modules/ik_comparison.m:225: LaTeX Error: Invalid UTF-8 byte "AD.

See the LaTeX manual or LaTeX Companion for explanation.
Type  H <return>  for immediate help.
 ...                                              
                                                  
l.225 % Label para el título:
                               indica si cada joint usa el valor base o la v...
The document does not appear to be in UTF-8 encoding.
Try adding \UseRawInputEncoding as the first line of the file
or specify an encoding such as \usepackage [latin1]{inputenc}
in the document preamble.
Alternatively, save the file in UTF-8 using your editor or another tool


../matlab/modules/ik_comparison.m:225: LaTeX Error: Invalid UTF-8 byte sequence (�\lst@FillFixed@).

See the LaTeX manual or LaTeX Companion for explanation.
Type  H <return>  for immediate help.
 ...                                              
                                                  
l.225 ...t usa el valor base o la variante ±360°
                                                  
The document does not appear to be in UTF-8 encoding.
Try adding \UseRawInputEncoding as the first line of the file
or specify an encoding such as \usepackage [latin1]{inputenc}
in the document preamble.
Alternatively, save the file in UTF-8 using your editor or another tool


../matlab/modules/ik_comparison.m:225: LaTeX Error: Invalid UTF-8 byte "B1.

See the LaTeX manual or LaTeX Companion for explanation.
Type  H <return>  for immediate help.
 ...                                              
                                                  
l.225 ...t usa el valor base o la variante ±360°
                                                  
The document does not appear to be in UTF-8 encoding.
Try adding \UseRawInputEncoding as the first line of the file
or specify an encoding such as \usepackage [latin1]{inputenc}
in the document preamble.
Alternatively, save the file in UTF-8 using your editor or another tool


../matlab/modules/ik_comparison.m:225: LaTeX Error: Invalid UTF-8 byte sequence (�\lst@EC�).

See the LaTeX manual or LaTeX Companion for explanation.
Type  H <return>  for immediate help.
 ...                                              
                                                  
l.225 ...t usa el valor base o la variante ±360°
                                                  
The document does not appear to be in UTF-8 encoding.
Try adding \UseRawInputEncoding as the first line of the file
or specify an encoding such as \usepackage [latin1]{inputenc}
in the document preamble.
Alternatively, save the file in UTF-8 using your editor or another tool

[67]

../matlab/modules/ik_comparison.m:233: LaTeX Error: Invalid UTF-8 byte sequence (�\expandafter).

See the LaTeX manual or LaTeX Companion for explanation.
Type  H <return>  for immediate help.
 ...                                              
                                                  
l.233         parts{j} = sprintf('%s: %d° 
                                           (base)', names{j}, val_deg);
The document does not appear to be in UTF-8 encoding.
Try adding \UseRawInputEncoding as the first line of the file
or specify an encoding such as \usepackage [latin1]{inputenc}
in the document preamble.
Alternatively, save the file in UTF-8 using your editor or another tool


../matlab/modules/ik_comparison.m:233: LaTeX Error: Invalid UTF-8 byte "B0.

See the LaTeX manual or LaTeX Companion for explanation.
Type  H <return>  for immediate help.
 ...                                              
                                                  
l.233         parts{j} = sprintf('%s: %d° 
                                           (base)', names{j}, val_deg);
The document does not appear to be in UTF-8 encoding.
Try adding \UseRawInputEncoding as the first line of the file
or specify an encoding such as \usepackage [latin1]{inputenc}
in the document preamble.
Alternatively, save the file in UTF-8 using your editor or another tool


../matlab/modules/ik_comparison.m:235: LaTeX Error: Invalid UTF-8 byte sequence (�\expandafter).

See the LaTeX manual or LaTeX Companion for explanation.
Type  H <return>  for immediate help.
 ...                                              
                                                  
l.235         parts{j} = sprintf('%s: %d° 
                                            (%d°+360°)', names{j}, val_deg...
The document does not appear to be in UTF-8 encoding.
Try adding \UseRawInputEncoding as the first line of the file
or specify an encoding such as \usepackage [latin1]{inputenc}
in the document preamble.
Alternatively, save the file in UTF-8 using your editor or another tool


../matlab/modules/ik_comparison.m:235: LaTeX Error: Invalid UTF-8 byte "B0.

See the LaTeX manual or LaTeX Companion for explanation.
Type  H <return>  for immediate help.
 ...                                              
                                                  
l.235         parts{j} = sprintf('%s: %d° 
                                            (%d°+360°)', names{j}, val_deg...
The document does not appear to be in UTF-8 encoding.
Try adding \UseRawInputEncoding as the first line of the file
or specify an encoding such as \usepackage [latin1]{inputenc}
in the document preamble.
Alternatively, save the file in UTF-8 using your editor or another tool


../matlab/modules/ik_comparison.m:235: LaTeX Error: Invalid UTF-8 byte sequence (�\expandafter).

See the LaTeX manual or LaTeX Companion for explanation.
Type  H <return>  for immediate help.
 ...                                              
                                                  
l.235         parts{j} = sprintf('%s: %d°  (%d°+
                                                  360°)', names{j}, val_deg...
The document does not appear to be in UTF-8 encoding.
Try adding \UseRawInputEncoding as the first line of the file
or specify an encoding such as \usepackage [latin1]{inputenc}
in the document preamble.
Alternatively, save the file in UTF-8 using your editor or another tool


../matlab/modules/ik_comparison.m:235: LaTeX Error: Invalid UTF-8 byte "B0.

See the LaTeX manual or LaTeX Companion for explanation.
Type  H <return>  for immediate help.
 ...                                              
                                                  
l.235         parts{j} = sprintf('%s: %d°  (%d°+
                                                  360°)', names{j}, val_deg...
The document does not appear to be in UTF-8 encoding.
Try adding \UseRawInputEncoding as the first line of the file
or specify an encoding such as \usepackage [latin1]{inputenc}
in the document preamble.
Alternatively, save the file in UTF-8 using your editor or another tool


../matlab/modules/ik_comparison.m:235: LaTeX Error: Invalid UTF-8 byte sequence (�\lst@FillFixed@).

See the LaTeX manual or LaTeX Companion for explanation.
Type  H <return>  for immediate help.
 ...                                              
                                                  
l.235 ...arts{j} = sprintf('%s: %d°  (%d°+360°)
                                                  ', names{j}, val_deg, base...
The document does not appear to be in UTF-8 encoding.
Try adding \UseRawInputEncoding as the first line of the file
or specify an encoding such as \usepackage [latin1]{inputenc}
in the document preamble.
Alternatively, save the file in UTF-8 using your editor or another tool


../matlab/modules/ik_comparison.m:235: LaTeX Error: Invalid UTF-8 byte "B0.

See the LaTeX manual or LaTeX Companion for explanation.
Type  H <return>  for immediate help.
 ...                                              
                                                  
l.235 ...arts{j} = sprintf('%s: %d°  (%d°+360°)
                                                  ', names{j}, val_deg, base...
The document does not appear to be in UTF-8 encoding.
Try adding \UseRawInputEncoding as the first line of the file
or specify an encoding such as \usepackage [latin1]{inputenc}
in the document preamble.
Alternatively, save the file in UTF-8 using your editor or another tool


../matlab/modules/ik_comparison.m:237: LaTeX Error: Invalid UTF-8 byte sequence (�\expandafter).

See the LaTeX manual or LaTeX Companion for explanation.
Type  H <return>  for immediate help.
 ...                                              
                                                  
l.237         parts{j} = sprintf('%s: %d° 
                                            (%d°-360°)', names{j}, val_deg...
The document does not appear to be in UTF-8 encoding.
Try adding \UseRawInputEncoding as the first line of the file
or specify an encoding such as \usepackage [latin1]{inputenc}
in the document preamble.
Alternatively, save the file in UTF-8 using your editor or another tool


../matlab/modules/ik_comparison.m:237: LaTeX Error: Invalid UTF-8 byte "B0.

See the LaTeX manual or LaTeX Companion for explanation.
Type  H <return>  for immediate help.
 ...                                              
                                                  
l.237         parts{j} = sprintf('%s: %d° 
                                            (%d°-360°)', names{j}, val_deg...
The document does not appear to be in UTF-8 encoding.
Try adding \UseRawInputEncoding as the first line of the file
or specify an encoding such as \usepackage [latin1]{inputenc}
in the document preamble.
Alternatively, save the file in UTF-8 using your editor or another tool


../matlab/modules/ik_comparison.m:237: LaTeX Error: Invalid UTF-8 byte sequence (�\expandafter).

See the LaTeX manual or LaTeX Companion for explanation.
Type  H <return>  for immediate help.
 ...                                              
                                                  
l.237         parts{j} = sprintf('%s: %d°  (%d°-
                                                  360°)', names{j}, val_deg...
The document does not appear to be in UTF-8 encoding.
Try adding \UseRawInputEncoding as the first line of the file
or specify an encoding such as \usepackage [latin1]{inputenc}
in the document preamble.
Alternatively, save the file in UTF-8 using your editor or another tool


../matlab/modules/ik_comparison.m:237: LaTeX Error: Invalid UTF-8 byte "B0.

See the LaTeX manual or LaTeX Companion for explanation.
Type  H <return>  for immediate help.
 ...                                              
                                                  
l.237         parts{j} = sprintf('%s: %d°  (%d°-
                                                  360°)', names{j}, val_deg...
The document does not appear to be in UTF-8 encoding.
Try adding \UseRawInputEncoding as the first line of the file
or specify an encoding such as \usepackage [latin1]{inputenc}
in the document preamble.
Alternatively, save the file in UTF-8 using your editor or another tool


../matlab/modules/ik_comparison.m:237: LaTeX Error: Invalid UTF-8 byte sequence (�\lst@FillFixed@).

See the LaTeX manual or LaTeX Companion for explanation.
Type  H <return>  for immediate help.
 ...                                              
                                                  
l.237 ...arts{j} = sprintf('%s: %d°  (%d°-360°)
                                                  ', names{j}, val_deg, base...
The document does not appear to be in UTF-8 encoding.
Try adding \UseRawInputEncoding as the first line of the file
or specify an encoding such as \usepackage [latin1]{inputenc}
in the document preamble.
Alternatively, save the file in UTF-8 using your editor or another tool


../matlab/modules/ik_comparison.m:237: LaTeX Error: Invalid UTF-8 byte "B0.

See the LaTeX manual or LaTeX Companion for explanation.
Type  H <return>  for immediate help.
 ...                                              
                                                  
l.237 ...arts{j} = sprintf('%s: %d°  (%d°-360°)
                                                  ', names{j}, val_deg, base...
The document does not appear to be in UTF-8 encoding.
Try adding \UseRawInputEncoding as the first line of the file
or specify an encoding such as \usepackage [latin1]{inputenc}
in the document preamble.
Alternatively, save the file in UTF-8 using your editor or another tool

) (../matlab/modules/scale.m

../matlab/modules/scale.m:1: LaTeX Error: Invalid UTF-8 byte sequence (�\expandafter).

See the LaTeX manual or LaTeX Companion for explanation.
Type  H <return>  for immediate help.
 ...                                              
                                                  
l.1 % --- CONFIGURACIÓN 
                         ---
The document does not appear to be in UTF-8 encoding.
Try adding \UseRawInputEncoding as the first line of the file
or specify an encoding such as \usepackage [latin1]{inputenc}
in the document preamble.
Alternatively, save the file in UTF-8 using your editor or another tool


../matlab/modules/scale.m:1: LaTeX Error: Invalid UTF-8 byte "93.

See the LaTeX manual or LaTeX Companion for explanation.
Type  H <return>  for immediate help.
 ...                                              
                                                  
l.1 % --- CONFIGURACIÓN 
                         ---
The document does not appear to be in UTF-8 encoding.
Try adding \UseRawInputEncoding as the first line of the file
or specify an encoding such as \usepackage [latin1]{inputenc}
in the document preamble.
Alternatively, save the file in UTF-8 using your editor or another tool


../matlab/modules/scale.m:3: LaTeX Error: Invalid UTF-8 byte sequence (�\lst@FillFixed@\lst@EC�).

See the LaTeX manual or LaTeX Companion for explanation.
Type  H <return>  for immediate help.
 ...                                              
                                                  
l.3 scale_factor = 1000;   % metros → 
                                        mm  (usar 1 si ya están en mm)
The document does not appear to be in UTF-8 encoding.
Try adding \UseRawInputEncoding as the first line of the file
or specify an encoding such as \usepackage [latin1]{inputenc}
in the document preamble.
Alternatively, save the file in UTF-8 using your editor or another tool


../matlab/modules/scale.m:3: LaTeX Error: Invalid UTF-8 byte "92.

See the LaTeX manual or LaTeX Companion for explanation.
Type  H <return>  for immediate help.
 ...                                              
                                                  
l.3 scale_factor = 1000;   % metros → 
                                        mm  (usar 1 si ya están en mm)
The document does not appear to be in UTF-8 encoding.
Try adding \UseRawInputEncoding as the first line of the file
or specify an encoding such as \usepackage [latin1]{inputenc}
in the document preamble.
Alternatively, save the file in UTF-8 using your editor or another tool


../matlab/modules/scale.m:3: LaTeX Error: Invalid UTF-8 byte sequence (�\expandafter).

See the LaTeX manual or LaTeX Companion for explanation.
Type  H <return>  for immediate help.
 ...                                              
                                                  
l.3 ...0;   % metros → mm  (usar 1 si ya están 
                                                  en mm)
The document does not appear to be in UTF-8 encoding.
Try adding \UseRawInputEncoding as the first line of the file
or specify an encoding such as \usepackage [latin1]{inputenc}
in the document preamble.
Alternatively, save the file in UTF-8 using your editor or another tool


../matlab/modules/scale.m:3: LaTeX Error: Invalid UTF-8 byte "A1.

See the LaTeX manual or LaTeX Companion for explanation.
Type  H <return>  for immediate help.
 ...                                              
                                                  
l.3 ...0;   % metros → mm  (usar 1 si ya están 
                                                  en mm)
The document does not appear to be in UTF-8 encoding.
Try adding \UseRawInputEncoding as the first line of the file
or specify an encoding such as \usepackage [latin1]{inputenc}
in the document preamble.
Alternatively, save the file in UTF-8 using your editor or another tool

[68]

../matlab/modules/scale.m:34: LaTeX Error: Invalid UTF-8 byte sequence (�\expandafter).

See the LaTeX manual or LaTeX Companion for explanation.
Type  H <return>  for immediate help.
 ...                                              
                                                  
l.34     fprintf('\n=== Procesando diseño:
                                            %s ===\n', designs{d});
The document does not appear to be in UTF-8 encoding.
Try adding \UseRawInputEncoding as the first line of the file
or specify an encoding such as \usepackage [latin1]{inputenc}
in the document preamble.
Alternatively, save the file in UTF-8 using your editor or another tool


../matlab/modules/scale.m:34: LaTeX Error: Invalid UTF-8 byte "B1.

See the LaTeX manual or LaTeX Companion for explanation.
Type  H <return>  for immediate help.
 ...                                              
                                                  
l.34     fprintf('\n=== Procesando diseño:
                                            %s ===\n', designs{d});
The document does not appear to be in UTF-8 encoding.
Try adding \UseRawInputEncoding as the first line of the file
or specify an encoding such as \usepackage [latin1]{inputenc}
in the document preamble.
Alternatively, save the file in UTF-8 using your editor or another tool

) (../matlab/modules/sym_1.m [69]) (../matlab/tests/test_workspace.m [70]

../matlab/tests/test_workspace.m:37: LaTeX Error: Command \textquotedbl unavailable in encoding OT1.

See the LaTeX manual or LaTeX Companion for explanation.
Type  H <return>  for immediate help.
 ...                                              
                                                  
l.37     "M
           arker","*","LineStyle","none");
Your command was ignored.
Type  I <command> <return>  to replace it with another command,
or  <return>  to continue without it.


../matlab/tests/test_workspace.m:37: LaTeX Error: Command \textquotedbl unavailable in encoding OT1.

See the LaTeX manual or LaTeX Companion for explanation.
Type  H <return>  for immediate help.
 ...                                              
                                                  
l.37     "Marker","*","L
                        ineStyle","none");
Your command was ignored.
Type  I <command> <return>  to replace it with another command,
or  <return>  to continue without it.


../matlab/tests/test_workspace.m:37: LaTeX Error: Command \textquotedbl unavailable in encoding OT1.

See the LaTeX manual or LaTeX Companion for explanation.
Type  H <return>  for immediate help.
 ...                                              
                                                  
l.37     "Marker","*","L
                        ineStyle","none");
Your command was ignored.
Type  I <command> <return>  to replace it with another command,
or  <return>  to continue without it.


../matlab/tests/test_workspace.m:37: LaTeX Error: Command \textquotedbl unavailable in encoding OT1.

See the LaTeX manual or LaTeX Companion for explanation.
Type  H <return>  for immediate help.
 ...                                              
                                                  
l.37     "Marker","*","L
                        ineStyle","none");
Your command was ignored.
Type  I <command> <return>  to replace it with another command,
or  <return>  to continue without it.


../matlab/tests/test_workspace.m:37: LaTeX Error: Command \textquotedbl unavailable in encoding OT1.

See the LaTeX manual or LaTeX Companion for explanation.
Type  H <return>  for immediate help.
 ...                                              
                                                  
l.37     "Marker","*","L
                        ineStyle","none");
Your command was ignored.
Type  I <command> <return>  to replace it with another command,
or  <return>  to continue without it.


../matlab/tests/test_workspace.m:37: LaTeX Error: Command \textquotedbl unavailable in encoding OT1.

See the LaTeX manual or LaTeX Companion for explanation.
Type  H <return>  for immediate help.
 ...                                              
                                                  
l.37     "Marker","*","LineStyle","n
                                    one");
Your command was ignored.
Type  I <command> <return>  to replace it with another command,
or  <return>  to continue without it.


../matlab/tests/test_workspace.m:37: LaTeX Error: Command \textquotedbl unavailable in encoding OT1.

See the LaTeX manual or LaTeX Companion for explanation.
Type  H <return>  for immediate help.
 ...                                              
                                                  
l.37     "Marker","*","LineStyle","n
                                    one");
Your command was ignored.
Type  I <command> <return>  to replace it with another command,
or  <return>  to continue without it.


../matlab/tests/test_workspace.m:37: LaTeX Error: Command \textquotedbl unavailable in encoding OT1.

See the LaTeX manual or LaTeX Companion for explanation.
Type  H <return>  for immediate help.
 ...                                              
                                                  
l.37     "Marker","*","LineStyle","none")
                                         ;
Your command was ignored.
Type  I <command> <return>  to replace it with another command,
or  <return>  to continue without it.


../matlab/tests/test_workspace.m:44: LaTeX Error: Invalid UTF-8 byte sequence (�\expandafter).

See the LaTeX manual or LaTeX Companion for explanation.
Type  H <return>  for immediate help.
 ...                                              
                                                  
l.44 % Parámetro 
                  angular
The document does not appear to be in UTF-8 encoding.
Try adding \UseRawInputEncoding as the first line of the file
or specify an encoding such as \usepackage [latin1]{inputenc}
in the document preamble.
Alternatively, save the file in UTF-8 using your editor or another tool


../matlab/tests/test_workspace.m:44: LaTeX Error: Invalid UTF-8 byte "A1.

See the LaTeX manual or LaTeX Companion for explanation.
Type  H <return>  for immediate help.
 ...                                              
                                                  
l.44 % Parámetro 
                  angular
The document does not appear to be in UTF-8 encoding.
Try adding \UseRawInputEncoding as the first line of the file
or specify an encoding such as \usepackage [latin1]{inputenc}
in the document preamble.
Alternatively, save the file in UTF-8 using your editor or another tool


../matlab/tests/test_workspace.m:51: LaTeX Error: Invalid UTF-8 byte sequence (�\expandafter).

See the LaTeX manual or LaTeX Companion for explanation.
Type  H <return>  for immediate help.
 ...                                              
                                                  
l.51 % Círculo 
                rango máximo
The document does not appear to be in UTF-8 encoding.
Try adding \UseRawInputEncoding as the first line of the file
or specify an encoding such as \usepackage [latin1]{inputenc}
in the document preamble.
Alternatively, save the file in UTF-8 using your editor or another tool


../matlab/tests/test_workspace.m:51: LaTeX Error: Invalid UTF-8 byte "AD.

See the LaTeX manual or LaTeX Companion for explanation.
Type  H <return>  for immediate help.
 ...                                              
                                                  
l.51 % Círculo 
                rango máximo
The document does not appear to be in UTF-8 encoding.
Try adding \UseRawInputEncoding as the first line of the file
or specify an encoding such as \usepackage [latin1]{inputenc}
in the document preamble.
Alternatively, save the file in UTF-8 using your editor or another tool


../matlab/tests/test_workspace.m:51: LaTeX Error: Invalid UTF-8 byte sequence (�\expandafter).

See the LaTeX manual or LaTeX Companion for explanation.
Type  H <return>  for immediate help.
 ...                                              
                                                  
l.51 % Círculo rango máximo
                             
The document does not appear to be in UTF-8 encoding.
Try adding \UseRawInputEncoding as the first line of the file
or specify an encoding such as \usepackage [latin1]{inputenc}
in the document preamble.
Alternatively, save the file in UTF-8 using your editor or another tool


../matlab/tests/test_workspace.m:51: LaTeX Error: Invalid UTF-8 byte "A1.

See the LaTeX manual or LaTeX Companion for explanation.
Type  H <return>  for immediate help.
 ...                                              
                                                  
l.51 % Círculo rango máximo
                             
The document does not appear to be in UTF-8 encoding.
Try adding \UseRawInputEncoding as the first line of the file
or specify an encoding such as \usepackage [latin1]{inputenc}
in the document preamble.
Alternatively, save the file in UTF-8 using your editor or another tool


../matlab/tests/test_workspace.m:56: LaTeX Error: Invalid UTF-8 byte sequence (�\expandafter).

See the LaTeX manual or LaTeX Companion for explanation.
Type  H <return>  for immediate help.
 ...                                              
                                                  
l.56 % Círculo 
                alcance tarea
The document does not appear to be in UTF-8 encoding.
Try adding \UseRawInputEncoding as the first line of the file
or specify an encoding such as \usepackage [latin1]{inputenc}
in the document preamble.
Alternatively, save the file in UTF-8 using your editor or another tool


../matlab/tests/test_workspace.m:56: LaTeX Error: Invalid UTF-8 byte "AD.

See the LaTeX manual or LaTeX Companion for explanation.
Type  H <return>  for immediate help.
 ...                                              
                                                  
l.56 % Círculo 
                alcance tarea
The document does not appear to be in UTF-8 encoding.
Try adding \UseRawInputEncoding as the first line of the file
or specify an encoding such as \usepackage [latin1]{inputenc}
in the document preamble.
Alternatively, save the file in UTF-8 using your editor or another tool


../matlab/tests/test_workspace.m:62: LaTeX Error: Command \textquotedbl unavailable in encoding OT1.

See the LaTeX manual or LaTeX Companion for explanation.
Type  H <return>  for immediate help.
 ...                                              
                                                  
l.62 title("C
             omprobación gruesa del espacio de trabajo SB-S4");
Your command was ignored.
Type  I <command> <return>  to replace it with another command,
or  <return>  to continue without it.


../matlab/tests/test_workspace.m:62: LaTeX Error: Invalid UTF-8 byte sequence (�\expandafter).

See the LaTeX manual or LaTeX Companion for explanation.
Type  H <return>  for immediate help.
 ...                                              
                                                  
l.62 title("Comprobación 
                          gruesa del espacio de trabajo SB-S4");
The document does not appear to be in UTF-8 encoding.
Try adding \UseRawInputEncoding as the first line of the file
or specify an encoding such as \usepackage [latin1]{inputenc}
in the document preamble.
Alternatively, save the file in UTF-8 using your editor or another tool


../matlab/tests/test_workspace.m:62: LaTeX Error: Invalid UTF-8 byte "B3.

See the LaTeX manual or LaTeX Companion for explanation.
Type  H <return>  for immediate help.
 ...                                              
                                                  
l.62 title("Comprobación 
                          gruesa del espacio de trabajo SB-S4");
The document does not appear to be in UTF-8 encoding.
Try adding \UseRawInputEncoding as the first line of the file
or specify an encoding such as \usepackage [latin1]{inputenc}
in the document preamble.
Alternatively, save the file in UTF-8 using your editor or another tool


../matlab/tests/test_workspace.m:62: LaTeX Error: Command \textquotedbl unavailable in encoding OT1.

See the LaTeX manual or LaTeX Companion for explanation.
Type  H <return>  for immediate help.
 ...                                              
                                                  
l.62 ...ión gruesa del espacio de trabajo SB-S4")
                                                  ;
Your command was ignored.
Type  I <command> <return>  to replace it with another command,
or  <return>  to continue without it.


../matlab/tests/test_workspace.m:63: LaTeX Error: Command \textquotedbl unavailable in encoding OT1.

See the LaTeX manual or LaTeX Companion for explanation.
Type  H <return>  for immediate help.
 ...                                              
                                                  
l.63 xlabel("x
               [m]");
Your command was ignored.
Type  I <command> <return>  to replace it with another command,
or  <return>  to continue without it.


../matlab/tests/test_workspace.m:63: LaTeX Error: Command \textquotedbl unavailable in encoding OT1.

See the LaTeX manual or LaTeX Companion for explanation.
Type  H <return>  for immediate help.
 ...                                              
                                                  
l.63 xlabel("x [m]")
                    ;
Your command was ignored.
Type  I <command> <return>  to replace it with another command,
or  <return>  to continue without it.


../matlab/tests/test_workspace.m:64: LaTeX Error: Command \textquotedbl unavailable in encoding OT1.

See the LaTeX manual or LaTeX Companion for explanation.
Type  H <return>  for immediate help.
 ...                                              
                                                  
l.64 ylabel("y
               [m]");
Your command was ignored.
Type  I <command> <return>  to replace it with another command,
or  <return>  to continue without it.


../matlab/tests/test_workspace.m:64: LaTeX Error: Command \textquotedbl unavailable in encoding OT1.

See the LaTeX manual or LaTeX Companion for explanation.
Type  H <return>  for immediate help.
 ...                                              
                                                  
l.64 ylabel("y [m]")
                    ;
Your command was ignored.
Type  I <command> <return>  to replace it with another command,
or  <return>  to continue without it.


../matlab/tests/test_workspace.m:66: LaTeX Error: Invalid UTF-8 byte sequence (�\expandafter).

See the LaTeX manual or LaTeX Companion for explanation.
Type  H <return>  for immediate help.
 ...                                              
                                                  
l.66 % Mantener proporción
                           
The document does not appear to be in UTF-8 encoding.
Try adding \UseRawInputEncoding as the first line of the file
or specify an encoding such as \usepackage [latin1]{inputenc}
in the document preamble.
Alternatively, save the file in UTF-8 using your editor or another tool


../matlab/tests/test_workspace.m:66: LaTeX Error: Invalid UTF-8 byte "B3.

See the LaTeX manual or LaTeX Companion for explanation.
Type  H <return>  for immediate help.
 ...                                              
                                                  
l.66 % Mantener proporción
                           
The document does not appear to be in UTF-8 encoding.
Try adding \UseRawInputEncoding as the first line of the file
or specify an encoding such as \usepackage [latin1]{inputenc}
in the document preamble.
Alternatively, save the file in UTF-8 using your editor or another tool


../matlab/tests/test_workspace.m:71: LaTeX Error: Command \textquotedbl unavailable in encoding OT1.

See the LaTeX manual or LaTeX Companion for explanation.
Type  H <return>  for immediate help.
 ...                                              
                                                  
l.71 legend("P
              untos alcanzados", ...
Your command was ignored.
Type  I <command> <return>  to replace it with another command,
or  <return>  to continue without it.


../matlab/tests/test_workspace.m:71: LaTeX Error: Command \textquotedbl unavailable in encoding OT1.

See the LaTeX manual or LaTeX Companion for explanation.
Type  H <return>  for immediate help.
 ...                                              
                                                  
l.71 legend("Puntos alcanzados", 
                                 ...
Your command was ignored.
Type  I <command> <return>  to replace it with another command,
or  <return>  to continue without it.


../matlab/tests/test_workspace.m:72: LaTeX Error: Command \textquotedbl unavailable in encoding OT1.

See the LaTeX manual or LaTeX Companion for explanation.
Type  H <return>  for immediate help.
 ...                                              
                                                  
l.72     "R
           ango máximo (500 mm)", ...
Your command was ignored.
Type  I <command> <return>  to replace it with another command,
or  <return>  to continue without it.


../matlab/tests/test_workspace.m:72: LaTeX Error: Invalid UTF-8 byte sequence (�\expandafter).

See the LaTeX manual or LaTeX Companion for explanation.
Type  H <return>  for immediate help.
 ...                                              
                                                  
l.72     "Rango máximo 
                        (500 mm)", ...
The document does not appear to be in UTF-8 encoding.
Try adding \UseRawInputEncoding as the first line of the file
or specify an encoding such as \usepackage [latin1]{inputenc}
in the document preamble.
Alternatively, save the file in UTF-8 using your editor or another tool


../matlab/tests/test_workspace.m:72: LaTeX Error: Invalid UTF-8 byte "A1.

See the LaTeX manual or LaTeX Companion for explanation.
Type  H <return>  for immediate help.
 ...                                              
                                                  
l.72     "Rango máximo 
                        (500 mm)", ...
The document does not appear to be in UTF-8 encoding.
Try adding \UseRawInputEncoding as the first line of the file
or specify an encoding such as \usepackage [latin1]{inputenc}
in the document preamble.
Alternatively, save the file in UTF-8 using your editor or another tool


../matlab/tests/test_workspace.m:72: LaTeX Error: Command \textquotedbl unavailable in encoding OT1.

See the LaTeX manual or LaTeX Companion for explanation.
Type  H <return>  for immediate help.
 ...                                              
                                                  
l.72     "Rango máximo (500 mm)", 
                                   ...
Your command was ignored.
Type  I <command> <return>  to replace it with another command,
or  <return>  to continue without it.


../matlab/tests/test_workspace.m:73: LaTeX Error: Command \textquotedbl unavailable in encoding OT1.

See the LaTeX manual or LaTeX Companion for explanation.
Type  H <return>  for immediate help.
 ...                                              
                                                  
l.73     "A
           lcance tarea (345.15 mm)", ...
Your command was ignored.
Type  I <command> <return>  to replace it with another command,
or  <return>  to continue without it.


../matlab/tests/test_workspace.m:73: LaTeX Error: Command \textquotedbl unavailable in encoding OT1.

See the LaTeX manual or LaTeX Companion for explanation.
Type  H <return>  for immediate help.
 ...                                              
                                                  
l.73     "Alcance tarea (345.15 mm)", 
                                      ...
Your command was ignored.
Type  I <command> <return>  to replace it with another command,
or  <return>  to continue without it.


../matlab/tests/test_workspace.m:74: LaTeX Error: Command \textquotedbl unavailable in encoding OT1.

See the LaTeX manual or LaTeX Companion for explanation.
Type  H <return>  for immediate help.
 ...                                              
                                                  
l.74     "L
           ocation","best");
Your command was ignored.
Type  I <command> <return>  to replace it with another command,
or  <return>  to continue without it.


../matlab/tests/test_workspace.m:74: LaTeX Error: Command \textquotedbl unavailable in encoding OT1.

See the LaTeX manual or LaTeX Companion for explanation.
Type  H <return>  for immediate help.
 ...                                              
                                                  
l.74     "Location","b
                      est");
Your command was ignored.
Type  I <command> <return>  to replace it with another command,
or  <return>  to continue without it.


../matlab/tests/test_workspace.m:74: LaTeX Error: Command \textquotedbl unavailable in encoding OT1.

See the LaTeX manual or LaTeX Companion for explanation.
Type  H <return>  for immediate help.
 ...                                              
                                                  
l.74     "Location","b
                      est");
Your command was ignored.
Type  I <command> <return>  to replace it with another command,
or  <return>  to continue without it.


../matlab/tests/test_workspace.m:74: LaTeX Error: Command \textquotedbl unavailable in encoding OT1.

See the LaTeX manual or LaTeX Companion for explanation.
Type  H <return>  for immediate help.
 ...                                              
                                                  
l.74     "Location","best")
                           ;
Your command was ignored.
Type  I <command> <return>  to replace it with another command,
or  <return>  to continue without it.

) (../matlab/tests/test_inv_kinematics.m

../matlab/tests/test_inv_kinematics.m:3: LaTeX Error: Command \textquotedbl unavailable in encoding OT1.

See the LaTeX manual or LaTeX Companion for explanation.
Type  H <return>  for immediate help.
 ...                                              
                                                  
l.3 disp("---> 
               TEST INV_KINEMATICS")
Your command was ignored.
Type  I <command> <return>  to replace it with another command,
or  <return>  to continue without it.


../matlab/tests/test_inv_kinematics.m:3: LaTeX Error: Command \textquotedbl unavailable in encoding OT1.

See the LaTeX manual or LaTeX Companion for explanation.
Type  H <return>  for immediate help.
 ...                                              
                                                  
l.3 disp("---> TEST INV_KINEMATICS")
                                    
Your command was ignored.
Type  I <command> <return>  to replace it with another command,
or  <return>  to continue without it.

[71]

../matlab/tests/test_inv_kinematics.m:11: LaTeX Error: Command \textquotedbl unavailable in encoding OT1.

See the LaTeX manual or LaTeX Companion for explanation.
Type  H <return>  for immediate help.
 ...                                              
                                                  
l.11 disp("P
            osición articular previa")
Your command was ignored.
Type  I <command> <return>  to replace it with another command,
or  <return>  to continue without it.


../matlab/tests/test_inv_kinematics.m:11: LaTeX Error: Invalid UTF-8 byte sequence (�\expandafter).

See the LaTeX manual or LaTeX Companion for explanation.
Type  H <return>  for immediate help.
 ...                                              
                                                  
l.11 disp("Posición 
                     articular previa")
The document does not appear to be in UTF-8 encoding.
Try adding \UseRawInputEncoding as the first line of the file
or specify an encoding such as \usepackage [latin1]{inputenc}
in the document preamble.
Alternatively, save the file in UTF-8 using your editor or another tool


../matlab/tests/test_inv_kinematics.m:11: LaTeX Error: Invalid UTF-8 byte "B3.

See the LaTeX manual or LaTeX Companion for explanation.
Type  H <return>  for immediate help.
 ...                                              
                                                  
l.11 disp("Posición 
                     articular previa")
The document does not appear to be in UTF-8 encoding.
Try adding \UseRawInputEncoding as the first line of the file
or specify an encoding such as \usepackage [latin1]{inputenc}
in the document preamble.
Alternatively, save the file in UTF-8 using your editor or another tool


../matlab/tests/test_inv_kinematics.m:11: LaTeX Error: Command \textquotedbl unavailable in encoding OT1.

See the LaTeX manual or LaTeX Companion for explanation.
Type  H <return>  for immediate help.
 ...                                              
                                                  
l.11 disp("Posición articular previa")
                                       
Your command was ignored.
Type  I <command> <return>  to replace it with another command,
or  <return>  to continue without it.


../matlab/tests/test_inv_kinematics.m:14: LaTeX Error: Command \textquotedbl unavailable in encoding OT1.

See the LaTeX manual or LaTeX Companion for explanation.
Type  H <return>  for immediate help.
 ...                                              
                                                  
l.14 disp("P
            robando posición articular: ");
Your command was ignored.
Type  I <command> <return>  to replace it with another command,
or  <return>  to continue without it.


../matlab/tests/test_inv_kinematics.m:14: LaTeX Error: Invalid UTF-8 byte sequence (�\expandafter).

See the LaTeX manual or LaTeX Companion for explanation.
Type  H <return>  for immediate help.
 ...                                              
                                                  
l.14 disp("Probando posición 
                              articular: ");
The document does not appear to be in UTF-8 encoding.
Try adding \UseRawInputEncoding as the first line of the file
or specify an encoding such as \usepackage [latin1]{inputenc}
in the document preamble.
Alternatively, save the file in UTF-8 using your editor or another tool


../matlab/tests/test_inv_kinematics.m:14: LaTeX Error: Invalid UTF-8 byte "B3.

See the LaTeX manual or LaTeX Companion for explanation.
Type  H <return>  for immediate help.
 ...                                              
                                                  
l.14 disp("Probando posición 
                              articular: ");
The document does not appear to be in UTF-8 encoding.
Try adding \UseRawInputEncoding as the first line of the file
or specify an encoding such as \usepackage [latin1]{inputenc}
in the document preamble.
Alternatively, save the file in UTF-8 using your editor or another tool


../matlab/tests/test_inv_kinematics.m:14: LaTeX Error: Command \textquotedbl unavailable in encoding OT1.

See the LaTeX manual or LaTeX Companion for explanation.
Type  H <return>  for immediate help.
 ...                                              
                                                  
l.14 disp("Probando posición articular: ")
                                           ;
Your command was ignored.
Type  I <command> <return>  to replace it with another command,
or  <return>  to continue without it.


../matlab/tests/test_inv_kinematics.m:38: LaTeX Error: Command \textquotedbl unavailable in encoding OT1.

See the LaTeX manual or LaTeX Companion for explanation.
Type  H <return>  for immediate help.
 ...                                              
                                                  
l.38 coordenadas_cartesianas = "x
                                  = "+string(x_tik)+" | y = "+string(y_tik)+...
Your command was ignored.
Type  I <command> <return>  to replace it with another command,
or  <return>  to continue without it.


../matlab/tests/test_inv_kinematics.m:38: LaTeX Error: Command \textquotedbl unavailable in encoding OT1.

See the LaTeX manual or LaTeX Companion for explanation.
Type  H <return>  for immediate help.
 ...                                              
                                                  
l.38 coordenadas_cartesianas = "x = "+s
                                       tring(x_tik)+" | y = "+string(y_tik)+...
Your command was ignored.
Type  I <command> <return>  to replace it with another command,
or  <return>  to continue without it.


../matlab/tests/test_inv_kinematics.m:38: LaTeX Error: Command \textquotedbl unavailable in encoding OT1.

See the LaTeX manual or LaTeX Companion for explanation.
Type  H <return>  for immediate help.
 ...                                              
                                                  
l.38 ...adas_cartesianas = "x = "+string(x_tik)+" 
                                                  | y = "+string(y_tik)+" | ...
Your command was ignored.
Type  I <command> <return>  to replace it with another command,
or  <return>  to continue without it.


../matlab/tests/test_inv_kinematics.m:38: LaTeX Error: Command \textquotedbl unavailable in encoding OT1.

See the LaTeX manual or LaTeX Companion for explanation.
Type  H <return>  for immediate help.
 ...                                              
                                                  
l.38 ...esianas = "x = "+string(x_tik)+" | y = "+s
                                                  tring(y_tik)+" | z = "+str...
Your command was ignored.
Type  I <command> <return>  to replace it with another command,
or  <return>  to continue without it.


../matlab/tests/test_inv_kinematics.m:38: LaTeX Error: Command \textquotedbl unavailable in encoding OT1.

See the LaTeX manual or LaTeX Companion for explanation.
Type  H <return>  for immediate help.
 ...                                              
                                                  
l.38 ..."+string(x_tik)+" | y = "+string(y_tik)+" 
                                                  | z = "+string(z_tik)+" | ...
Your command was ignored.
Type  I <command> <return>  to replace it with another command,
or  <return>  to continue without it.


../matlab/tests/test_inv_kinematics.m:38: LaTeX Error: Command \textquotedbl unavailable in encoding OT1.

See the LaTeX manual or LaTeX Companion for explanation.
Type  H <return>  for immediate help.
 ...                                              
                                                  
l.38 ...x_tik)+" | y = "+string(y_tik)+" | z = "+s
                                                  tring(z_tik)+" | alpha = "...
Your command was ignored.
Type  I <command> <return>  to replace it with another command,
or  <return>  to continue without it.


../matlab/tests/test_inv_kinematics.m:38: LaTeX Error: Command \textquotedbl unavailable in encoding OT1.

See the LaTeX manual or LaTeX Companion for explanation.
Type  H <return>  for immediate help.
 ...                                              
                                                  
l.38 ..."+string(y_tik)+" | z = "+string(z_tik)+" 
                                                  | alpha = "+string(alpha_t...
Your command was ignored.
Type  I <command> <return>  to replace it with another command,
or  <return>  to continue without it.


../matlab/tests/test_inv_kinematics.m:38: LaTeX Error: Command \textquotedbl unavailable in encoding OT1.

See the LaTeX manual or LaTeX Companion for explanation.
Type  H <return>  for immediate help.
 ...                                              
                                                  
l.38 ...k)+" | z = "+string(z_tik)+" | alpha = "+s
                                                  tring(alpha_tik)+" | beta ...
Your command was ignored.
Type  I <command> <return>  to replace it with another command,
or  <return>  to continue without it.


../matlab/tests/test_inv_kinematics.m:38: LaTeX Error: Command \textquotedbl unavailable in encoding OT1.

See the LaTeX manual or LaTeX Companion for explanation.
Type  H <return>  for immediate help.
 ...                                              
                                                  
l.38 ...(z_tik)+" | alpha = "+string(alpha_tik)+" 
                                                  | beta = "+string(beta_tik...
Your command was ignored.
Type  I <command> <return>  to replace it with another command,
or  <return>  to continue without it.


../matlab/tests/test_inv_kinematics.m:38: LaTeX Error: Command \textquotedbl unavailable in encoding OT1.

See the LaTeX manual or LaTeX Companion for explanation.
Type  H <return>  for immediate help.
 ...                                              
                                                  
l.38 ...alpha = "+string(alpha_tik)+" | beta = "+s
                                                  tring(beta_tik)+" | gamma ...
Your command was ignored.
Type  I <command> <return>  to replace it with another command,
or  <return>  to continue without it.


../matlab/tests/test_inv_kinematics.m:38: LaTeX Error: Command \textquotedbl unavailable in encoding OT1.

See the LaTeX manual or LaTeX Companion for explanation.
Type  H <return>  for immediate help.
 ...                                              
                                                  
l.38 ...lpha_tik)+" | beta = "+string(beta_tik)+" 
                                                  | gamma = "+string(gamma_t...
Your command was ignored.
Type  I <command> <return>  to replace it with another command,
or  <return>  to continue without it.


../matlab/tests/test_inv_kinematics.m:38: LaTeX Error: Command \textquotedbl unavailable in encoding OT1.

See the LaTeX manual or LaTeX Companion for explanation.
Type  H <return>  for immediate help.
 ...                                              
                                                  
l.38 ... beta = "+string(beta_tik)+" | gamma = "+s
                                                  tring(gamma_tik);
Your command was ignored.
Type  I <command> <return>  to replace it with another command,
or  <return>  to continue without it.


../matlab/tests/test_inv_kinematics.m:40: LaTeX Error: Command \textquotedbl unavailable in encoding OT1.

See the LaTeX manual or LaTeX Companion for explanation.
Type  H <return>  for immediate help.
 ...                                              
                                                  
l.40 disp("L
            as coordenadas cartesianas consigna son: ")
Your command was ignored.
Type  I <command> <return>  to replace it with another command,
or  <return>  to continue without it.


../matlab/tests/test_inv_kinematics.m:40: LaTeX Error: Command \textquotedbl unavailable in encoding OT1.

See the LaTeX manual or LaTeX Companion for explanation.
Type  H <return>  for immediate help.
 ...                                              
                                                  
l.40 ...s coordenadas cartesianas consigna son: ")
                                                  
Your command was ignored.
Type  I <command> <return>  to replace it with another command,
or  <return>  to continue without it.


../matlab/tests/test_inv_kinematics.m:48: LaTeX Error: Command \textquotedbl unavailable in encoding OT1.

See the LaTeX manual or LaTeX Companion for explanation.
Type  H <return>  for immediate help.
 ...                                              
                                                  
l.48     disp("L
                as coordenadas articulares solución obtenidas de la cinemat...
Your command was ignored.
Type  I <command> <return>  to replace it with another command,
or  <return>  to continue without it.


../matlab/tests/test_inv_kinematics.m:48: LaTeX Error: Invalid UTF-8 byte sequence (�\expandafter).

See the LaTeX manual or LaTeX Companion for explanation.
Type  H <return>  for immediate help.
 ...                                              
                                                  
l.48 ...sp("Las coordenadas articulares solución 
                                                  obtenidas de la cinematica...
The document does not appear to be in UTF-8 encoding.
Try adding \UseRawInputEncoding as the first line of the file
or specify an encoding such as \usepackage [latin1]{inputenc}
in the document preamble.
Alternatively, save the file in UTF-8 using your editor or another tool


../matlab/tests/test_inv_kinematics.m:48: LaTeX Error: Invalid UTF-8 byte "B3.

See the LaTeX manual or LaTeX Companion for explanation.
Type  H <return>  for immediate help.
 ...                                              
                                                  
l.48 ...sp("Las coordenadas articulares solución 
                                                  obtenidas de la cinematica...
The document does not appear to be in UTF-8 encoding.
Try adding \UseRawInputEncoding as the first line of the file
or specify an encoding such as \usepackage [latin1]{inputenc}
in the document preamble.
Alternatively, save the file in UTF-8 using your editor or another tool


../matlab/tests/test_inv_kinematics.m:48: LaTeX Error: Command \textquotedbl unavailable in encoding OT1.

See the LaTeX manual or LaTeX Companion for explanation.
Type  H <return>  for immediate help.
 ...                                              
                                                  
l.48 ... obtenidas de la cinematica inversa son:")
                                                  
Your command was ignored.
Type  I <command> <return>  to replace it with another command,
or  <return>  to continue without it.


../matlab/tests/test_inv_kinematics.m:50: LaTeX Error: Command \textquotedbl unavailable in encoding OT1.

See the LaTeX manual or LaTeX Companion for explanation.
Type  H <return>  for immediate help.
 ...                                              
                                                  
l.50     disp("L
                as coordenadas cartesianas solución obtenidas son las sigui...
Your command was ignored.
Type  I <command> <return>  to replace it with another command,
or  <return>  to continue without it.


../matlab/tests/test_inv_kinematics.m:50: LaTeX Error: Invalid UTF-8 byte sequence (�\expandafter).

See the LaTeX manual or LaTeX Companion for explanation.
Type  H <return>  for immediate help.
 ...                                              
                                                  
l.50 ...sp("Las coordenadas cartesianas solución 
                                                  obtenidas son las siguient...
The document does not appear to be in UTF-8 encoding.
Try adding \UseRawInputEncoding as the first line of the file
or specify an encoding such as \usepackage [latin1]{inputenc}
in the document preamble.
Alternatively, save the file in UTF-8 using your editor or another tool


../matlab/tests/test_inv_kinematics.m:50: LaTeX Error: Invalid UTF-8 byte "B3.

See the LaTeX manual or LaTeX Companion for explanation.
Type  H <return>  for immediate help.
 ...                                              
                                                  
l.50 ...sp("Las coordenadas cartesianas solución 
                                                  obtenidas son las siguient...
The document does not appear to be in UTF-8 encoding.
Try adding \UseRawInputEncoding as the first line of the file
or specify an encoding such as \usepackage [latin1]{inputenc}
in the document preamble.
Alternatively, save the file in UTF-8 using your editor or another tool


../matlab/tests/test_inv_kinematics.m:50: LaTeX Error: Command \textquotedbl unavailable in encoding OT1.

See the LaTeX manual or LaTeX Companion for explanation.
Type  H <return>  for immediate help.
 ...                                              
                                                  
l.50 ...s solución obtenidas son las siguientes")
                                                  
Your command was ignored.
Type  I <command> <return>  to replace it with another command,
or  <return>  to continue without it.


../matlab/tests/test_inv_kinematics.m:67: LaTeX Error: Command \textquotedbl unavailable in encoding OT1.

See the LaTeX manual or LaTeX Companion for explanation.
Type  H <return>  for immediate help.
 ...                                              
                                                  
l.67         coordenadas_cartesianas = "x
                                          = "+string(x_tik_sol)+" | y = "+st...
Your command was ignored.
Type  I <command> <return>  to replace it with another command,
or  <return>  to continue without it.


../matlab/tests/test_inv_kinematics.m:67: LaTeX Error: Command \textquotedbl unavailable in encoding OT1.

See the LaTeX manual or LaTeX Companion for explanation.
Type  H <return>  for immediate help.
 ...                                              
                                                  
l.67         coordenadas_cartesianas = "x = "+s
                                               tring(x_tik_sol)+" | y = "+st...
Your command was ignored.
Type  I <command> <return>  to replace it with another command,
or  <return>  to continue without it.


../matlab/tests/test_inv_kinematics.m:67: LaTeX Error: Command \textquotedbl unavailable in encoding OT1.

See the LaTeX manual or LaTeX Companion for explanation.
Type  H <return>  for immediate help.
 ...                                              
                                                  
l.67 ..._cartesianas = "x = "+string(x_tik_sol)+" 
                                                  | y = "+string(y_tik_sol)+...
Your command was ignored.
Type  I <command> <return>  to replace it with another command,
or  <return>  to continue without it.


../matlab/tests/test_inv_kinematics.m:67: LaTeX Error: Command \textquotedbl unavailable in encoding OT1.

See the LaTeX manual or LaTeX Companion for explanation.
Type  H <return>  for immediate help.
 ...                                              
                                                  
l.67 ...nas = "x = "+string(x_tik_sol)+" | y = "+s
                                                  tring(y_tik_sol)+" | z = "...
Your command was ignored.
Type  I <command> <return>  to replace it with another command,
or  <return>  to continue without it.


../matlab/tests/test_inv_kinematics.m:67: LaTeX Error: Command \textquotedbl unavailable in encoding OT1.

See the LaTeX manual or LaTeX Companion for explanation.
Type  H <return>  for immediate help.
 ...                                              
                                                  
l.67 ...(x_tik_sol)+" | y = "+string(y_tik_sol)+" 
                                                  | z = "+string(z_tik_sol)+...
Your command was ignored.
Type  I <command> <return>  to replace it with another command,
or  <return>  to continue without it.


../matlab/tests/test_inv_kinematics.m:67: LaTeX Error: Command \textquotedbl unavailable in encoding OT1.

See the LaTeX manual or LaTeX Companion for explanation.
Type  H <return>  for immediate help.
 ...                                              
                                                  
l.67 ...l)+" | y = "+string(y_tik_sol)+" | z = "+s
                                                  tring(z_tik_sol)+" | alpha...
Your command was ignored.
Type  I <command> <return>  to replace it with another command,
or  <return>  to continue without it.


../matlab/tests/test_inv_kinematics.m:67: LaTeX Error: Command \textquotedbl unavailable in encoding OT1.

See the LaTeX manual or LaTeX Companion for explanation.
Type  H <return>  for immediate help.
 ...                                              
                                                  
l.67 ...(y_tik_sol)+" | z = "+string(z_tik_sol)+" 
                                                  | alpha = "+string(alpha_t...
Your command was ignored.
Type  I <command> <return>  to replace it with another command,
or  <return>  to continue without it.


../matlab/tests/test_inv_kinematics.m:67: LaTeX Error: Command \textquotedbl unavailable in encoding OT1.

See the LaTeX manual or LaTeX Companion for explanation.
Type  H <return>  for immediate help.
 ...                                              
                                                  
l.67 ... | z = "+string(z_tik_sol)+" | alpha = "+s
                                                  tring(alpha_tik_sol)+" | b...
Your command was ignored.
Type  I <command> <return>  to replace it with another command,
or  <return>  to continue without it.


../matlab/tests/test_inv_kinematics.m:67: LaTeX Error: Command \textquotedbl unavailable in encoding OT1.

See the LaTeX manual or LaTeX Companion for explanation.
Type  H <return>  for immediate help.
 ...                                              
                                                  
l.67 ...ol)+" | alpha = "+string(alpha_tik_sol)+" 
                                                  | beta = "+string(beta_tik...
Your command was ignored.
Type  I <command> <return>  to replace it with another command,
or  <return>  to continue without it.


../matlab/tests/test_inv_kinematics.m:67: LaTeX Error: Command \textquotedbl unavailable in encoding OT1.

See the LaTeX manual or LaTeX Companion for explanation.
Type  H <return>  for immediate help.
 ...                                              
                                                  
l.67 ...a = "+string(alpha_tik_sol)+" | beta = "+s
                                                  tring(beta_tik_sol)+" | ga...
Your command was ignored.
Type  I <command> <return>  to replace it with another command,
or  <return>  to continue without it.


../matlab/tests/test_inv_kinematics.m:67: LaTeX Error: Command \textquotedbl unavailable in encoding OT1.

See the LaTeX manual or LaTeX Companion for explanation.
Type  H <return>  for immediate help.
 ...                                              
                                                  
l.67 ..._sol)+" | beta = "+string(beta_tik_sol)+" 
                                                  | gamma = "+string(gamma_t...
Your command was ignored.
Type  I <command> <return>  to replace it with another command,
or  <return>  to continue without it.


../matlab/tests/test_inv_kinematics.m:67: LaTeX Error: Command \textquotedbl unavailable in encoding OT1.

See the LaTeX manual or LaTeX Companion for explanation.
Type  H <return>  for immediate help.
 ...                                              
                                                  
l.67 ...a = "+string(beta_tik_sol)+" | gamma = "+s
                                                  tring(gamma_tik_sol);
Your command was ignored.
Type  I <command> <return>  to replace it with another command,
or  <return>  to continue without it.

[72]

../matlab/tests/test_inv_kinematics.m:74: LaTeX Error: Command \textquotedbl unavailable in encoding OT1.

See the LaTeX manual or LaTeX Companion for explanation.
Type  H <return>  for immediate help.
 ...                                              
                                                  
l.74     disp("N
                o se han encontrado soluciones válidas");
Your command was ignored.
Type  I <command> <return>  to replace it with another command,
or  <return>  to continue without it.


../matlab/tests/test_inv_kinematics.m:74: LaTeX Error: Invalid UTF-8 byte sequence (�\expandafter).

See the LaTeX manual or LaTeX Companion for explanation.
Type  H <return>  for immediate help.
 ...                                              
                                                  
l.74 ..."No se han encontrado soluciones válidas"
                                                  );
The document does not appear to be in UTF-8 encoding.
Try adding \UseRawInputEncoding as the first line of the file
or specify an encoding such as \usepackage [latin1]{inputenc}
in the document preamble.
Alternatively, save the file in UTF-8 using your editor or another tool


../matlab/tests/test_inv_kinematics.m:74: LaTeX Error: Invalid UTF-8 byte "A1.

See the LaTeX manual or LaTeX Companion for explanation.
Type  H <return>  for immediate help.
 ...                                              
                                                  
l.74 ..."No se han encontrado soluciones válidas"
                                                  );
The document does not appear to be in UTF-8 encoding.
Try adding \UseRawInputEncoding as the first line of the file
or specify an encoding such as \usepackage [latin1]{inputenc}
in the document preamble.
Alternatively, save the file in UTF-8 using your editor or another tool


../matlab/tests/test_inv_kinematics.m:74: LaTeX Error: Command \textquotedbl unavailable in encoding OT1.

See the LaTeX manual or LaTeX Companion for explanation.
Type  H <return>  for immediate help.
 ...                                              
                                                  
l.74 ...No se han encontrado soluciones válidas")
                                                  ;
Your command was ignored.
Type  I <command> <return>  to replace it with another command,
or  <return>  to continue without it.


../matlab/tests/test_inv_kinematics.m:77: LaTeX Error: Command \textquotedbl unavailable in encoding OT1.

See the LaTeX manual or LaTeX Companion for explanation.
Type  H <return>  for immediate help.
 ...                                              
                                                  
l.77 disp("L
            a mejor solución es")
Your command was ignored.
Type  I <command> <return>  to replace it with another command,
or  <return>  to continue without it.


../matlab/tests/test_inv_kinematics.m:77: LaTeX Error: Invalid UTF-8 byte sequence (�\expandafter).

See the LaTeX manual or LaTeX Companion for explanation.
Type  H <return>  for immediate help.
 ...                                              
                                                  
l.77 disp("La mejor solución 
                              es")
The document does not appear to be in UTF-8 encoding.
Try adding \UseRawInputEncoding as the first line of the file
or specify an encoding such as \usepackage [latin1]{inputenc}
in the document preamble.
Alternatively, save the file in UTF-8 using your editor or another tool


../matlab/tests/test_inv_kinematics.m:77: LaTeX Error: Invalid UTF-8 byte "B3.

See the LaTeX manual or LaTeX Companion for explanation.
Type  H <return>  for immediate help.
 ...                                              
                                                  
l.77 disp("La mejor solución 
                              es")
The document does not appear to be in UTF-8 encoding.
Try adding \UseRawInputEncoding as the first line of the file
or specify an encoding such as \usepackage [latin1]{inputenc}
in the document preamble.
Alternatively, save the file in UTF-8 using your editor or another tool


../matlab/tests/test_inv_kinematics.m:77: LaTeX Error: Command \textquotedbl unavailable in encoding OT1.

See the LaTeX manual or LaTeX Companion for explanation.
Type  H <return>  for immediate help.
 ...                                              
                                                  
l.77 disp("La mejor solución es")
                                  
Your command was ignored.
Type  I <command> <return>  to replace it with another command,
or  <return>  to continue without it.


../matlab/tests/test_inv_kinematics.m:80: LaTeX Error: Invalid UTF-8 byte sequence (�\expandafter).

See the LaTeX manual or LaTeX Companion for explanation.
Type  H <return>  for immediate help.
 ...                                              
                                                  
l.80 %% IMPRESIÓN 
                   DE SOLUCIONES
The document does not appear to be in UTF-8 encoding.
Try adding \UseRawInputEncoding as the first line of the file
or specify an encoding such as \usepackage [latin1]{inputenc}
in the document preamble.
Alternatively, save the file in UTF-8 using your editor or another tool


../matlab/tests/test_inv_kinematics.m:80: LaTeX Error: Invalid UTF-8 byte "93.

See the LaTeX manual or LaTeX Companion for explanation.
Type  H <return>  for immediate help.
 ...                                              
                                                  
l.80 %% IMPRESIÓN 
                   DE SOLUCIONES
The document does not appear to be in UTF-8 encoding.
Try adding \UseRawInputEncoding as the first line of the file
or specify an encoding such as \usepackage [latin1]{inputenc}
in the document preamble.
Alternatively, save the file in UTF-8 using your editor or another tool


../matlab/tests/test_inv_kinematics.m:88: LaTeX Error: Command \textquotedbl unavailable in encoding OT1.

See the LaTeX manual or LaTeX Companion for explanation.
Type  H <return>  for immediate help.
 ...                                              
                                                  
l.88     disp(" 
                ")
Your command was ignored.
Type  I <command> <return>  to replace it with another command,
or  <return>  to continue without it.


../matlab/tests/test_inv_kinematics.m:88: LaTeX Error: Command \textquotedbl unavailable in encoding OT1.

See the LaTeX manual or LaTeX Companion for explanation.
Type  H <return>  for immediate help.
 ...                                              
                                                  
l.88     disp(" ")
                  
Your command was ignored.
Type  I <command> <return>  to replace it with another command,
or  <return>  to continue without it.


../matlab/tests/test_inv_kinematics.m:89: LaTeX Error: Command \textquotedbl unavailable in encoding OT1.

See the LaTeX manual or LaTeX Companion for explanation.
Type  H <return>  for immediate help.
 ...                                              
                                                  
l.89     disp(" 
                ")
Your command was ignored.
Type  I <command> <return>  to replace it with another command,
or  <return>  to continue without it.


../matlab/tests/test_inv_kinematics.m:89: LaTeX Error: Command \textquotedbl unavailable in encoding OT1.

See the LaTeX manual or LaTeX Companion for explanation.
Type  H <return>  for immediate help.
 ...                                              
                                                  
l.89     disp(" ")
                  
Your command was ignored.
Type  I <command> <return>  to replace it with another command,
or  <return>  to continue without it.


../matlab/tests/test_inv_kinematics.m:90: LaTeX Error: Command \textquotedbl unavailable in encoding OT1.

See the LaTeX manual or LaTeX Companion for explanation.
Type  H <return>  for immediate help.
 ...                                              
                                                  
l.90     disp(" 
                ")
Your command was ignored.
Type  I <command> <return>  to replace it with another command,
or  <return>  to continue without it.


../matlab/tests/test_inv_kinematics.m:90: LaTeX Error: Command \textquotedbl unavailable in encoding OT1.

See the LaTeX manual or LaTeX Companion for explanation.
Type  H <return>  for immediate help.
 ...                                              
                                                  
l.90     disp(" ")
                  
Your command was ignored.
Type  I <command> <return>  to replace it with another command,
or  <return>  to continue without it.


../matlab/tests/test_inv_kinematics.m:91: LaTeX Error: Command \textquotedbl unavailable in encoding OT1.

See the LaTeX manual or LaTeX Companion for explanation.
Type  H <return>  for immediate help.
 ...                                              
                                                  
l.91     disp("L
                OOP -> Comenzando prueba en loop")
Your command was ignored.
Type  I <command> <return>  to replace it with another command,
or  <return>  to continue without it.


../matlab/tests/test_inv_kinematics.m:91: LaTeX Error: Command \textquotedbl unavailable in encoding OT1.

See the LaTeX manual or LaTeX Companion for explanation.
Type  H <return>  for immediate help.
 ...                                              
                                                  
l.91     disp("LOOP -> Comenzando prueba en loop")
                                                  
Your command was ignored.
Type  I <command> <return>  to replace it with another command,
or  <return>  to continue without it.


../matlab/tests/test_inv_kinematics.m:103: LaTeX Error: Command \textquotedbl unavailable in encoding OT1.

See the LaTeX manual or LaTeX Companion for explanation.
Type  H <return>  for immediate help.
 ...                                              
                                                  
l.103         disp("L
                     OOP -> Probando posición articular");
Your command was ignored.
Type  I <command> <return>  to replace it with another command,
or  <return>  to continue without it.


../matlab/tests/test_inv_kinematics.m:103: LaTeX Error: Invalid UTF-8 byte sequence (�\expandafter).

See the LaTeX manual or LaTeX Companion for explanation.
Type  H <return>  for immediate help.
 ...                                              
                                                  
l.103         disp("LOOP -> Probando posición 
                                               articular");
The document does not appear to be in UTF-8 encoding.
Try adding \UseRawInputEncoding as the first line of the file
or specify an encoding such as \usepackage [latin1]{inputenc}
in the document preamble.
Alternatively, save the file in UTF-8 using your editor or another tool


../matlab/tests/test_inv_kinematics.m:103: LaTeX Error: Invalid UTF-8 byte "B3.

See the LaTeX manual or LaTeX Companion for explanation.
Type  H <return>  for immediate help.
 ...                                              
                                                  
l.103         disp("LOOP -> Probando posición 
                                               articular");
The document does not appear to be in UTF-8 encoding.
Try adding \UseRawInputEncoding as the first line of the file
or specify an encoding such as \usepackage [latin1]{inputenc}
in the document preamble.
Alternatively, save the file in UTF-8 using your editor or another tool


../matlab/tests/test_inv_kinematics.m:103: LaTeX Error: Command \textquotedbl unavailable in encoding OT1.

See the LaTeX manual or LaTeX Companion for explanation.
Type  H <return>  for immediate help.
 ...                                              
                                                  
l.103 ...p("LOOP -> Probando posición articular")
                                                  ;
Your command was ignored.
Type  I <command> <return>  to replace it with another command,
or  <return>  to continue without it.


../matlab/tests/test_inv_kinematics.m:120: LaTeX Error: Command \textquotedbl unavailable in encoding OT1.

See the LaTeX manual or LaTeX Companion for explanation.
Type  H <return>  for immediate help.
 ...                                              
                                                  
l.120         coordenadas_cartesianas = "x
                                           = "+string(x_loop)+" | y = "+stri...
Your command was ignored.
Type  I <command> <return>  to replace it with another command,
or  <return>  to continue without it.


../matlab/tests/test_inv_kinematics.m:120: LaTeX Error: Command \textquotedbl unavailable in encoding OT1.

See the LaTeX manual or LaTeX Companion for explanation.
Type  H <return>  for immediate help.
 ...                                              
                                                  
l.120         coordenadas_cartesianas = "x = "+s
                                                tring(x_loop)+" | y = "+stri...
Your command was ignored.
Type  I <command> <return>  to replace it with another command,
or  <return>  to continue without it.


../matlab/tests/test_inv_kinematics.m:120: LaTeX Error: Command \textquotedbl unavailable in encoding OT1.

See the LaTeX manual or LaTeX Companion for explanation.
Type  H <return>  for immediate help.
 ...                                              
                                                  
l.120 ...as_cartesianas = "x = "+string(x_loop)+" 
                                                  | y = "+string(y_loop)+" |...
Your command was ignored.
Type  I <command> <return>  to replace it with another command,
or  <return>  to continue without it.


../matlab/tests/test_inv_kinematics.m:120: LaTeX Error: Command \textquotedbl unavailable in encoding OT1.

See the LaTeX manual or LaTeX Companion for explanation.
Type  H <return>  for immediate help.
 ...                                              
                                                  
l.120 ...ianas = "x = "+string(x_loop)+" | y = "+s
                                                  tring(y_loop)+" | z = "+st...
Your command was ignored.
Type  I <command> <return>  to replace it with another command,
or  <return>  to continue without it.


../matlab/tests/test_inv_kinematics.m:120: LaTeX Error: Command \textquotedbl unavailable in encoding OT1.

See the LaTeX manual or LaTeX Companion for explanation.
Type  H <return>  for immediate help.
 ...                                              
                                                  
l.120 ...tring(x_loop)+" | y = "+string(y_loop)+" 
                                                  | z = "+string(z_loop)+" |...
Your command was ignored.
Type  I <command> <return>  to replace it with another command,
or  <return>  to continue without it.


../matlab/tests/test_inv_kinematics.m:120: LaTeX Error: Command \textquotedbl unavailable in encoding OT1.

See the LaTeX manual or LaTeX Companion for explanation.
Type  H <return>  for immediate help.
 ...                                              
                                                  
l.120 ...oop)+" | y = "+string(y_loop)+" | z = "+s
                                                  tring(z_loop)+" | alpha = ...
Your command was ignored.
Type  I <command> <return>  to replace it with another command,
or  <return>  to continue without it.


../matlab/tests/test_inv_kinematics.m:120: LaTeX Error: Command \textquotedbl unavailable in encoding OT1.

See the LaTeX manual or LaTeX Companion for explanation.
Type  H <return>  for immediate help.
 ...                                              
                                                  
l.120 ...tring(y_loop)+" | z = "+string(z_loop)+" 
                                                  | alpha = "+string(alpha_l...
Your command was ignored.
Type  I <command> <return>  to replace it with another command,
or  <return>  to continue without it.


../matlab/tests/test_inv_kinematics.m:120: LaTeX Error: Command \textquotedbl unavailable in encoding OT1.

See the LaTeX manual or LaTeX Companion for explanation.
Type  H <return>  for immediate help.
 ...                                              
                                                  
l.120 ...+" | z = "+string(z_loop)+" | alpha = "+s
                                                  tring(alpha_loop)+" | beta...
Your command was ignored.
Type  I <command> <return>  to replace it with another command,
or  <return>  to continue without it.


../matlab/tests/test_inv_kinematics.m:120: LaTeX Error: Command \textquotedbl unavailable in encoding OT1.

See the LaTeX manual or LaTeX Companion for explanation.
Type  H <return>  for immediate help.
 ...                                              
                                                  
l.120 ...loop)+" | alpha = "+string(alpha_loop)+" 
                                                  | beta = "+string(beta_loo...
Your command was ignored.
Type  I <command> <return>  to replace it with another command,
or  <return>  to continue without it.


../matlab/tests/test_inv_kinematics.m:120: LaTeX Error: Command \textquotedbl unavailable in encoding OT1.

See the LaTeX manual or LaTeX Companion for explanation.
Type  H <return>  for immediate help.
 ...                                              
                                                  
l.120 ...pha = "+string(alpha_loop)+" | beta = "+s
                                                  tring(beta_loop)+" | gamma...
Your command was ignored.
Type  I <command> <return>  to replace it with another command,
or  <return>  to continue without it.


../matlab/tests/test_inv_kinematics.m:120: LaTeX Error: Command \textquotedbl unavailable in encoding OT1.

See the LaTeX manual or LaTeX Companion for explanation.
Type  H <return>  for immediate help.
 ...                                              
                                                  
l.120 ...a_loop)+" | beta = "+string(beta_loop)+" 
                                                  | gamma = "+string(gamma_l...
Your command was ignored.
Type  I <command> <return>  to replace it with another command,
or  <return>  to continue without it.


../matlab/tests/test_inv_kinematics.m:120: LaTeX Error: Command \textquotedbl unavailable in encoding OT1.

See the LaTeX manual or LaTeX Companion for explanation.
Type  H <return>  for immediate help.
 ...                                              
                                                  
l.120 ...eta = "+string(beta_loop)+" | gamma = "+s
                                                  tring(gamma_loop);
Your command was ignored.
Type  I <command> <return>  to replace it with another command,
or  <return>  to continue without it.


../matlab/tests/test_inv_kinematics.m:122: LaTeX Error: Command \textquotedbl unavailable in encoding OT1.

See the LaTeX manual or LaTeX Companion for explanation.
Type  H <return>  for immediate help.
 ...                                              
                                                  
l.122         disp("L
                     OOP -> Las coordenadas cartesianas consigna son: ")
Your command was ignored.
Type  I <command> <return>  to replace it with another command,
or  <return>  to continue without it.


../matlab/tests/test_inv_kinematics.m:122: LaTeX Error: Command \textquotedbl unavailable in encoding OT1.

See the LaTeX manual or LaTeX Companion for explanation.
Type  H <return>  for immediate help.
 ...                                              
                                                  
l.122 ... coordenadas cartesianas consigna son: ")
                                                  
Your command was ignored.
Type  I <command> <return>  to replace it with another command,
or  <return>  to continue without it.

[73]

../matlab/tests/test_inv_kinematics.m:138: LaTeX Error: Command \textquotedbl unavailable in encoding OT1.

See the LaTeX manual or LaTeX Companion for explanation.
Type  H <return>  for immediate help.
 ...                                              
                                                  
l.138                     disp("L
                                 OOP -> Posible error de IK - detenido para ...
Your command was ignored.
Type  I <command> <return>  to replace it with another command,
or  <return>  to continue without it.


../matlab/tests/test_inv_kinematics.m:138: LaTeX Error: Command \textquotedbl unavailable in encoding OT1.

See the LaTeX manual or LaTeX Companion for explanation.
Type  H <return>  for immediate help.
 ...                                              
                                                  
l.138 ...e error de IK - detenido para verificar")
                                                  
Your command was ignored.
Type  I <command> <return>  to replace it with another command,
or  <return>  to continue without it.


../matlab/tests/test_inv_kinematics.m:149: LaTeX Error: Command \textquotedbl unavailable in encoding OT1.

See the LaTeX manual or LaTeX Companion for explanation.
Type  H <return>  for immediate help.
 ...                                              
                                                  
l.149 ...             coordenadas_cartesianas = "x
                                                   = "+string(x_sol)+" | y =...
Your command was ignored.
Type  I <command> <return>  to replace it with another command,
or  <return>  to continue without it.


../matlab/tests/test_inv_kinematics.m:149: LaTeX Error: Command \textquotedbl unavailable in encoding OT1.

See the LaTeX manual or LaTeX Companion for explanation.
Type  H <return>  for immediate help.
 ...                                              
                                                  
l.149 ...       coordenadas_cartesianas = "x = "+s
                                                  tring(x_sol)+" | y = "+str...
Your command was ignored.
Type  I <command> <return>  to replace it with another command,
or  <return>  to continue without it.


../matlab/tests/test_inv_kinematics.m:149: LaTeX Error: Command \textquotedbl unavailable in encoding OT1.

See the LaTeX manual or LaTeX Companion for explanation.
Type  H <return>  for immediate help.
 ...                                              
                                                  
l.149 ...das_cartesianas = "x = "+string(x_sol)+" 
                                                  | y = "+string(y_sol)+" | ...
Your command was ignored.
Type  I <command> <return>  to replace it with another command,
or  <return>  to continue without it.


../matlab/tests/test_inv_kinematics.m:149: LaTeX Error: Command \textquotedbl unavailable in encoding OT1.

See the LaTeX manual or LaTeX Companion for explanation.
Type  H <return>  for immediate help.
 ...                                              
                                                  
l.149 ...sianas = "x = "+string(x_sol)+" | y = "+s
                                                  tring(y_sol)+" | z = "+str...
Your command was ignored.
Type  I <command> <return>  to replace it with another command,
or  <return>  to continue without it.


../matlab/tests/test_inv_kinematics.m:149: LaTeX Error: Command \textquotedbl unavailable in encoding OT1.

See the LaTeX manual or LaTeX Companion for explanation.
Type  H <return>  for immediate help.
 ...                                              
                                                  
l.149 ...+string(x_sol)+" | y = "+string(y_sol)+" 
                                                  | z = "+string(z_sol)+" | ...
Your command was ignored.
Type  I <command> <return>  to replace it with another command,
or  <return>  to continue without it.


../matlab/tests/test_inv_kinematics.m:149: LaTeX Error: Command \textquotedbl unavailable in encoding OT1.

See the LaTeX manual or LaTeX Companion for explanation.
Type  H <return>  for immediate help.
 ...                                              
                                                  
l.149 ..._sol)+" | y = "+string(y_sol)+" | z = "+s
                                                  tring(z_sol)+" | alpha = "...
Your command was ignored.
Type  I <command> <return>  to replace it with another command,
or  <return>  to continue without it.


../matlab/tests/test_inv_kinematics.m:149: LaTeX Error: Command \textquotedbl unavailable in encoding OT1.

See the LaTeX manual or LaTeX Companion for explanation.
Type  H <return>  for immediate help.
 ...                                              
                                                  
l.149 ...+string(y_sol)+" | z = "+string(z_sol)+" 
                                                  | alpha = "+string(alpha_s...
Your command was ignored.
Type  I <command> <return>  to replace it with another command,
or  <return>  to continue without it.


../matlab/tests/test_inv_kinematics.m:149: LaTeX Error: Command \textquotedbl unavailable in encoding OT1.

See the LaTeX manual or LaTeX Companion for explanation.
Type  H <return>  for immediate help.
 ...                                              
                                                  
l.149 ...)+" | z = "+string(z_sol)+" | alpha = "+s
                                                  tring(alpha_sol)+" | beta ...
Your command was ignored.
Type  I <command> <return>  to replace it with another command,
or  <return>  to continue without it.


../matlab/tests/test_inv_kinematics.m:149: LaTeX Error: Command \textquotedbl unavailable in encoding OT1.

See the LaTeX manual or LaTeX Companion for explanation.
Type  H <return>  for immediate help.
 ...                                              
                                                  
l.149 ...z_sol)+" | alpha = "+string(alpha_sol)+" 
                                                  | beta = "+string(beta_sol...
Your command was ignored.
Type  I <command> <return>  to replace it with another command,
or  <return>  to continue without it.


../matlab/tests/test_inv_kinematics.m:149: LaTeX Error: Command \textquotedbl unavailable in encoding OT1.

See the LaTeX manual or LaTeX Companion for explanation.
Type  H <return>  for immediate help.
 ...                                              
                                                  
l.149 ...lpha = "+string(alpha_sol)+" | beta = "+s
                                                  tring(beta_sol)+" | gamma ...
Your command was ignored.
Type  I <command> <return>  to replace it with another command,
or  <return>  to continue without it.


../matlab/tests/test_inv_kinematics.m:149: LaTeX Error: Command \textquotedbl unavailable in encoding OT1.

See the LaTeX manual or LaTeX Companion for explanation.
Type  H <return>  for immediate help.
 ...                                              
                                                  
l.149 ...pha_sol)+" | beta = "+string(beta_sol)+" 
                                                  | gamma = "+string(gamma_s...
Your command was ignored.
Type  I <command> <return>  to replace it with another command,
or  <return>  to continue without it.


../matlab/tests/test_inv_kinematics.m:149: LaTeX Error: Command \textquotedbl unavailable in encoding OT1.

See the LaTeX manual or LaTeX Companion for explanation.
Type  H <return>  for immediate help.
 ...                                              
                                                  
l.149 ...beta = "+string(beta_sol)+" | gamma = "+s
                                                  tring(gamma_sol);
Your command was ignored.
Type  I <command> <return>  to replace it with another command,
or  <return>  to continue without it.


../matlab/tests/test_inv_kinematics.m:151: LaTeX Error: Command \textquotedbl unavailable in encoding OT1.

See the LaTeX manual or LaTeX Companion for explanation.
Type  H <return>  for immediate help.
 ...                                              
                                                  
l.151                     disp("L
                                 OOP -> Las coordenadas cartesianas resultan...
Your command was ignored.
Type  I <command> <return>  to replace it with another command,
or  <return>  to continue without it.


../matlab/tests/test_inv_kinematics.m:151: LaTeX Error: Command \textquotedbl unavailable in encoding OT1.

See the LaTeX manual or LaTeX Companion for explanation.
Type  H <return>  for immediate help.
 ...                                              
                                                  
l.151 ...ordenadas cartesianas resultantes son: ")
                                                  
Your command was ignored.
Type  I <command> <return>  to replace it with another command,
or  <return>  to continue without it.


../matlab/tests/test_inv_kinematics.m:153: LaTeX Error: Command \textquotedbl unavailable in encoding OT1.

See the LaTeX manual or LaTeX Companion for explanation.
Type  H <return>  for immediate help.
 ...                                              
                                                  
l.153                     input("")
                                   
Your command was ignored.
Type  I <command> <return>  to replace it with another command,
or  <return>  to continue without it.


../matlab/tests/test_inv_kinematics.m:153: LaTeX Error: Command \textquotedbl unavailable in encoding OT1.

See the LaTeX manual or LaTeX Companion for explanation.
Type  H <return>  for immediate help.
 ...                                              
                                                  
l.153                     input("")
                                   
Your command was ignored.
Type  I <command> <return>  to replace it with another command,
or  <return>  to continue without it.


../matlab/tests/test_inv_kinematics.m:155: LaTeX Error: Command \textquotedbl unavailable in encoding OT1.

See the LaTeX manual or LaTeX Companion for explanation.
Type  H <return>  for immediate help.
 ...                                              
                                                  
l.155                     disp("O
                                 K")
Your command was ignored.
Type  I <command> <return>  to replace it with another command,
or  <return>  to continue without it.


../matlab/tests/test_inv_kinematics.m:155: LaTeX Error: Command \textquotedbl unavailable in encoding OT1.

See the LaTeX manual or LaTeX Companion for explanation.
Type  H <return>  for immediate help.
 ...                                              
                                                  
l.155                     disp("OK")
                                    
Your command was ignored.
Type  I <command> <return>  to replace it with another command,
or  <return>  to continue without it.

) (../matlab/tests/test_singularities.m [74]

../matlab/tests/test_singularities.m:5: LaTeX Error: Invalid UTF-8 byte sequence (�\expandafter).

See the LaTeX manual or LaTeX Companion for explanation.
Type  H <return>  for immediate help.
 ...                                              
                                                  
l.5     %% Singularidad de muñeca 
                                   q5 = 0
The document does not appear to be in UTF-8 encoding.
Try adding \UseRawInputEncoding as the first line of the file
or specify an encoding such as \usepackage [latin1]{inputenc}
in the document preamble.
Alternatively, save the file in UTF-8 using your editor or another tool


../matlab/tests/test_singularities.m:5: LaTeX Error: Invalid UTF-8 byte "B1.

See the LaTeX manual or LaTeX Companion for explanation.
Type  H <return>  for immediate help.
 ...                                              
                                                  
l.5     %% Singularidad de muñeca 
                                   q5 = 0
The document does not appear to be in UTF-8 encoding.
Try adding \UseRawInputEncoding as the first line of the file
or specify an encoding such as \usepackage [latin1]{inputenc}
in the document preamble.
Alternatively, save the file in UTF-8 using your editor or another tool


../matlab/tests/test_singularities.m:20: LaTeX Error: Command \textquotedbl unavailable in encoding OT1.

See the LaTeX manual or LaTeX Companion for explanation.
Type  H <return>  for immediate help.
 ...                                              
                                                  
l.20         disp("P
                    osición articular aleatoria - no singular - muñeca");
Your command was ignored.
Type  I <command> <return>  to replace it with another command,
or  <return>  to continue without it.


../matlab/tests/test_singularities.m:20: LaTeX Error: Invalid UTF-8 byte sequence (�\expandafter).

See the LaTeX manual or LaTeX Companion for explanation.
Type  H <return>  for immediate help.
 ...                                              
                                                  
l.20         disp("Posición 
                             articular aleatoria - no singular - muñeca");
The document does not appear to be in UTF-8 encoding.
Try adding \UseRawInputEncoding as the first line of the file
or specify an encoding such as \usepackage [latin1]{inputenc}
in the document preamble.
Alternatively, save the file in UTF-8 using your editor or another tool


../matlab/tests/test_singularities.m:20: LaTeX Error: Invalid UTF-8 byte "B3.

See the LaTeX manual or LaTeX Companion for explanation.
Type  H <return>  for immediate help.
 ...                                              
                                                  
l.20         disp("Posición 
                             articular aleatoria - no singular - muñeca");
The document does not appear to be in UTF-8 encoding.
Try adding \UseRawInputEncoding as the first line of the file
or specify an encoding such as \usepackage [latin1]{inputenc}
in the document preamble.
Alternatively, save the file in UTF-8 using your editor or another tool


../matlab/tests/test_singularities.m:20: LaTeX Error: Invalid UTF-8 byte sequence (�\expandafter).

See the LaTeX manual or LaTeX Companion for explanation.
Type  H <return>  for immediate help.
 ...                                              
                                                  
l.20 ...ticular aleatoria - no singular - muñeca"
                                                  );
The document does not appear to be in UTF-8 encoding.
Try adding \UseRawInputEncoding as the first line of the file
or specify an encoding such as \usepackage [latin1]{inputenc}
in the document preamble.
Alternatively, save the file in UTF-8 using your editor or another tool


../matlab/tests/test_singularities.m:20: LaTeX Error: Invalid UTF-8 byte "B1.

See the LaTeX manual or LaTeX Companion for explanation.
Type  H <return>  for immediate help.
 ...                                              
                                                  
l.20 ...ticular aleatoria - no singular - muñeca"
                                                  );
The document does not appear to be in UTF-8 encoding.
Try adding \UseRawInputEncoding as the first line of the file
or specify an encoding such as \usepackage [latin1]{inputenc}
in the document preamble.
Alternatively, save the file in UTF-8 using your editor or another tool


../matlab/tests/test_singularities.m:20: LaTeX Error: Command \textquotedbl unavailable in encoding OT1.

See the LaTeX manual or LaTeX Companion for explanation.
Type  H <return>  for immediate help.
 ...                                              
                                                  
l.20 ...icular aleatoria - no singular - muñeca")
                                                  ;
Your command was ignored.
Type  I <command> <return>  to replace it with another command,
or  <return>  to continue without it.


../matlab/tests/test_singularities.m:22: LaTeX Error: Command \textquotedbl unavailable in encoding OT1.

See the LaTeX manual or LaTeX Companion for explanation.
Type  H <return>  for immediate help.
 ...                                              
                                                  
l.22         disp("D
                    eterminante del Jacobiano: "+string(det_J));
Your command was ignored.
Type  I <command> <return>  to replace it with another command,
or  <return>  to continue without it.


../matlab/tests/test_singularities.m:22: LaTeX Error: Command \textquotedbl unavailable in encoding OT1.

See the LaTeX manual or LaTeX Companion for explanation.
Type  H <return>  for immediate help.
 ...                                              
                                                  
l.22         disp("Determinante del Jacobiano: "+s
                                                  tring(det_J));
Your command was ignored.
Type  I <command> <return>  to replace it with another command,
or  <return>  to continue without it.


../matlab/tests/test_singularities.m:23: LaTeX Error: Command \textquotedbl unavailable in encoding OT1.

See the LaTeX manual or LaTeX Companion for explanation.
Type  H <return>  for immediate help.
 ...                                              
                                                  
l.23         disp("-> 
                      Detención por posición no singular - enter para cont...
Your command was ignored.
Type  I <command> <return>  to replace it with another command,
or  <return>  to continue without it.


../matlab/tests/test_singularities.m:23: LaTeX Error: Invalid UTF-8 byte sequence (�\expandafter).

See the LaTeX manual or LaTeX Companion for explanation.
Type  H <return>  for immediate help.
 ...                                              
                                                  
l.23         disp("-> Detención 
                                 por posición no singular - enter para cont...
The document does not appear to be in UTF-8 encoding.
Try adding \UseRawInputEncoding as the first line of the file
or specify an encoding such as \usepackage [latin1]{inputenc}
in the document preamble.
Alternatively, save the file in UTF-8 using your editor or another tool


../matlab/tests/test_singularities.m:23: LaTeX Error: Invalid UTF-8 byte "B3.

See the LaTeX manual or LaTeX Companion for explanation.
Type  H <return>  for immediate help.
 ...                                              
                                                  
l.23         disp("-> Detención 
                                 por posición no singular - enter para cont...
The document does not appear to be in UTF-8 encoding.
Try adding \UseRawInputEncoding as the first line of the file
or specify an encoding such as \usepackage [latin1]{inputenc}
in the document preamble.
Alternatively, save the file in UTF-8 using your editor or another tool


../matlab/tests/test_singularities.m:23: LaTeX Error: Invalid UTF-8 byte sequence (�\expandafter).

See the LaTeX manual or LaTeX Companion for explanation.
Type  H <return>  for immediate help.
 ...                                              
                                                  
l.23         disp("-> Detención por posición 
                                               no singular - enter para cont...
The document does not appear to be in UTF-8 encoding.
Try adding \UseRawInputEncoding as the first line of the file
or specify an encoding such as \usepackage [latin1]{inputenc}
in the document preamble.
Alternatively, save the file in UTF-8 using your editor or another tool


../matlab/tests/test_singularities.m:23: LaTeX Error: Invalid UTF-8 byte "B3.

See the LaTeX manual or LaTeX Companion for explanation.
Type  H <return>  for immediate help.
 ...                                              
                                                  
l.23         disp("-> Detención por posición 
                                               no singular - enter para cont...
The document does not appear to be in UTF-8 encoding.
Try adding \UseRawInputEncoding as the first line of the file
or specify an encoding such as \usepackage [latin1]{inputenc}
in the document preamble.
Alternatively, save the file in UTF-8 using your editor or another tool


../matlab/tests/test_singularities.m:23: LaTeX Error: Command \textquotedbl unavailable in encoding OT1.

See the LaTeX manual or LaTeX Companion for explanation.
Type  H <return>  for immediate help.
 ...                                              
                                                  
l.23 ...ción no singular - enter para continuar")
                                                  
Your command was ignored.
Type  I <command> <return>  to replace it with another command,
or  <return>  to continue without it.


../matlab/tests/test_singularities.m:24: LaTeX Error: Command \textquotedbl unavailable in encoding OT1.

See the LaTeX manual or LaTeX Companion for explanation.
Type  H <return>  for immediate help.
 ...                                              
                                                  
l.24         input("")
                      ;
Your command was ignored.
Type  I <command> <return>  to replace it with another command,
or  <return>  to continue without it.


../matlab/tests/test_singularities.m:24: LaTeX Error: Command \textquotedbl unavailable in encoding OT1.

See the LaTeX manual or LaTeX Companion for explanation.
Type  H <return>  for immediate help.
 ...                                              
                                                  
l.24         input("")
                      ;
Your command was ignored.
Type  I <command> <return>  to replace it with another command,
or  <return>  to continue without it.


../matlab/tests/test_singularities.m:42: LaTeX Error: Command \textquotedbl unavailable in encoding OT1.

See the LaTeX manual or LaTeX Companion for explanation.
Type  H <return>  for immediate help.
 ...                                              
                                                  
l.42         disp("P
                    osición articular aleatoria - no singular - codo");
Your command was ignored.
Type  I <command> <return>  to replace it with another command,
or  <return>  to continue without it.


../matlab/tests/test_singularities.m:42: LaTeX Error: Invalid UTF-8 byte sequence (�\expandafter).

See the LaTeX manual or LaTeX Companion for explanation.
Type  H <return>  for immediate help.
 ...                                              
                                                  
l.42         disp("Posición 
                             articular aleatoria - no singular - codo");
The document does not appear to be in UTF-8 encoding.
Try adding \UseRawInputEncoding as the first line of the file
or specify an encoding such as \usepackage [latin1]{inputenc}
in the document preamble.
Alternatively, save the file in UTF-8 using your editor or another tool


../matlab/tests/test_singularities.m:42: LaTeX Error: Invalid UTF-8 byte "B3.

See the LaTeX manual or LaTeX Companion for explanation.
Type  H <return>  for immediate help.
 ...                                              
                                                  
l.42         disp("Posición 
                             articular aleatoria - no singular - codo");
The document does not appear to be in UTF-8 encoding.
Try adding \UseRawInputEncoding as the first line of the file
or specify an encoding such as \usepackage [latin1]{inputenc}
in the document preamble.
Alternatively, save the file in UTF-8 using your editor or another tool


../matlab/tests/test_singularities.m:42: LaTeX Error: Command \textquotedbl unavailable in encoding OT1.

See the LaTeX manual or LaTeX Companion for explanation.
Type  H <return>  for immediate help.
 ...                                              
                                                  
l.42 ...articular aleatoria - no singular - codo")
                                                  ;
Your command was ignored.
Type  I <command> <return>  to replace it with another command,
or  <return>  to continue without it.


../matlab/tests/test_singularities.m:44: LaTeX Error: Command \textquotedbl unavailable in encoding OT1.

See the LaTeX manual or LaTeX Companion for explanation.
Type  H <return>  for immediate help.
 ...                                              
                                                  
l.44         disp("D
                    eterminante del Jacobiano: "+string(det_J));
Your command was ignored.
Type  I <command> <return>  to replace it with another command,
or  <return>  to continue without it.


../matlab/tests/test_singularities.m:44: LaTeX Error: Command \textquotedbl unavailable in encoding OT1.

See the LaTeX manual or LaTeX Companion for explanation.
Type  H <return>  for immediate help.
 ...                                              
                                                  
l.44         disp("Determinante del Jacobiano: "+s
                                                  tring(det_J));
Your command was ignored.
Type  I <command> <return>  to replace it with another command,
or  <return>  to continue without it.


../matlab/tests/test_singularities.m:45: LaTeX Error: Command \textquotedbl unavailable in encoding OT1.

See the LaTeX manual or LaTeX Companion for explanation.
Type  H <return>  for immediate help.
 ...                                              
                                                  
l.45         disp("-> 
                      Detención por posición no singular - enter para cont...
Your command was ignored.
Type  I <command> <return>  to replace it with another command,
or  <return>  to continue without it.


../matlab/tests/test_singularities.m:45: LaTeX Error: Invalid UTF-8 byte sequence (�\expandafter).

See the LaTeX manual or LaTeX Companion for explanation.
Type  H <return>  for immediate help.
 ...                                              
                                                  
l.45         disp("-> Detención 
                                 por posición no singular - enter para cont...
The document does not appear to be in UTF-8 encoding.
Try adding \UseRawInputEncoding as the first line of the file
or specify an encoding such as \usepackage [latin1]{inputenc}
in the document preamble.
Alternatively, save the file in UTF-8 using your editor or another tool


../matlab/tests/test_singularities.m:45: LaTeX Error: Invalid UTF-8 byte "B3.

See the LaTeX manual or LaTeX Companion for explanation.
Type  H <return>  for immediate help.
 ...                                              
                                                  
l.45         disp("-> Detención 
                                 por posición no singular - enter para cont...
The document does not appear to be in UTF-8 encoding.
Try adding \UseRawInputEncoding as the first line of the file
or specify an encoding such as \usepackage [latin1]{inputenc}
in the document preamble.
Alternatively, save the file in UTF-8 using your editor or another tool


../matlab/tests/test_singularities.m:45: LaTeX Error: Invalid UTF-8 byte sequence (�\expandafter).

See the LaTeX manual or LaTeX Companion for explanation.
Type  H <return>  for immediate help.
 ...                                              
                                                  
l.45         disp("-> Detención por posición 
                                               no singular - enter para cont...
The document does not appear to be in UTF-8 encoding.
Try adding \UseRawInputEncoding as the first line of the file
or specify an encoding such as \usepackage [latin1]{inputenc}
in the document preamble.
Alternatively, save the file in UTF-8 using your editor or another tool


../matlab/tests/test_singularities.m:45: LaTeX Error: Invalid UTF-8 byte "B3.

See the LaTeX manual or LaTeX Companion for explanation.
Type  H <return>  for immediate help.
 ...                                              
                                                  
l.45         disp("-> Detención por posición 
                                               no singular - enter para cont...
The document does not appear to be in UTF-8 encoding.
Try adding \UseRawInputEncoding as the first line of the file
or specify an encoding such as \usepackage [latin1]{inputenc}
in the document preamble.
Alternatively, save the file in UTF-8 using your editor or another tool


../matlab/tests/test_singularities.m:45: LaTeX Error: Command \textquotedbl unavailable in encoding OT1.

See the LaTeX manual or LaTeX Companion for explanation.
Type  H <return>  for immediate help.
 ...                                              
                                                  
l.45 ...ción no singular - enter para continuar")
                                                  
Your command was ignored.
Type  I <command> <return>  to replace it with another command,
or  <return>  to continue without it.


../matlab/tests/test_singularities.m:46: LaTeX Error: Command \textquotedbl unavailable in encoding OT1.

See the LaTeX manual or LaTeX Companion for explanation.
Type  H <return>  for immediate help.
 ...                                              
                                                  
l.46         input("")
                      ;
Your command was ignored.
Type  I <command> <return>  to replace it with another command,
or  <return>  to continue without it.


../matlab/tests/test_singularities.m:46: LaTeX Error: Command \textquotedbl unavailable in encoding OT1.

See the LaTeX manual or LaTeX Companion for explanation.
Type  H <return>  for immediate help.
 ...                                              
                                                  
l.46         input("")
                      ;
Your command was ignored.
Type  I <command> <return>  to replace it with another command,
or  <return>  to continue without it.

[75]

../matlab/tests/test_singularities.m:77: LaTeX Error: Command \textquotedbl unavailable in encoding OT1.

See the LaTeX manual or LaTeX Companion for explanation.
Type  H <return>  for immediate help.
 ...                                              
                                                  
l.77         disp("P
                    osición articular aleatoria - no singular - hombro");
Your command was ignored.
Type  I <command> <return>  to replace it with another command,
or  <return>  to continue without it.


../matlab/tests/test_singularities.m:77: LaTeX Error: Invalid UTF-8 byte sequence (�\expandafter).

See the LaTeX manual or LaTeX Companion for explanation.
Type  H <return>  for immediate help.
 ...                                              
                                                  
l.77         disp("Posición 
                             articular aleatoria - no singular - hombro");
The document does not appear to be in UTF-8 encoding.
Try adding \UseRawInputEncoding as the first line of the file
or specify an encoding such as \usepackage [latin1]{inputenc}
in the document preamble.
Alternatively, save the file in UTF-8 using your editor or another tool


../matlab/tests/test_singularities.m:77: LaTeX Error: Invalid UTF-8 byte "B3.

See the LaTeX manual or LaTeX Companion for explanation.
Type  H <return>  for immediate help.
 ...                                              
                                                  
l.77         disp("Posición 
                             articular aleatoria - no singular - hombro");
The document does not appear to be in UTF-8 encoding.
Try adding \UseRawInputEncoding as the first line of the file
or specify an encoding such as \usepackage [latin1]{inputenc}
in the document preamble.
Alternatively, save the file in UTF-8 using your editor or another tool


../matlab/tests/test_singularities.m:77: LaTeX Error: Command \textquotedbl unavailable in encoding OT1.

See the LaTeX manual or LaTeX Companion for explanation.
Type  H <return>  for immediate help.
 ...                                              
                                                  
l.77 ...ticular aleatoria - no singular - hombro")
                                                  ;
Your command was ignored.
Type  I <command> <return>  to replace it with another command,
or  <return>  to continue without it.


../matlab/tests/test_singularities.m:79: LaTeX Error: Command \textquotedbl unavailable in encoding OT1.

See the LaTeX manual or LaTeX Companion for explanation.
Type  H <return>  for immediate help.
 ...                                              
                                                  
l.79         disp("D
                    eterminante del Jacobiano: "+string(det_J));
Your command was ignored.
Type  I <command> <return>  to replace it with another command,
or  <return>  to continue without it.


../matlab/tests/test_singularities.m:79: LaTeX Error: Command \textquotedbl unavailable in encoding OT1.

See the LaTeX manual or LaTeX Companion for explanation.
Type  H <return>  for immediate help.
 ...                                              
                                                  
l.79         disp("Determinante del Jacobiano: "+s
                                                  tring(det_J));
Your command was ignored.
Type  I <command> <return>  to replace it with another command,
or  <return>  to continue without it.


../matlab/tests/test_singularities.m:80: LaTeX Error: Command \textquotedbl unavailable in encoding OT1.

See the LaTeX manual or LaTeX Companion for explanation.
Type  H <return>  for immediate help.
 ...                                              
                                                  
l.80         disp("-> 
                      Detención por posición no singular - enter para cont...
Your command was ignored.
Type  I <command> <return>  to replace it with another command,
or  <return>  to continue without it.


../matlab/tests/test_singularities.m:80: LaTeX Error: Invalid UTF-8 byte sequence (�\expandafter).

See the LaTeX manual or LaTeX Companion for explanation.
Type  H <return>  for immediate help.
 ...                                              
                                                  
l.80         disp("-> Detención 
                                 por posición no singular - enter para cont...
The document does not appear to be in UTF-8 encoding.
Try adding \UseRawInputEncoding as the first line of the file
or specify an encoding such as \usepackage [latin1]{inputenc}
in the document preamble.
Alternatively, save the file in UTF-8 using your editor or another tool


../matlab/tests/test_singularities.m:80: LaTeX Error: Invalid UTF-8 byte "B3.

See the LaTeX manual or LaTeX Companion for explanation.
Type  H <return>  for immediate help.
 ...                                              
                                                  
l.80         disp("-> Detención 
                                 por posición no singular - enter para cont...
The document does not appear to be in UTF-8 encoding.
Try adding \UseRawInputEncoding as the first line of the file
or specify an encoding such as \usepackage [latin1]{inputenc}
in the document preamble.
Alternatively, save the file in UTF-8 using your editor or another tool


../matlab/tests/test_singularities.m:80: LaTeX Error: Invalid UTF-8 byte sequence (�\expandafter).

See the LaTeX manual or LaTeX Companion for explanation.
Type  H <return>  for immediate help.
 ...                                              
                                                  
l.80         disp("-> Detención por posición 
                                               no singular - enter para cont...
The document does not appear to be in UTF-8 encoding.
Try adding \UseRawInputEncoding as the first line of the file
or specify an encoding such as \usepackage [latin1]{inputenc}
in the document preamble.
Alternatively, save the file in UTF-8 using your editor or another tool


../matlab/tests/test_singularities.m:80: LaTeX Error: Invalid UTF-8 byte "B3.

See the LaTeX manual or LaTeX Companion for explanation.
Type  H <return>  for immediate help.
 ...                                              
                                                  
l.80         disp("-> Detención por posición 
                                               no singular - enter para cont...
The document does not appear to be in UTF-8 encoding.
Try adding \UseRawInputEncoding as the first line of the file
or specify an encoding such as \usepackage [latin1]{inputenc}
in the document preamble.
Alternatively, save the file in UTF-8 using your editor or another tool


../matlab/tests/test_singularities.m:80: LaTeX Error: Command \textquotedbl unavailable in encoding OT1.

See the LaTeX manual or LaTeX Companion for explanation.
Type  H <return>  for immediate help.
 ...                                              
                                                  
l.80 ...ción no singular - enter para continuar")
                                                  
Your command was ignored.
Type  I <command> <return>  to replace it with another command,
or  <return>  to continue without it.


../matlab/tests/test_singularities.m:81: LaTeX Error: Command \textquotedbl unavailable in encoding OT1.

See the LaTeX manual or LaTeX Companion for explanation.
Type  H <return>  for immediate help.
 ...                                              
                                                  
l.81         input("")
                      ;
Your command was ignored.
Type  I <command> <return>  to replace it with another command,
or  <return>  to continue without it.


../matlab/tests/test_singularities.m:81: LaTeX Error: Command \textquotedbl unavailable in encoding OT1.

See the LaTeX manual or LaTeX Companion for explanation.
Type  H <return>  for immediate help.
 ...                                              
                                                  
l.81         input("")
                      ;
Your command was ignored.
Type  I <command> <return>  to replace it with another command,
or  <return>  to continue without it.


../matlab/tests/test_singularities.m:84: LaTeX Error: Command \textquotedbl unavailable in encoding OT1.

See the LaTeX manual or LaTeX Companion for explanation.
Type  H <return>  for immediate help.
 ...                                              
                                                  
l.84     disp("C
                iclo completo - todas las posiciones fueron singulares - con...
Your command was ignored.
Type  I <command> <return>  to replace it with another command,
or  <return>  to continue without it.


../matlab/tests/test_singularities.m:84: LaTeX Error: Command \textquotedbl unavailable in encoding OT1.

See the LaTeX manual or LaTeX Companion for explanation.
Type  H <return>  for immediate help.
 ...                                              
                                                  
l.84 ...iones fueron singulares - continuando...")
                                                  
Your command was ignored.
Type  I <command> <return>  to replace it with another command,
or  <return>  to continue without it.

) (../matlab/tests/test_gen_traj.m [76]

../matlab/tests/test_gen_traj.m:44: LaTeX Error: Invalid UTF-8 byte sequence (�\expandafter).

See the LaTeX manual or LaTeX Companion for explanation.
Type  H <return>  for immediate help.
 ...                                              
                                                  
l.44 %% Verificación 
                      de paso por puntos de control
The document does not appear to be in UTF-8 encoding.
Try adding \UseRawInputEncoding as the first line of the file
or specify an encoding such as \usepackage [latin1]{inputenc}
in the document preamble.
Alternatively, save the file in UTF-8 using your editor or another tool


../matlab/tests/test_gen_traj.m:44: LaTeX Error: Invalid UTF-8 byte "B3.

See the LaTeX manual or LaTeX Companion for explanation.
Type  H <return>  for immediate help.
 ...                                              
                                                  
l.44 %% Verificación 
                      de paso por puntos de control
The document does not appear to be in UTF-8 encoding.
Try adding \UseRawInputEncoding as the first line of the file
or specify an encoding such as \usepackage [latin1]{inputenc}
in the document preamble.
Alternatively, save the file in UTF-8 using your editor or another tool


../matlab/tests/test_gen_traj.m:68: LaTeX Error: Command \textquotedbl unavailable in encoding OT1.

See the LaTeX manual or LaTeX Companion for explanation.
Type  H <return>  for immediate help.
 ...                                              
                                                  
l.68     disp("T
                odos los puntos de control fueron alcanzados.");
Your command was ignored.
Type  I <command> <return>  to replace it with another command,
or  <return>  to continue without it.


../matlab/tests/test_gen_traj.m:68: LaTeX Error: Command \textquotedbl unavailable in encoding OT1.

See the LaTeX manual or LaTeX Companion for explanation.
Type  H <return>  for immediate help.
 ...                                              
                                                  
l.68 ...los puntos de control fueron alcanzados.")
                                                  ;
Your command was ignored.
Type  I <command> <return>  to replace it with another command,
or  <return>  to continue without it.


../matlab/tests/test_gen_traj.m:70: LaTeX Error: Command \textquotedbl unavailable in encoding OT1.

See the LaTeX manual or LaTeX Companion for explanation.
Type  H <return>  for immediate help.
 ...                                              
                                                  
l.70     disp("N
                o se alcanzaron todos los puntos de control.");
Your command was ignored.
Type  I <command> <return>  to replace it with another command,
or  <return>  to continue without it.


../matlab/tests/test_gen_traj.m:70: LaTeX Error: Command \textquotedbl unavailable in encoding OT1.

See the LaTeX manual or LaTeX Companion for explanation.
Type  H <return>  for immediate help.
 ...                                              
                                                  
l.70 ... alcanzaron todos los puntos de control.")
                                                  ;
Your command was ignored.
Type  I <command> <return>  to replace it with another command,
or  <return>  to continue without it.

) (../matlab/visualization/myAnimate.m

../matlab/visualization/myAnimate.m:1: LaTeX Error: Invalid UTF-8 byte sequence (�\expandafter).

See the LaTeX manual or LaTeX Companion for explanation.
Type  H <return>  for immediate help.
 ...                                              
                                                  
l.1 ...a articular de un robot con visualización 
                                                  diagnóstica
The document does not appear to be in UTF-8 encoding.
Try adding \UseRawInputEncoding as the first line of the file
or specify an encoding such as \usepackage [latin1]{inputenc}
in the document preamble.
Alternatively, save the file in UTF-8 using your editor or another tool


../matlab/visualization/myAnimate.m:1: LaTeX Error: Invalid UTF-8 byte "B3.

See the LaTeX manual or LaTeX Companion for explanation.
Type  H <return>  for immediate help.
 ...                                              
                                                  
l.1 ...a articular de un robot con visualización 
                                                  diagnóstica
The document does not appear to be in UTF-8 encoding.
Try adding \UseRawInputEncoding as the first line of the file
or specify an encoding such as \usepackage [latin1]{inputenc}
in the document preamble.
Alternatively, save the file in UTF-8 using your editor or another tool


../matlab/visualization/myAnimate.m:1: LaTeX Error: Invalid UTF-8 byte sequence (�\expandafter).

See the LaTeX manual or LaTeX Companion for explanation.
Type  H <return>  for immediate help.
 ...                                              
                                                  
l.1 ...de un robot con visualización diagnóstica
                                                  
The document does not appear to be in UTF-8 encoding.
Try adding \UseRawInputEncoding as the first line of the file
or specify an encoding such as \usepackage [latin1]{inputenc}
in the document preamble.
Alternatively, save the file in UTF-8 using your editor or another tool


../matlab/visualization/myAnimate.m:1: LaTeX Error: Invalid UTF-8 byte "B3.

See the LaTeX manual or LaTeX Companion for explanation.
Type  H <return>  for immediate help.
 ...                                              
                                                  
l.1 ...de un robot con visualización diagnóstica
                                                  
The document does not appear to be in UTF-8 encoding.
Try adding \UseRawInputEncoding as the first line of the file
or specify an encoding such as \usepackage [latin1]{inputenc}
in the document preamble.
Alternatively, save the file in UTF-8 using your editor or another tool

[77]

../matlab/visualization/myAnimate.m:6: LaTeX Error: Invalid UTF-8 byte sequence (�\expandafter).

See the LaTeX manual or LaTeX Companion for explanation.
Type  H <return>  for immediate help.
 ...                                              
                                                  
l.6 % DESCRIPCIÓN
                  
The document does not appear to be in UTF-8 encoding.
Try adding \UseRawInputEncoding as the first line of the file
or specify an encoding such as \usepackage [latin1]{inputenc}
in the document preamble.
Alternatively, save the file in UTF-8 using your editor or another tool


../matlab/visualization/myAnimate.m:6: LaTeX Error: Invalid UTF-8 byte "93.

See the LaTeX manual or LaTeX Companion for explanation.
Type  H <return>  for immediate help.
 ...                                              
                                                  
l.6 % DESCRIPCIÓN
                  
The document does not appear to be in UTF-8 encoding.
Try adding \UseRawInputEncoding as the first line of the file
or specify an encoding such as \usepackage [latin1]{inputenc}
in the document preamble.
Alternatively, save the file in UTF-8 using your editor or another tool


../matlab/visualization/myAnimate.m:8: LaTeX Error: Invalid UTF-8 byte sequence (�\expandafter).

See the LaTeX manual or LaTeX Companion for explanation.
Type  H <return>  for immediate help.
 ...                                              
                                                  
l.8 %   mostrando simultáneamente 
                                   tres paneles:
The document does not appear to be in UTF-8 encoding.
Try adding \UseRawInputEncoding as the first line of the file
or specify an encoding such as \usepackage [latin1]{inputenc}
in the document preamble.
Alternatively, save the file in UTF-8 using your editor or another tool


../matlab/visualization/myAnimate.m:8: LaTeX Error: Invalid UTF-8 byte "A1.

See the LaTeX manual or LaTeX Companion for explanation.
Type  H <return>  for immediate help.
 ...                                              
                                                  
l.8 %   mostrando simultáneamente 
                                   tres paneles:
The document does not appear to be in UTF-8 encoding.
Try adding \UseRawInputEncoding as the first line of the file
or specify an encoding such as \usepackage [latin1]{inputenc}
in the document preamble.
Alternatively, save the file in UTF-8 using your editor or another tool


../matlab/visualization/myAnimate.m:12: LaTeX Error: Invalid UTF-8 byte sequence (�\lst@FillFixed@\lst@EC�).

See the LaTeX manual or LaTeX Companion for explanation.
Type  H <return>  for immediate help.
 ...                                              
                                                  
l.12 %   Panel izquierdo  – 
                              Indica, para cada articulación, la posición ...
The document does not appear to be in UTF-8 encoding.
Try adding \UseRawInputEncoding as the first line of the file
or specify an encoding such as \usepackage [latin1]{inputenc}
in the document preamble.
Alternatively, save the file in UTF-8 using your editor or another tool


../matlab/visualization/myAnimate.m:12: LaTeX Error: Invalid UTF-8 byte "93.

See the LaTeX manual or LaTeX Companion for explanation.
Type  H <return>  for immediate help.
 ...                                              
                                                  
l.12 %   Panel izquierdo  – 
                              Indica, para cada articulación, la posición ...
The document does not appear to be in UTF-8 encoding.
Try adding \UseRawInputEncoding as the first line of the file
or specify an encoding such as \usepackage [latin1]{inputenc}
in the document preamble.
Alternatively, save the file in UTF-8 using your editor or another tool


../matlab/visualization/myAnimate.m:12: LaTeX Error: Invalid UTF-8 byte sequence (�\expandafter).

See the LaTeX manual or LaTeX Companion for explanation.
Type  H <return>  for immediate help.
 ...                                              
                                                  
l.12 ...erdo  – Indica, para cada articulación,
                                                   la posición normalizada
The document does not appear to be in UTF-8 encoding.
Try adding \UseRawInputEncoding as the first line of the file
or specify an encoding such as \usepackage [latin1]{inputenc}
in the document preamble.
Alternatively, save the file in UTF-8 using your editor or another tool


../matlab/visualization/myAnimate.m:12: LaTeX Error: Invalid UTF-8 byte "B3.

See the LaTeX manual or LaTeX Companion for explanation.
Type  H <return>  for immediate help.
 ...                                              
                                                  
l.12 ...erdo  – Indica, para cada articulación,
                                                   la posición normalizada
The document does not appear to be in UTF-8 encoding.
Try adding \UseRawInputEncoding as the first line of the file
or specify an encoding such as \usepackage [latin1]{inputenc}
in the document preamble.
Alternatively, save the file in UTF-8 using your editor or another tool


../matlab/visualization/myAnimate.m:12: LaTeX Error: Invalid UTF-8 byte sequence (�\expandafter).

See the LaTeX manual or LaTeX Companion for explanation.
Type  H <return>  for immediate help.
 ...                                              
                                                  
l.12 ...ca, para cada articulación, la posición 
                                                  normalizada
The document does not appear to be in UTF-8 encoding.
Try adding \UseRawInputEncoding as the first line of the file
or specify an encoding such as \usepackage [latin1]{inputenc}
in the document preamble.
Alternatively, save the file in UTF-8 using your editor or another tool


../matlab/visualization/myAnimate.m:12: LaTeX Error: Invalid UTF-8 byte "B3.

See the LaTeX manual or LaTeX Companion for explanation.
Type  H <return>  for immediate help.
 ...                                              
                                                  
l.12 ...ca, para cada articulación, la posición 
                                                  normalizada
The document does not appear to be in UTF-8 encoding.
Try adding \UseRawInputEncoding as the first line of the file
or specify an encoding such as \usepackage [latin1]{inputenc}
in the document preamble.
Alternatively, save the file in UTF-8 using your editor or another tool


../matlab/visualization/myAnimate.m:14: LaTeX Error: Invalid UTF-8 byte sequence (�\expandafter).

See the LaTeX manual or LaTeX Companion for explanation.
Type  H <return>  for immediate help.
 ...                                              
                                                  
l.14 ...                 corresponde a la región 
                                                  central (bien alejada de l...
The document does not appear to be in UTF-8 encoding.
Try adding \UseRawInputEncoding as the first line of the file
or specify an encoding such as \usepackage [latin1]{inputenc}
in the document preamble.
Alternatively, save the file in UTF-8 using your editor or another tool


../matlab/visualization/myAnimate.m:14: LaTeX Error: Invalid UTF-8 byte "B3.

See the LaTeX manual or LaTeX Companion for explanation.
Type  H <return>  for immediate help.
 ...                                              
                                                  
l.14 ...                 corresponde a la región 
                                                  central (bien alejada de l...
The document does not appear to be in UTF-8 encoding.
Try adding \UseRawInputEncoding as the first line of the file
or specify an encoding such as \usepackage [latin1]{inputenc}
in the document preamble.
Alternatively, save the file in UTF-8 using your editor or another tool


../matlab/visualization/myAnimate.m:14: LaTeX Error: Invalid UTF-8 byte sequence (�\expandafter).

See the LaTeX manual or LaTeX Companion for explanation.
Type  H <return>  for immediate help.
 ...                                              
                                                  
l.14 ...región central (bien alejada de límites)
                                                  
The document does not appear to be in UTF-8 encoding.
Try adding \UseRawInputEncoding as the first line of the file
or specify an encoding such as \usepackage [latin1]{inputenc}
in the document preamble.
Alternatively, save the file in UTF-8 using your editor or another tool


../matlab/visualization/myAnimate.m:14: LaTeX Error: Invalid UTF-8 byte "AD.

See the LaTeX manual or LaTeX Companion for explanation.
Type  H <return>  for immediate help.
 ...                                              
                                                  
l.14 ...región central (bien alejada de límites)
                                                  
The document does not appear to be in UTF-8 encoding.
Try adding \UseRawInputEncoding as the first line of the file
or specify an encoding such as \usepackage [latin1]{inputenc}
in the document preamble.
Alternatively, save the file in UTF-8 using your editor or another tool


../matlab/visualization/myAnimate.m:15: LaTeX Error: Invalid UTF-8 byte sequence (�\lst@FillFixed@).

See the LaTeX manual or LaTeX Companion for explanation.
Type  H <return>  for immediate help.
 ...                                              
                                                  
l.15 ...       y se vuelve roja cuando el ángulo 
                                                  se acerca a un extremo.
The document does not appear to be in UTF-8 encoding.
Try adding \UseRawInputEncoding as the first line of the file
or specify an encoding such as \usepackage [latin1]{inputenc}
in the document preamble.
Alternatively, save the file in UTF-8 using your editor or another tool


../matlab/visualization/myAnimate.m:15: LaTeX Error: Invalid UTF-8 byte "A1.

See the LaTeX manual or LaTeX Companion for explanation.
Type  H <return>  for immediate help.
 ...                                              
                                                  
l.15 ...       y se vuelve roja cuando el ángulo 
                                                  se acerca a un extremo.
The document does not appear to be in UTF-8 encoding.
Try adding \UseRawInputEncoding as the first line of the file
or specify an encoding such as \usepackage [latin1]{inputenc}
in the document preamble.
Alternatively, save the file in UTF-8 using your editor or another tool


../matlab/visualization/myAnimate.m:17: LaTeX Error: Invalid UTF-8 byte sequence (�\lst@FillFixed@\lst@EC�).

See the LaTeX manual or LaTeX Companion for explanation.
Type  H <return>  for immediate help.
 ...                                              
                                                  
l.17 %   Panel central    – 
                              Animación 3D del robot con modelos CAD, rastr...
The document does not appear to be in UTF-8 encoding.
Try adding \UseRawInputEncoding as the first line of the file
or specify an encoding such as \usepackage [latin1]{inputenc}
in the document preamble.
Alternatively, save the file in UTF-8 using your editor or another tool


../matlab/visualization/myAnimate.m:17: LaTeX Error: Invalid UTF-8 byte "93.

See the LaTeX manual or LaTeX Companion for explanation.
Type  H <return>  for immediate help.
 ...                                              
                                                  
l.17 %   Panel central    – 
                              Animación 3D del robot con modelos CAD, rastr...
The document does not appear to be in UTF-8 encoding.
Try adding \UseRawInputEncoding as the first line of the file
or specify an encoding such as \usepackage [latin1]{inputenc}
in the document preamble.
Alternatively, save the file in UTF-8 using your editor or another tool


../matlab/visualization/myAnimate.m:17: LaTeX Error: Invalid UTF-8 byte sequence (�\expandafter).

See the LaTeX manual or LaTeX Companion for explanation.
Type  H <return>  for immediate help.
 ...                                              
                                                  
l.17 %   Panel central    – Animación 
                                         3D del robot con modelos CAD, rastr...
The document does not appear to be in UTF-8 encoding.
Try adding \UseRawInputEncoding as the first line of the file
or specify an encoding such as \usepackage [latin1]{inputenc}
in the document preamble.
Alternatively, save the file in UTF-8 using your editor or another tool


../matlab/visualization/myAnimate.m:17: LaTeX Error: Invalid UTF-8 byte "B3.

See the LaTeX manual or LaTeX Companion for explanation.
Type  H <return>  for immediate help.
 ...                                              
                                                  
l.17 %   Panel central    – Animación 
                                         3D del robot con modelos CAD, rastr...
The document does not appear to be in UTF-8 encoding.
Try adding \UseRawInputEncoding as the first line of the file
or specify an encoding such as \usepackage [latin1]{inputenc}
in the document preamble.
Alternatively, save the file in UTF-8 using your editor or another tool


../matlab/visualization/myAnimate.m:18: LaTeX Error: Invalid UTF-8 byte sequence (�\expandafter).

See the LaTeX manual or LaTeX Companion for explanation.
Type  H <return>  for immediate help.
 ...                                              
                                                  
l.18 ...  trayectoria del efector final y cámara 
                                                  fija.
The document does not appear to be in UTF-8 encoding.
Try adding \UseRawInputEncoding as the first line of the file
or specify an encoding such as \usepackage [latin1]{inputenc}
in the document preamble.
Alternatively, save the file in UTF-8 using your editor or another tool


../matlab/visualization/myAnimate.m:18: LaTeX Error: Invalid UTF-8 byte "A1.

See the LaTeX manual or LaTeX Companion for explanation.
Type  H <return>  for immediate help.
 ...                                              
                                                  
l.18 ...  trayectoria del efector final y cámara 
                                                  fija.
The document does not appear to be in UTF-8 encoding.
Try adding \UseRawInputEncoding as the first line of the file
or specify an encoding such as \usepackage [latin1]{inputenc}
in the document preamble.
Alternatively, save the file in UTF-8 using your editor or another tool


../matlab/visualization/myAnimate.m:20: LaTeX Error: Invalid UTF-8 byte sequence (�\lst@FillFixed@\lst@EC�).

See the LaTeX manual or LaTeX Companion for explanation.
Type  H <return>  for immediate help.
 ...                                              
                                                  
l.20 %   Panel derecho    – 
                              Número de condición κ(J) del Jacobiano geom...
The document does not appear to be in UTF-8 encoding.
Try adding \UseRawInputEncoding as the first line of the file
or specify an encoding such as \usepackage [latin1]{inputenc}
in the document preamble.
Alternatively, save the file in UTF-8 using your editor or another tool


../matlab/visualization/myAnimate.m:20: LaTeX Error: Invalid UTF-8 byte "93.

See the LaTeX manual or LaTeX Companion for explanation.
Type  H <return>  for immediate help.
 ...                                              
                                                  
l.20 %   Panel derecho    – 
                              Número de condición κ(J) del Jacobiano geom...
The document does not appear to be in UTF-8 encoding.
Try adding \UseRawInputEncoding as the first line of the file
or specify an encoding such as \usepackage [latin1]{inputenc}
in the document preamble.
Alternatively, save the file in UTF-8 using your editor or another tool


../matlab/visualization/myAnimate.m:20: LaTeX Error: Invalid UTF-8 byte sequence (�\expandafter).

See the LaTeX manual or LaTeX Companion for explanation.
Type  H <return>  for immediate help.
 ...                                              
                                                  
l.20 %   Panel derecho    – Número 
                                      de condición κ(J) del Jacobiano geom...
The document does not appear to be in UTF-8 encoding.
Try adding \UseRawInputEncoding as the first line of the file
or specify an encoding such as \usepackage [latin1]{inputenc}
in the document preamble.
Alternatively, save the file in UTF-8 using your editor or another tool


../matlab/visualization/myAnimate.m:20: LaTeX Error: Invalid UTF-8 byte "BA.

See the LaTeX manual or LaTeX Companion for explanation.
Type  H <return>  for immediate help.
 ...                                              
                                                  
l.20 %   Panel derecho    – Número 
                                      de condición κ(J) del Jacobiano geom...
The document does not appear to be in UTF-8 encoding.
Try adding \UseRawInputEncoding as the first line of the file
or specify an encoding such as \usepackage [latin1]{inputenc}
in the document preamble.
Alternatively, save the file in UTF-8 using your editor or another tool


../matlab/visualization/myAnimate.m:20: LaTeX Error: Invalid UTF-8 byte sequence (�\expandafter).

See the LaTeX manual or LaTeX Companion for explanation.
Type  H <return>  for immediate help.
 ...                                              
                                                  
l.20 ...anel derecho    – Número de condición 
                                                  κ(J) del Jacobiano geomé...
The document does not appear to be in UTF-8 encoding.
Try adding \UseRawInputEncoding as the first line of the file
or specify an encoding such as \usepackage [latin1]{inputenc}
in the document preamble.
Alternatively, save the file in UTF-8 using your editor or another tool


../matlab/visualization/myAnimate.m:20: LaTeX Error: Invalid UTF-8 byte "B3.

See the LaTeX manual or LaTeX Companion for explanation.
Type  H <return>  for immediate help.
 ...                                              
                                                  
l.20 ...anel derecho    – Número de condición 
                                                  κ(J) del Jacobiano geomé...
The document does not appear to be in UTF-8 encoding.
Try adding \UseRawInputEncoding as the first line of the file
or specify an encoding such as \usepackage [latin1]{inputenc}
in the document preamble.
Alternatively, save the file in UTF-8 using your editor or another tool


../matlab/visualization/myAnimate.m:20: LaTeX Error: Invalid UTF-8 byte sequence (�\lst@FillFixed@).

See the LaTeX manual or LaTeX Companion for explanation.
Type  H <return>  for immediate help.
 ...                                              
                                                  
l.20 ...l derecho    – Número de condición κ(
                                                  J) del Jacobiano geométri...
The document does not appear to be in UTF-8 encoding.
Try adding \UseRawInputEncoding as the first line of the file
or specify an encoding such as \usepackage [latin1]{inputenc}
in the document preamble.
Alternatively, save the file in UTF-8 using your editor or another tool


../matlab/visualization/myAnimate.m:20: LaTeX Error: Invalid UTF-8 byte "BA.

See the LaTeX manual or LaTeX Companion for explanation.
Type  H <return>  for immediate help.
 ...                                              
                                                  
l.20 ...l derecho    – Número de condición κ(
                                                  J) del Jacobiano geométri...
The document does not appear to be in UTF-8 encoding.
Try adding \UseRawInputEncoding as the first line of the file
or specify an encoding such as \usepackage [latin1]{inputenc}
in the document preamble.
Alternatively, save the file in UTF-8 using your editor or another tool


../matlab/visualization/myAnimate.m:20: LaTeX Error: Invalid UTF-8 byte sequence (�\expandafter).

See the LaTeX manual or LaTeX Companion for explanation.
Type  H <return>  for immediate help.
 ...                                              
                                                  
l.20 ...ondición κ(J) del Jacobiano geométrico 
                                                  en
The document does not appear to be in UTF-8 encoding.
Try adding \UseRawInputEncoding as the first line of the file
or specify an encoding such as \usepackage [latin1]{inputenc}
in the document preamble.
Alternatively, save the file in UTF-8 using your editor or another tool


../matlab/visualization/myAnimate.m:20: LaTeX Error: Invalid UTF-8 byte "A9.

See the LaTeX manual or LaTeX Companion for explanation.
Type  H <return>  for immediate help.
 ...                                              
                                                  
l.20 ...ondición κ(J) del Jacobiano geométrico 
                                                  en
The document does not appear to be in UTF-8 encoding.
Try adding \UseRawInputEncoding as the first line of the file
or specify an encoding such as \usepackage [latin1]{inputenc}
in the document preamble.
Alternatively, save the file in UTF-8 using your editor or another tool


../matlab/visualization/myAnimate.m:21: LaTeX Error: Invalid UTF-8 byte sequence (�\expandafter).

See the LaTeX manual or LaTeX Companion for explanation.
Type  H <return>  for immediate help.
 ...                                              
                                                  
l.21 %                      escala logarítmica. 
                                                 El color va de verde (bien ...
The document does not appear to be in UTF-8 encoding.
Try adding \UseRawInputEncoding as the first line of the file
or specify an encoding such as \usepackage [latin1]{inputenc}
in the document preamble.
Alternatively, save the file in UTF-8 using your editor or another tool


../matlab/visualization/myAnimate.m:21: LaTeX Error: Invalid UTF-8 byte "AD.

See the LaTeX manual or LaTeX Companion for explanation.
Type  H <return>  for immediate help.
 ...                                              
                                                  
l.21 %                      escala logarítmica. 
                                                 El color va de verde (bien ...
The document does not appear to be in UTF-8 encoding.
Try adding \UseRawInputEncoding as the first line of the file
or specify an encoding such as \usepackage [latin1]{inputenc}
in the document preamble.
Alternatively, save the file in UTF-8 using your editor or another tool


../matlab/visualization/myAnimate.m:22: LaTeX Error: Invalid UTF-8 byte sequence (�\lst@FillFixed@).

See the LaTeX manual or LaTeX Companion for explanation.
Type  H <return>  for immediate help.
 ...                                              
                                                  
l.22 ...    a rojo (cerca de singularidad). Si κ(
                                                  J) > 100 aparece la
The document does not appear to be in UTF-8 encoding.
Try adding \UseRawInputEncoding as the first line of the file
or specify an encoding such as \usepackage [latin1]{inputenc}
in the document preamble.
Alternatively, save the file in UTF-8 using your editor or another tool


../matlab/visualization/myAnimate.m:22: LaTeX Error: Invalid UTF-8 byte "BA.

See the LaTeX manual or LaTeX Companion for explanation.
Type  H <return>  for immediate help.
 ...                                              
                                                  
l.22 ...    a rojo (cerca de singularidad). Si κ(
                                                  J) > 100 aparece la
The document does not appear to be in UTF-8 encoding.
Try adding \UseRawInputEncoding as the first line of the file
or specify an encoding such as \usepackage [latin1]{inputenc}
in the document preamble.
Alternatively, save the file in UTF-8 using your editor or another tool


../matlab/visualization/myAnimate.m:23: LaTeX Error: Command \textquotedbl unavailable in encoding OT1.

See the LaTeX manual or LaTeX Companion for explanation.
Type  H <return>  for immediate help.
 ...                                              
                                                  
l.23 %                      advertencia "! 
                                           SINGULAR".
Your command was ignored.
Type  I <command> <return>  to replace it with another command,
or  <return>  to continue without it.


../matlab/visualization/myAnimate.m:23: LaTeX Error: Command \textquotedbl unavailable in encoding OT1.

See the LaTeX manual or LaTeX Companion for explanation.
Type  H <return>  for immediate help.
 ...                                              
                                                  
l.23 ...                 advertencia "! SINGULAR".
                                                  
Your command was ignored.
Type  I <command> <return>  to replace it with another command,
or  <return>  to continue without it.


../matlab/visualization/myAnimate.m:28: LaTeX Error: Invalid UTF-8 byte sequence (�\lst@FillFixed@).

See the LaTeX manual or LaTeX Companion for explanation.
Type  H <return>  for immediate help.
 ...                                              
                                                  
l.28 %   q_traj   - Matriz (M × 
                                 n_joints) de ángulos articulares en rad,
The document does not appear to be in UTF-8 encoding.
Try adding \UseRawInputEncoding as the first line of the file
or specify an encoding such as \usepackage [latin1]{inputenc}
in the document preamble.
Alternatively, save the file in UTF-8 using your editor or another tool


../matlab/visualization/myAnimate.m:28: LaTeX Error: Invalid UTF-8 byte "97.

See the LaTeX manual or LaTeX Companion for explanation.
Type  H <return>  for immediate help.
 ...                                              
                                                  
l.28 %   q_traj   - Matriz (M × 
                                 n_joints) de ángulos articulares en rad,
The document does not appear to be in UTF-8 encoding.
Try adding \UseRawInputEncoding as the first line of the file
or specify an encoding such as \usepackage [latin1]{inputenc}
in the document preamble.
Alternatively, save the file in UTF-8 using your editor or another tool


../matlab/visualization/myAnimate.m:28: LaTeX Error: Invalid UTF-8 byte sequence (�\lst@FillFixed@).

See the LaTeX manual or LaTeX Companion for explanation.
Type  H <return>  for immediate help.
 ...                                              
                                                  
l.28 ...aj   - Matriz (M × n_joints) de ángulos 
                                                  articulares en rad,
The document does not appear to be in UTF-8 encoding.
Try adding \UseRawInputEncoding as the first line of the file
or specify an encoding such as \usepackage [latin1]{inputenc}
in the document preamble.
Alternatively, save the file in UTF-8 using your editor or another tool


../matlab/visualization/myAnimate.m:28: LaTeX Error: Invalid UTF-8 byte "A1.

See the LaTeX manual or LaTeX Companion for explanation.
Type  H <return>  for immediate help.
 ...                                              
                                                  
l.28 ...aj   - Matriz (M × n_joints) de ángulos 
                                                  articulares en rad,
The document does not appear to be in UTF-8 encoding.
Try adding \UseRawInputEncoding as the first line of the file
or specify an encoding such as \usepackage [latin1]{inputenc}
in the document preamble.
Alternatively, save the file in UTF-8 using your editor or another tool


../matlab/visualization/myAnimate.m:33: LaTeX Error: Invalid UTF-8 byte sequence (�\expandafter).

See the LaTeX manual or LaTeX Companion for explanation.
Type  H <return>  for immediate help.
 ...                                              
                                                  
l.33 % PARÁMETROS 
                   INTERNOS (desde config.m)
The document does not appear to be in UTF-8 encoding.
Try adding \UseRawInputEncoding as the first line of the file
or specify an encoding such as \usepackage [latin1]{inputenc}
in the document preamble.
Alternatively, save the file in UTF-8 using your editor or another tool


../matlab/visualization/myAnimate.m:33: LaTeX Error: Invalid UTF-8 byte "81.

See the LaTeX manual or LaTeX Companion for explanation.
Type  H <return>  for immediate help.
 ...                                              
                                                  
l.33 % PARÁMETROS 
                   INTERNOS (desde config.m)
The document does not appear to be in UTF-8 encoding.
Try adding \UseRawInputEncoding as the first line of the file
or specify an encoding such as \usepackage [latin1]{inputenc}
in the document preamble.
Alternatively, save the file in UTF-8 using your editor or another tool


../matlab/visualization/myAnimate.m:34: LaTeX Error: Invalid UTF-8 byte sequence (�\lst@FillFixed@\lst@EC�).

See the LaTeX manual or LaTeX Companion for explanation.
Type  H <return>  for immediate help.
 ...                                              
                                                  
l.34 %   traj_fps  = 120 Hz  – 
                                 Frecuencia a la que fue generada q_traj.
The document does not appear to be in UTF-8 encoding.
Try adding \UseRawInputEncoding as the first line of the file
or specify an encoding such as \usepackage [latin1]{inputenc}
in the document preamble.
Alternatively, save the file in UTF-8 using your editor or another tool


../matlab/visualization/myAnimate.m:34: LaTeX Error: Invalid UTF-8 byte "93.

See the LaTeX manual or LaTeX Companion for explanation.
Type  H <return>  for immediate help.
 ...                                              
                                                  
l.34 %   traj_fps  = 120 Hz  – 
                                 Frecuencia a la que fue generada q_traj.
The document does not appear to be in UTF-8 encoding.
Try adding \UseRawInputEncoding as the first line of the file
or specify an encoding such as \usepackage [latin1]{inputenc}
in the document preamble.
Alternatively, save the file in UTF-8 using your editor or another tool


../matlab/visualization/myAnimate.m:35: LaTeX Error: Invalid UTF-8 byte sequence (�\lst@FillFixed@\lst@EC�).

See the LaTeX manual or LaTeX Companion for explanation.
Type  H <return>  for immediate help.
 ...                                              
                                                  
l.35 %   anim_fps  =  30 Hz  – 
                                 Frecuencia de renderizado de la animación.
The document does not appear to be in UTF-8 encoding.
Try adding \UseRawInputEncoding as the first line of the file
or specify an encoding such as \usepackage [latin1]{inputenc}
in the document preamble.
Alternatively, save the file in UTF-8 using your editor or another tool


../matlab/visualization/myAnimate.m:35: LaTeX Error: Invalid UTF-8 byte "93.

See the LaTeX manual or LaTeX Companion for explanation.
Type  H <return>  for immediate help.
 ...                                              
                                                  
l.35 %   anim_fps  =  30 Hz  – 
                                 Frecuencia de renderizado de la animación.
The document does not appear to be in UTF-8 encoding.
Try adding \UseRawInputEncoding as the first line of the file
or specify an encoding such as \usepackage [latin1]{inputenc}
in the document preamble.
Alternatively, save the file in UTF-8 using your editor or another tool


../matlab/visualization/myAnimate.m:35: LaTeX Error: Invalid UTF-8 byte sequence (�\expandafter).

See the LaTeX manual or LaTeX Companion for explanation.
Type  H <return>  for immediate help.
 ...                                              
                                                  
l.35 ...recuencia de renderizado de la animación.
                                                  
The document does not appear to be in UTF-8 encoding.
Try adding \UseRawInputEncoding as the first line of the file
or specify an encoding such as \usepackage [latin1]{inputenc}
in the document preamble.
Alternatively, save the file in UTF-8 using your editor or another tool


../matlab/visualization/myAnimate.m:35: LaTeX Error: Invalid UTF-8 byte "B3.

See the LaTeX manual or LaTeX Companion for explanation.
Type  H <return>  for immediate help.
 ...                                              
                                                  
l.35 ...recuencia de renderizado de la animación.
                                                  
The document does not appear to be in UTF-8 encoding.
Try adding \UseRawInputEncoding as the first line of the file
or specify an encoding such as \usepackage [latin1]{inputenc}
in the document preamble.
Alternatively, save the file in UTF-8 using your editor or another tool


../matlab/visualization/myAnimate.m:36: LaTeX Error: Invalid UTF-8 byte sequence (�\lst@FillFixed@\lst@EC�).

See the LaTeX manual or LaTeX Companion for explanation.
Type  H <return>  for immediate help.
 ...                                              
                                                  
l.36 %   anim_dt   = 1/30 s  – 
                                 Pausa entre cuadros (pause real-time).
The document does not appear to be in UTF-8 encoding.
Try adding \UseRawInputEncoding as the first line of the file
or specify an encoding such as \usepackage [latin1]{inputenc}
in the document preamble.
Alternatively, save the file in UTF-8 using your editor or another tool


../matlab/visualization/myAnimate.m:36: LaTeX Error: Invalid UTF-8 byte "93.

See the LaTeX manual or LaTeX Companion for explanation.
Type  H <return>  for immediate help.
 ...                                              
                                                  
l.36 %   anim_dt   = 1/30 s  – 
                                 Pausa entre cuadros (pause real-time).
The document does not appear to be in UTF-8 encoding.
Try adding \UseRawInputEncoding as the first line of the file
or specify an encoding such as \usepackage [latin1]{inputenc}
in the document preamble.
Alternatively, save the file in UTF-8 using your editor or another tool


../matlab/visualization/myAnimate.m:38: LaTeX Error: Invalid UTF-8 byte sequence (�\expandafter).

See the LaTeX manual or LaTeX Companion for explanation.
Type  H <return>  for immediate help.
 ...                                              
                                                  
l.38 % MATEMÁTICA 
                   RELEVANTE
The document does not appear to be in UTF-8 encoding.
Try adding \UseRawInputEncoding as the first line of the file
or specify an encoding such as \usepackage [latin1]{inputenc}
in the document preamble.
Alternatively, save the file in UTF-8 using your editor or another tool


../matlab/visualization/myAnimate.m:38: LaTeX Error: Invalid UTF-8 byte "81.

See the LaTeX manual or LaTeX Companion for explanation.
Type  H <return>  for immediate help.
 ...                                              
                                                  
l.38 % MATEMÁTICA 
                   RELEVANTE
The document does not appear to be in UTF-8 encoding.
Try adding \UseRawInputEncoding as the first line of the file
or specify an encoding such as \usepackage [latin1]{inputenc}
in the document preamble.
Alternatively, save the file in UTF-8 using your editor or another tool


../matlab/visualization/myAnimate.m:41: LaTeX Error: Invalid UTF-8 byte sequence (�\lst@FillFixed@\lst@EC�).

See the LaTeX manual or LaTeX Companion for explanation.
Type  H <return>  for immediate help.
 ...                                              
                                                  
l.41 ...toma 1 de cada `step` filas de q_traj → 
                                                  sub-muestreo por factor 4.
The document does not appear to be in UTF-8 encoding.
Try adding \UseRawInputEncoding as the first line of the file
or specify an encoding such as \usepackage [latin1]{inputenc}
in the document preamble.
Alternatively, save the file in UTF-8 using your editor or another tool


../matlab/visualization/myAnimate.m:41: LaTeX Error: Invalid UTF-8 byte "92.

See the LaTeX manual or LaTeX Companion for explanation.
Type  H <return>  for immediate help.
 ...                                              
                                                  
l.41 ...toma 1 de cada `step` filas de q_traj → 
                                                  sub-muestreo por factor 4.
The document does not appear to be in UTF-8 encoding.
Try adding \UseRawInputEncoding as the first line of the file
or specify an encoding such as \usepackage [latin1]{inputenc}
in the document preamble.
Alternatively, save the file in UTF-8 using your editor or another tool


../matlab/visualization/myAnimate.m:42: LaTeX Error: Invalid UTF-8 byte sequence (�\lst@FillFixed@).

See the LaTeX manual or LaTeX Companion for explanation.
Type  H <return>  for immediate help.
 ...                                              
                                                  
l.42 %     Resultado: q_sub (N × 
                                  n_joints), con N ≈ M/4 cuadros.
The document does not appear to be in UTF-8 encoding.
Try adding \UseRawInputEncoding as the first line of the file
or specify an encoding such as \usepackage [latin1]{inputenc}
in the document preamble.
Alternatively, save the file in UTF-8 using your editor or another tool


../matlab/visualization/myAnimate.m:42: LaTeX Error: Invalid UTF-8 byte "97.

See the LaTeX manual or LaTeX Companion for explanation.
Type  H <return>  for immediate help.
 ...                                              
                                                  
l.42 %     Resultado: q_sub (N × 
                                  n_joints), con N ≈ M/4 cuadros.
The document does not appear to be in UTF-8 encoding.
Try adding \UseRawInputEncoding as the first line of the file
or specify an encoding such as \usepackage [latin1]{inputenc}
in the document preamble.
Alternatively, save the file in UTF-8 using your editor or another tool


../matlab/visualization/myAnimate.m:42: LaTeX Error: Invalid UTF-8 byte sequence (�\lst@FillFixed@\lst@EC�).

See the LaTeX manual or LaTeX Companion for explanation.
Type  H <return>  for immediate help.
 ...                                              
                                                  
l.42 ...sultado: q_sub (N × n_joints), con N ≈ 
                                                  M/4 cuadros.
The document does not appear to be in UTF-8 encoding.
Try adding \UseRawInputEncoding as the first line of the file
or specify an encoding such as \usepackage [latin1]{inputenc}
in the document preamble.
Alternatively, save the file in UTF-8 using your editor or another tool


../matlab/visualization/myAnimate.m:42: LaTeX Error: Invalid UTF-8 byte "88.

See the LaTeX manual or LaTeX Companion for explanation.
Type  H <return>  for immediate help.
 ...                                              
                                                  
l.42 ...sultado: q_sub (N × n_joints), con N ≈ 
                                                  M/4 cuadros.
The document does not appear to be in UTF-8 encoding.
Try adding \UseRawInputEncoding as the first line of the file
or specify an encoding such as \usepackage [latin1]{inputenc}
in the document preamble.
Alternatively, save the file in UTF-8 using your editor or another tool


../matlab/visualization/myAnimate.m:44: LaTeX Error: Invalid UTF-8 byte sequence (�\expandafter).

See the LaTeX manual or LaTeX Companion for explanation.
Type  H <return>  for immediate help.
 ...                                              
                                                  
l.44 %   Jacobiano geométrico 
                               en la base (J ∈ ℝ^{6×n})
The document does not appear to be in UTF-8 encoding.
Try adding \UseRawInputEncoding as the first line of the file
or specify an encoding such as \usepackage [latin1]{inputenc}
in the document preamble.
Alternatively, save the file in UTF-8 using your editor or another tool


../matlab/visualization/myAnimate.m:44: LaTeX Error: Invalid UTF-8 byte "A9.

See the LaTeX manual or LaTeX Companion for explanation.
Type  H <return>  for immediate help.
 ...                                              
                                                  
l.44 %   Jacobiano geométrico 
                               en la base (J ∈ ℝ^{6×n})
The document does not appear to be in UTF-8 encoding.
Try adding \UseRawInputEncoding as the first line of the file
or specify an encoding such as \usepackage [latin1]{inputenc}
in the document preamble.
Alternatively, save the file in UTF-8 using your editor or another tool


../matlab/visualization/myAnimate.m:44: LaTeX Error: Invalid UTF-8 byte sequence (�\lst@FillFixed@\lst@EC�).

See the LaTeX manual or LaTeX Companion for explanation.
Type  H <return>  for immediate help.
 ...                                              
                                                  
l.44 %   Jacobiano geométrico en la base (J ∈ 
                                                 ℝ^{6×n})
The document does not appear to be in UTF-8 encoding.
Try adding \UseRawInputEncoding as the first line of the file
or specify an encoding such as \usepackage [latin1]{inputenc}
in the document preamble.
Alternatively, save the file in UTF-8 using your editor or another tool


../matlab/visualization/myAnimate.m:44: LaTeX Error: Invalid UTF-8 byte "88.

See the LaTeX manual or LaTeX Companion for explanation.
Type  H <return>  for immediate help.
 ...                                              
                                                  
l.44 %   Jacobiano geométrico en la base (J ∈ 
                                                 ℝ^{6×n})
The document does not appear to be in UTF-8 encoding.
Try adding \UseRawInputEncoding as the first line of the file
or specify an encoding such as \usepackage [latin1]{inputenc}
in the document preamble.
Alternatively, save the file in UTF-8 using your editor or another tool


../matlab/visualization/myAnimate.m:44: LaTeX Error: Invalid UTF-8 byte sequence (�\lst@FillFixed@\lst@EC�).

See the LaTeX manual or LaTeX Companion for explanation.
Type  H <return>  for immediate help.
 ...                                              
                                                  
l.44 ...cobiano geométrico en la base (J ∈ ℝ^
                                                  {6×n})
The document does not appear to be in UTF-8 encoding.
Try adding \UseRawInputEncoding as the first line of the file
or specify an encoding such as \usepackage [latin1]{inputenc}
in the document preamble.
Alternatively, save the file in UTF-8 using your editor or another tool


../matlab/visualization/myAnimate.m:44: LaTeX Error: Invalid UTF-8 byte "9D.

See the LaTeX manual or LaTeX Companion for explanation.
Type  H <return>  for immediate help.
 ...                                              
                                                  
l.44 ...cobiano geométrico en la base (J ∈ ℝ^
                                                  {6×n})
The document does not appear to be in UTF-8 encoding.
Try adding \UseRawInputEncoding as the first line of the file
or specify an encoding such as \usepackage [latin1]{inputenc}
in the document preamble.
Alternatively, save the file in UTF-8 using your editor or another tool


../matlab/visualization/myAnimate.m:44: LaTeX Error: Invalid UTF-8 byte sequence (�\lst@FillFixed@).

See the LaTeX manual or LaTeX Companion for explanation.
Type  H <return>  for immediate help.
 ...                                              
                                                  
l.44 ...o geométrico en la base (J ∈ ℝ^{6×n}
                                                  )
The document does not appear to be in UTF-8 encoding.
Try adding \UseRawInputEncoding as the first line of the file
or specify an encoding such as \usepackage [latin1]{inputenc}
in the document preamble.
Alternatively, save the file in UTF-8 using your editor or another tool


../matlab/visualization/myAnimate.m:44: LaTeX Error: Invalid UTF-8 byte "97.

See the LaTeX manual or LaTeX Companion for explanation.
Type  H <return>  for immediate help.
 ...                                              
                                                  
l.44 ...o geométrico en la base (J ∈ ℝ^{6×n}
                                                  )
The document does not appear to be in UTF-8 encoding.
Try adding \UseRawInputEncoding as the first line of the file
or specify an encoding such as \usepackage [latin1]{inputenc}
in the document preamble.
Alternatively, save the file in UTF-8 using your editor or another tool


../matlab/visualization/myAnimate.m:45: LaTeX Error: Invalid UTF-8 byte sequence (�\lst@FillFixed@\lst@EC�).

See the LaTeX manual or LaTeX Companion for explanation.
Type  H <return>  for immediate help.
 ...                                              
                                                  
l.45 %     J = R.jacob0(q)  → 
                                 v_ee = J · q̇
The document does not appear to be in UTF-8 encoding.
Try adding \UseRawInputEncoding as the first line of the file
or specify an encoding such as \usepackage [latin1]{inputenc}
in the document preamble.
Alternatively, save the file in UTF-8 using your editor or another tool


../matlab/visualization/myAnimate.m:45: LaTeX Error: Invalid UTF-8 byte "92.

See the LaTeX manual or LaTeX Companion for explanation.
Type  H <return>  for immediate help.
 ...                                              
                                                  
l.45 %     J = R.jacob0(q)  → 
                                 v_ee = J · q̇
The document does not appear to be in UTF-8 encoding.
Try adding \UseRawInputEncoding as the first line of the file
or specify an encoding such as \usepackage [latin1]{inputenc}
in the document preamble.
Alternatively, save the file in UTF-8 using your editor or another tool


../matlab/visualization/myAnimate.m:45: LaTeX Error: Invalid UTF-8 byte sequence (�\lst@FillFixed@).

See the LaTeX manual or LaTeX Companion for explanation.
Type  H <return>  for immediate help.
 ...                                              
                                                  
l.45 %     J = R.jacob0(q)  →  v_ee = J · 
                                             q̇
The document does not appear to be in UTF-8 encoding.
Try adding \UseRawInputEncoding as the first line of the file
or specify an encoding such as \usepackage [latin1]{inputenc}
in the document preamble.
Alternatively, save the file in UTF-8 using your editor or another tool


../matlab/visualization/myAnimate.m:45: LaTeX Error: Invalid UTF-8 byte "B7.

See the LaTeX manual or LaTeX Companion for explanation.
Type  H <return>  for immediate help.
 ...                                              
                                                  
l.45 %     J = R.jacob0(q)  →  v_ee = J · 
                                             q̇
The document does not appear to be in UTF-8 encoding.
Try adding \UseRawInputEncoding as the first line of the file
or specify an encoding such as \usepackage [latin1]{inputenc}
in the document preamble.
Alternatively, save the file in UTF-8 using your editor or another tool


../matlab/visualization/myAnimate.m:45: LaTeX Error: Invalid UTF-8 byte sequence (�\expandafter).

See the LaTeX manual or LaTeX Companion for explanation.
Type  H <return>  for immediate help.
 ...                                              
                                                  
l.45 %     J = R.jacob0(q)  →  v_ee = J · q̇
                                                
The document does not appear to be in UTF-8 encoding.
Try adding \UseRawInputEncoding as the first line of the file
or specify an encoding such as \usepackage [latin1]{inputenc}
in the document preamble.
Alternatively, save the file in UTF-8 using your editor or another tool


../matlab/visualization/myAnimate.m:45: LaTeX Error: Invalid UTF-8 byte "87.

See the LaTeX manual or LaTeX Companion for explanation.
Type  H <return>  for immediate help.
 ...                                              
                                                  
l.45 %     J = R.jacob0(q)  →  v_ee = J · q̇
                                                
The document does not appear to be in UTF-8 encoding.
Try adding \UseRawInputEncoding as the first line of the file
or specify an encoding such as \usepackage [latin1]{inputenc}
in the document preamble.
Alternatively, save the file in UTF-8 using your editor or another tool

[78]

../matlab/visualization/myAnimate.m:47: LaTeX Error: Invalid UTF-8 byte sequence (�\lst@FillFixed@).

See the LaTeX manual or LaTeX Companion for explanation.
Type  H <return>  for immediate help.
 ...                                              
                                                  
l.47 %     del efector; las 3 últimas 
                                       a velocidad angular.
The document does not appear to be in UTF-8 encoding.
Try adding \UseRawInputEncoding as the first line of the file
or specify an encoding such as \usepackage [latin1]{inputenc}
in the document preamble.
Alternatively, save the file in UTF-8 using your editor or another tool


../matlab/visualization/myAnimate.m:47: LaTeX Error: Invalid UTF-8 byte "BA.

See the LaTeX manual or LaTeX Companion for explanation.
Type  H <return>  for immediate help.
 ...                                              
                                                  
l.47 %     del efector; las 3 últimas 
                                       a velocidad angular.
The document does not appear to be in UTF-8 encoding.
Try adding \UseRawInputEncoding as the first line of the file
or specify an encoding such as \usepackage [latin1]{inputenc}
in the document preamble.
Alternatively, save the file in UTF-8 using your editor or another tool


../matlab/visualization/myAnimate.m:48: LaTeX Error: Invalid UTF-8 byte sequence (�\expandafter).

See the LaTeX manual or LaTeX Companion for explanation.
Type  H <return>  for immediate help.
 ...                                              
                                                  
l.48 %     J depende de la configuración 
                                          q (no-lineal en general).
The document does not appear to be in UTF-8 encoding.
Try adding \UseRawInputEncoding as the first line of the file
or specify an encoding such as \usepackage [latin1]{inputenc}
in the document preamble.
Alternatively, save the file in UTF-8 using your editor or another tool


../matlab/visualization/myAnimate.m:48: LaTeX Error: Invalid UTF-8 byte "B3.

See the LaTeX manual or LaTeX Companion for explanation.
Type  H <return>  for immediate help.
 ...                                              
                                                  
l.48 %     J depende de la configuración 
                                          q (no-lineal en general).
The document does not appear to be in UTF-8 encoding.
Try adding \UseRawInputEncoding as the first line of the file
or specify an encoding such as \usepackage [latin1]{inputenc}
in the document preamble.
Alternatively, save the file in UTF-8 using your editor or another tool


../matlab/visualization/myAnimate.m:50: LaTeX Error: Invalid UTF-8 byte sequence (�\expandafter).

See the LaTeX manual or LaTeX Companion for explanation.
Type  H <return>  for immediate help.
 ...                                              
                                                  
l.50 %   Descomposición 
                         en Valores Singulares (SVD)
The document does not appear to be in UTF-8 encoding.
Try adding \UseRawInputEncoding as the first line of the file
or specify an encoding such as \usepackage [latin1]{inputenc}
in the document preamble.
Alternatively, save the file in UTF-8 using your editor or another tool


../matlab/visualization/myAnimate.m:50: LaTeX Error: Invalid UTF-8 byte "B3.

See the LaTeX manual or LaTeX Companion for explanation.
Type  H <return>  for immediate help.
 ...                                              
                                                  
l.50 %   Descomposición 
                         en Valores Singulares (SVD)
The document does not appear to be in UTF-8 encoding.
Try adding \UseRawInputEncoding as the first line of the file
or specify an encoding such as \usepackage [latin1]{inputenc}
in the document preamble.
Alternatively, save the file in UTF-8 using your editor or another tool


../matlab/visualization/myAnimate.m:51: LaTeX Error: Invalid UTF-8 byte sequence (�\lst@FillFixed@).

See the LaTeX manual or LaTeX Companion for explanation.
Type  H <return>  for immediate help.
 ...                                              
                                                  
l.51 %     J = U · 
                    Σ · V^T,   Σ = diag(σ_1 ≥ σ_2 ≥ … ≥ σ_n �...
The document does not appear to be in UTF-8 encoding.
Try adding \UseRawInputEncoding as the first line of the file
or specify an encoding such as \usepackage [latin1]{inputenc}
in the document preamble.
Alternatively, save the file in UTF-8 using your editor or another tool


../matlab/visualization/myAnimate.m:51: LaTeX Error: Invalid UTF-8 byte "B7.

See the LaTeX manual or LaTeX Companion for explanation.
Type  H <return>  for immediate help.
 ...                                              
                                                  
l.51 %     J = U · 
                    Σ · V^T,   Σ = diag(σ_1 ≥ σ_2 ≥ … ≥ σ_n �...
The document does not appear to be in UTF-8 encoding.
Try adding \UseRawInputEncoding as the first line of the file
or specify an encoding such as \usepackage [latin1]{inputenc}
in the document preamble.
Alternatively, save the file in UTF-8 using your editor or another tool


../matlab/visualization/myAnimate.m:51: LaTeX Error: Invalid UTF-8 byte sequence (�\lst@FillFixed@).

See the LaTeX manual or LaTeX Companion for explanation.
Type  H <return>  for immediate help.
 ...                                              
                                                  
l.51 %     J = U · Σ 
                       · V^T,   Σ = diag(σ_1 ≥ σ_2 ≥ … ≥ σ_n �...
The document does not appear to be in UTF-8 encoding.
Try adding \UseRawInputEncoding as the first line of the file
or specify an encoding such as \usepackage [latin1]{inputenc}
in the document preamble.
Alternatively, save the file in UTF-8 using your editor or another tool


../matlab/visualization/myAnimate.m:51: LaTeX Error: Invalid UTF-8 byte "A3.

See the LaTeX manual or LaTeX Companion for explanation.
Type  H <return>  for immediate help.
 ...                                              
                                                  
l.51 %     J = U · Σ 
                       · V^T,   Σ = diag(σ_1 ≥ σ_2 ≥ … ≥ σ_n �...
The document does not appear to be in UTF-8 encoding.
Try adding \UseRawInputEncoding as the first line of the file
or specify an encoding such as \usepackage [latin1]{inputenc}
in the document preamble.
Alternatively, save the file in UTF-8 using your editor or another tool


../matlab/visualization/myAnimate.m:51: LaTeX Error: Invalid UTF-8 byte sequence (�\lst@FillFixed@).

See the LaTeX manual or LaTeX Companion for explanation.
Type  H <return>  for immediate help.
 ...                                              
                                                  
l.51 %     J = U · Σ · 
                          V^T,   Σ = diag(σ_1 ≥ σ_2 ≥ … ≥ σ_n �...
The document does not appear to be in UTF-8 encoding.
Try adding \UseRawInputEncoding as the first line of the file
or specify an encoding such as \usepackage [latin1]{inputenc}
in the document preamble.
Alternatively, save the file in UTF-8 using your editor or another tool


../matlab/visualization/myAnimate.m:51: LaTeX Error: Invalid UTF-8 byte "B7.

See the LaTeX manual or LaTeX Companion for explanation.
Type  H <return>  for immediate help.
 ...                                              
                                                  
l.51 %     J = U · Σ · 
                          V^T,   Σ = diag(σ_1 ≥ σ_2 ≥ … ≥ σ_n �...
The document does not appear to be in UTF-8 encoding.
Try adding \UseRawInputEncoding as the first line of the file
or specify an encoding such as \usepackage [latin1]{inputenc}
in the document preamble.
Alternatively, save the file in UTF-8 using your editor or another tool


../matlab/visualization/myAnimate.m:51: LaTeX Error: Invalid UTF-8 byte sequence (�\lst@FillFixed@).

See the LaTeX manual or LaTeX Companion for explanation.
Type  H <return>  for immediate help.
 ...                                              
                                                  
l.51 %     J = U · Σ · V^T,   Σ 
                                    = diag(σ_1 ≥ σ_2 ≥ … ≥ σ_n �...
The document does not appear to be in UTF-8 encoding.
Try adding \UseRawInputEncoding as the first line of the file
or specify an encoding such as \usepackage [latin1]{inputenc}
in the document preamble.
Alternatively, save the file in UTF-8 using your editor or another tool


../matlab/visualization/myAnimate.m:51: LaTeX Error: Invalid UTF-8 byte "A3.

See the LaTeX manual or LaTeX Companion for explanation.
Type  H <return>  for immediate help.
 ...                                              
                                                  
l.51 %     J = U · Σ · V^T,   Σ 
                                    = diag(σ_1 ≥ σ_2 ≥ … ≥ σ_n �...
The document does not appear to be in UTF-8 encoding.
Try adding \UseRawInputEncoding as the first line of the file
or specify an encoding such as \usepackage [latin1]{inputenc}
in the document preamble.
Alternatively, save the file in UTF-8 using your editor or another tool


../matlab/visualization/myAnimate.m:51: LaTeX Error: Invalid UTF-8 byte sequence (�\lst@FillFixed@).

See the LaTeX manual or LaTeX Companion for explanation.
Type  H <return>  for immediate help.
 ...                                              
                                                  
l.51 %     J = U · Σ · V^T,   Σ = diag(σ_1 
                                                ≥ σ_2 ≥ … ≥ σ_n �...
The document does not appear to be in UTF-8 encoding.
Try adding \UseRawInputEncoding as the first line of the file
or specify an encoding such as \usepackage [latin1]{inputenc}
in the document preamble.
Alternatively, save the file in UTF-8 using your editor or another tool


../matlab/visualization/myAnimate.m:51: LaTeX Error: Invalid UTF-8 byte "83.

See the LaTeX manual or LaTeX Companion for explanation.
Type  H <return>  for immediate help.
 ...                                              
                                                  
l.51 %     J = U · Σ · V^T,   Σ = diag(σ_1 
                                                ≥ σ_2 ≥ … ≥ σ_n �...
The document does not appear to be in UTF-8 encoding.
Try adding \UseRawInputEncoding as the first line of the file
or specify an encoding such as \usepackage [latin1]{inputenc}
in the document preamble.
Alternatively, save the file in UTF-8 using your editor or another tool


../matlab/visualization/myAnimate.m:51: LaTeX Error: Invalid UTF-8 byte sequence (�\lst@FillFixed@\lst@EC�).

See the LaTeX manual or LaTeX Companion for explanation.
Type  H <return>  for immediate help.
 ...                                              
                                                  
l.51 ... J = U · Σ · V^T,   Σ = diag(σ_1 ≥ 
                                                  σ_2 ≥ … ≥ σ_n ≥ 0)
The document does not appear to be in UTF-8 encoding.
Try adding \UseRawInputEncoding as the first line of the file
or specify an encoding such as \usepackage [latin1]{inputenc}
in the document preamble.
Alternatively, save the file in UTF-8 using your editor or another tool


../matlab/visualization/myAnimate.m:51: LaTeX Error: Invalid UTF-8 byte "A5.

See the LaTeX manual or LaTeX Companion for explanation.
Type  H <return>  for immediate help.
 ...                                              
                                                  
l.51 ... J = U · Σ · V^T,   Σ = diag(σ_1 ≥ 
                                                  σ_2 ≥ … ≥ σ_n ≥ 0)
The document does not appear to be in UTF-8 encoding.
Try adding \UseRawInputEncoding as the first line of the file
or specify an encoding such as \usepackage [latin1]{inputenc}
in the document preamble.
Alternatively, save the file in UTF-8 using your editor or another tool


../matlab/visualization/myAnimate.m:51: LaTeX Error: Invalid UTF-8 byte sequence (�\lst@FillFixed@).

See the LaTeX manual or LaTeX Companion for explanation.
Type  H <return>  for immediate help.
 ...                                              
                                                  
l.51 ...U · Σ · V^T,   Σ = diag(σ_1 ≥ σ_2 
                                                  ≥ … ≥ σ_n ≥ 0)
The document does not appear to be in UTF-8 encoding.
Try adding \UseRawInputEncoding as the first line of the file
or specify an encoding such as \usepackage [latin1]{inputenc}
in the document preamble.
Alternatively, save the file in UTF-8 using your editor or another tool


../matlab/visualization/myAnimate.m:51: LaTeX Error: Invalid UTF-8 byte "83.

See the LaTeX manual or LaTeX Companion for explanation.
Type  H <return>  for immediate help.
 ...                                              
                                                  
l.51 ...U · Σ · V^T,   Σ = diag(σ_1 ≥ σ_2 
                                                  ≥ … ≥ σ_n ≥ 0)
The document does not appear to be in UTF-8 encoding.
Try adding \UseRawInputEncoding as the first line of the file
or specify an encoding such as \usepackage [latin1]{inputenc}
in the document preamble.
Alternatively, save the file in UTF-8 using your editor or another tool


../matlab/visualization/myAnimate.m:51: LaTeX Error: Invalid UTF-8 byte sequence (�\lst@FillFixed@\lst@EC�).

See the LaTeX manual or LaTeX Companion for explanation.
Type  H <return>  for immediate help.
 ...                                              
                                                  
l.51 ... Σ · V^T,   Σ = diag(σ_1 ≥ σ_2 ≥ 
                                                  … ≥ σ_n ≥ 0)
The document does not appear to be in UTF-8 encoding.
Try adding \UseRawInputEncoding as the first line of the file
or specify an encoding such as \usepackage [latin1]{inputenc}
in the document preamble.
Alternatively, save the file in UTF-8 using your editor or another tool


../matlab/visualization/myAnimate.m:51: LaTeX Error: Invalid UTF-8 byte "A5.

See the LaTeX manual or LaTeX Companion for explanation.
Type  H <return>  for immediate help.
 ...                                              
                                                  
l.51 ... Σ · V^T,   Σ = diag(σ_1 ≥ σ_2 ≥ 
                                                  … ≥ σ_n ≥ 0)
The document does not appear to be in UTF-8 encoding.
Try adding \UseRawInputEncoding as the first line of the file
or specify an encoding such as \usepackage [latin1]{inputenc}
in the document preamble.
Alternatively, save the file in UTF-8 using your editor or another tool


../matlab/visualization/myAnimate.m:51: LaTeX Error: Invalid UTF-8 byte sequence (�\lst@FillFixed@\lst@EC�).

See the LaTeX manual or LaTeX Companion for explanation.
Type  H <return>  for immediate help.
 ...                                              
                                                  
l.51 ...· V^T,   Σ = diag(σ_1 ≥ σ_2 ≥ … 
                                                  ≥ σ_n ≥ 0)
The document does not appear to be in UTF-8 encoding.
Try adding \UseRawInputEncoding as the first line of the file
or specify an encoding such as \usepackage [latin1]{inputenc}
in the document preamble.
Alternatively, save the file in UTF-8 using your editor or another tool


../matlab/visualization/myAnimate.m:51: LaTeX Error: Invalid UTF-8 byte "A6.

See the LaTeX manual or LaTeX Companion for explanation.
Type  H <return>  for immediate help.
 ...                                              
                                                  
l.51 ...· V^T,   Σ = diag(σ_1 ≥ σ_2 ≥ … 
                                                  ≥ σ_n ≥ 0)
The document does not appear to be in UTF-8 encoding.
Try adding \UseRawInputEncoding as the first line of the file
or specify an encoding such as \usepackage [latin1]{inputenc}
in the document preamble.
Alternatively, save the file in UTF-8 using your editor or another tool


../matlab/visualization/myAnimate.m:51: LaTeX Error: Invalid UTF-8 byte sequence (�\lst@FillFixed@\lst@EC�).

See the LaTeX manual or LaTeX Companion for explanation.
Type  H <return>  for immediate help.
 ...                                              
                                                  
l.51 ...^T,   Σ = diag(σ_1 ≥ σ_2 ≥ … ≥ 
                                                  σ_n ≥ 0)
The document does not appear to be in UTF-8 encoding.
Try adding \UseRawInputEncoding as the first line of the file
or specify an encoding such as \usepackage [latin1]{inputenc}
in the document preamble.
Alternatively, save the file in UTF-8 using your editor or another tool


../matlab/visualization/myAnimate.m:51: LaTeX Error: Invalid UTF-8 byte "A5.

See the LaTeX manual or LaTeX Companion for explanation.
Type  H <return>  for immediate help.
 ...                                              
                                                  
l.51 ...^T,   Σ = diag(σ_1 ≥ σ_2 ≥ … ≥ 
                                                  σ_n ≥ 0)
The document does not appear to be in UTF-8 encoding.
Try adding \UseRawInputEncoding as the first line of the file
or specify an encoding such as \usepackage [latin1]{inputenc}
in the document preamble.
Alternatively, save the file in UTF-8 using your editor or another tool


../matlab/visualization/myAnimate.m:51: LaTeX Error: Invalid UTF-8 byte sequence (�\lst@FillFixed@).

See the LaTeX manual or LaTeX Companion for explanation.
Type  H <return>  for immediate help.
 ...                                              
                                                  
l.51 ... Σ = diag(σ_1 ≥ σ_2 ≥ … ≥ σ_n 
                                                  ≥ 0)
The document does not appear to be in UTF-8 encoding.
Try adding \UseRawInputEncoding as the first line of the file
or specify an encoding such as \usepackage [latin1]{inputenc}
in the document preamble.
Alternatively, save the file in UTF-8 using your editor or another tool


../matlab/visualization/myAnimate.m:51: LaTeX Error: Invalid UTF-8 byte "83.

See the LaTeX manual or LaTeX Companion for explanation.
Type  H <return>  for immediate help.
 ...                                              
                                                  
l.51 ... Σ = diag(σ_1 ≥ σ_2 ≥ … ≥ σ_n 
                                                  ≥ 0)
The document does not appear to be in UTF-8 encoding.
Try adding \UseRawInputEncoding as the first line of the file
or specify an encoding such as \usepackage [latin1]{inputenc}
in the document preamble.
Alternatively, save the file in UTF-8 using your editor or another tool


../matlab/visualization/myAnimate.m:51: LaTeX Error: Invalid UTF-8 byte sequence (�\lst@FillFixed@\lst@EC�).

See the LaTeX manual or LaTeX Companion for explanation.
Type  H <return>  for immediate help.
 ...                                              
                                                  
l.51 ...= diag(σ_1 ≥ σ_2 ≥ … ≥ σ_n ≥ 
                                                  0)
The document does not appear to be in UTF-8 encoding.
Try adding \UseRawInputEncoding as the first line of the file
or specify an encoding such as \usepackage [latin1]{inputenc}
in the document preamble.
Alternatively, save the file in UTF-8 using your editor or another tool


../matlab/visualization/myAnimate.m:51: LaTeX Error: Invalid UTF-8 byte "A5.

See the LaTeX manual or LaTeX Companion for explanation.
Type  H <return>  for immediate help.
 ...                                              
                                                  
l.51 ...= diag(σ_1 ≥ σ_2 ≥ … ≥ σ_n ≥ 
                                                  0)
The document does not appear to be in UTF-8 encoding.
Try adding \UseRawInputEncoding as the first line of the file
or specify an encoding such as \usepackage [latin1]{inputenc}
in the document preamble.
Alternatively, save the file in UTF-8 using your editor or another tool


../matlab/visualization/myAnimate.m:52: LaTeX Error: Invalid UTF-8 byte sequence (�\lst@FillFixed@).

See the LaTeX manual or LaTeX Companion for explanation.
Type  H <return>  for immediate help.
 ...                                              
                                                  
l.52 %     Los valores singulares {σ_i}
                                         miden cuánto "amplifica" el Jacobiano
The document does not appear to be in UTF-8 encoding.
Try adding \UseRawInputEncoding as the first line of the file
or specify an encoding such as \usepackage [latin1]{inputenc}
in the document preamble.
Alternatively, save the file in UTF-8 using your editor or another tool


../matlab/visualization/myAnimate.m:52: LaTeX Error: Invalid UTF-8 byte "83.

See the LaTeX manual or LaTeX Companion for explanation.
Type  H <return>  for immediate help.
 ...                                              
                                                  
l.52 %     Los valores singulares {σ_i}
                                         miden cuánto "amplifica" el Jacobiano
The document does not appear to be in UTF-8 encoding.
Try adding \UseRawInputEncoding as the first line of the file
or specify an encoding such as \usepackage [latin1]{inputenc}
in the document preamble.
Alternatively, save the file in UTF-8 using your editor or another tool


../matlab/visualization/myAnimate.m:52: LaTeX Error: Invalid UTF-8 byte sequence (�\expandafter).

See the LaTeX manual or LaTeX Companion for explanation.
Type  H <return>  for immediate help.
 ...                                              
                                                  
l.52 ...s valores singulares {σ_i} miden cuánto 
                                                  "amplifica" el Jacobiano
The document does not appear to be in UTF-8 encoding.
Try adding \UseRawInputEncoding as the first line of the file
or specify an encoding such as \usepackage [latin1]{inputenc}
in the document preamble.
Alternatively, save the file in UTF-8 using your editor or another tool


../matlab/visualization/myAnimate.m:52: LaTeX Error: Invalid UTF-8 byte "A1.

See the LaTeX manual or LaTeX Companion for explanation.
Type  H <return>  for immediate help.
 ...                                              
                                                  
l.52 ...s valores singulares {σ_i} miden cuánto 
                                                  "amplifica" el Jacobiano
The document does not appear to be in UTF-8 encoding.
Try adding \UseRawInputEncoding as the first line of the file
or specify an encoding such as \usepackage [latin1]{inputenc}
in the document preamble.
Alternatively, save the file in UTF-8 using your editor or another tool


../matlab/visualization/myAnimate.m:52: LaTeX Error: Command \textquotedbl unavailable in encoding OT1.

See the LaTeX manual or LaTeX Companion for explanation.
Type  H <return>  for immediate help.
 ...                                              
                                                  
l.52 ...valores singulares {σ_i} miden cuánto "a
                                                  mplifica" el Jacobiano
Your command was ignored.
Type  I <command> <return>  to replace it with another command,
or  <return>  to continue without it.


../matlab/visualization/myAnimate.m:52: LaTeX Error: Command \textquotedbl unavailable in encoding OT1.

See the LaTeX manual or LaTeX Companion for explanation.
Type  H <return>  for immediate help.
 ...                                              
                                                  
l.52 ...ngulares {σ_i} miden cuánto "amplifica" 
                                                  el Jacobiano
Your command was ignored.
Type  I <command> <return>  to replace it with another command,
or  <return>  to continue without it.


../matlab/visualization/myAnimate.m:53: LaTeX Error: Invalid UTF-8 byte sequence (�\expandafter).

See the LaTeX manual or LaTeX Companion for explanation.
Type  H <return>  for immediate help.
 ...                                              
                                                  
l.53 ...ovimientos articulares en cada dirección 
                                                  del espacio de la tarea.
The document does not appear to be in UTF-8 encoding.
Try adding \UseRawInputEncoding as the first line of the file
or specify an encoding such as \usepackage [latin1]{inputenc}
in the document preamble.
Alternatively, save the file in UTF-8 using your editor or another tool


../matlab/visualization/myAnimate.m:53: LaTeX Error: Invalid UTF-8 byte "B3.

See the LaTeX manual or LaTeX Companion for explanation.
Type  H <return>  for immediate help.
 ...                                              
                                                  
l.53 ...ovimientos articulares en cada dirección 
                                                  del espacio de la tarea.
The document does not appear to be in UTF-8 encoding.
Try adding \UseRawInputEncoding as the first line of the file
or specify an encoding such as \usepackage [latin1]{inputenc}
in the document preamble.
Alternatively, save the file in UTF-8 using your editor or another tool


../matlab/visualization/myAnimate.m:54: LaTeX Error: Invalid UTF-8 byte sequence (�\lst@FillFixed@).

See the LaTeX manual or LaTeX Companion for explanation.
Type  H <return>  for immediate help.
 ...                                              
                                                  
l.54 %     σ_min 
                  → 0 indica que existe una dirección del espacio de la t...
The document does not appear to be in UTF-8 encoding.
Try adding \UseRawInputEncoding as the first line of the file
or specify an encoding such as \usepackage [latin1]{inputenc}
in the document preamble.
Alternatively, save the file in UTF-8 using your editor or another tool


../matlab/visualization/myAnimate.m:54: LaTeX Error: Invalid UTF-8 byte "83.

See the LaTeX manual or LaTeX Companion for explanation.
Type  H <return>  for immediate help.
 ...                                              
                                                  
l.54 %     σ_min 
                  → 0 indica que existe una dirección del espacio de la t...
The document does not appear to be in UTF-8 encoding.
Try adding \UseRawInputEncoding as the first line of the file
or specify an encoding such as \usepackage [latin1]{inputenc}
in the document preamble.
Alternatively, save the file in UTF-8 using your editor or another tool


../matlab/visualization/myAnimate.m:54: LaTeX Error: Invalid UTF-8 byte sequence (�\lst@FillFixed@\lst@EC�).

See the LaTeX manual or LaTeX Companion for explanation.
Type  H <return>  for immediate help.
 ...                                              
                                                  
l.54 %     σ_min → 
                      0 indica que existe una dirección del espacio de la t...
The document does not appear to be in UTF-8 encoding.
Try adding \UseRawInputEncoding as the first line of the file
or specify an encoding such as \usepackage [latin1]{inputenc}
in the document preamble.
Alternatively, save the file in UTF-8 using your editor or another tool


../matlab/visualization/myAnimate.m:54: LaTeX Error: Invalid UTF-8 byte "92.

See the LaTeX manual or LaTeX Companion for explanation.
Type  H <return>  for immediate help.
 ...                                              
                                                  
l.54 %     σ_min → 
                      0 indica que existe una dirección del espacio de la t...
The document does not appear to be in UTF-8 encoding.
Try adding \UseRawInputEncoding as the first line of the file
or specify an encoding such as \usepackage [latin1]{inputenc}
in the document preamble.
Alternatively, save the file in UTF-8 using your editor or another tool


../matlab/visualization/myAnimate.m:54: LaTeX Error: Invalid UTF-8 byte sequence (�\expandafter).

See the LaTeX manual or LaTeX Companion for explanation.
Type  H <return>  for immediate help.
 ...                                              
                                                  
l.54 ...in → 0 indica que existe una dirección 
                                                  del espacio de la tarea
The document does not appear to be in UTF-8 encoding.
Try adding \UseRawInputEncoding as the first line of the file
or specify an encoding such as \usepackage [latin1]{inputenc}
in the document preamble.
Alternatively, save the file in UTF-8 using your editor or another tool


../matlab/visualization/myAnimate.m:54: LaTeX Error: Invalid UTF-8 byte "B3.

See the LaTeX manual or LaTeX Companion for explanation.
Type  H <return>  for immediate help.
 ...                                              
                                                  
l.54 ...in → 0 indica que existe una dirección 
                                                  del espacio de la tarea
The document does not appear to be in UTF-8 encoding.
Try adding \UseRawInputEncoding as the first line of the file
or specify an encoding such as \usepackage [latin1]{inputenc}
in the document preamble.
Alternatively, save the file in UTF-8 using your editor or another tool


../matlab/visualization/myAnimate.m:55: LaTeX Error: Invalid UTF-8 byte sequence (�\expandafter).

See the LaTeX manual or LaTeX Companion for explanation.
Type  H <return>  for immediate help.
 ...                                              
                                                  
l.55 %     que ninguna combinación 
                                    de velocidades articulares puede alcanzar
The document does not appear to be in UTF-8 encoding.
Try adding \UseRawInputEncoding as the first line of the file
or specify an encoding such as \usepackage [latin1]{inputenc}
in the document preamble.
Alternatively, save the file in UTF-8 using your editor or another tool


../matlab/visualization/myAnimate.m:55: LaTeX Error: Invalid UTF-8 byte "B3.

See the LaTeX manual or LaTeX Companion for explanation.
Type  H <return>  for immediate help.
 ...                                              
                                                  
l.55 %     que ninguna combinación 
                                    de velocidades articulares puede alcanzar
The document does not appear to be in UTF-8 encoding.
Try adding \UseRawInputEncoding as the first line of the file
or specify an encoding such as \usepackage [latin1]{inputenc}
in the document preamble.
Alternatively, save the file in UTF-8 using your editor or another tool


../matlab/visualization/myAnimate.m:56: LaTeX Error: Invalid UTF-8 byte sequence (�\expandafter).

See the LaTeX manual or LaTeX Companion for explanation.
Type  H <return>  for immediate help.
 ...                                              
                                                  
l.56 %     de forma eficiente: el robot está 
                                              en (o cerca de) una singularidad.
The document does not appear to be in UTF-8 encoding.
Try adding \UseRawInputEncoding as the first line of the file
or specify an encoding such as \usepackage [latin1]{inputenc}
in the document preamble.
Alternatively, save the file in UTF-8 using your editor or another tool


../matlab/visualization/myAnimate.m:56: LaTeX Error: Invalid UTF-8 byte "A1.

See the LaTeX manual or LaTeX Companion for explanation.
Type  H <return>  for immediate help.
 ...                                              
                                                  
l.56 %     de forma eficiente: el robot está 
                                              en (o cerca de) una singularidad.
The document does not appear to be in UTF-8 encoding.
Try adding \UseRawInputEncoding as the first line of the file
or specify an encoding such as \usepackage [latin1]{inputenc}
in the document preamble.
Alternatively, save the file in UTF-8 using your editor or another tool


../matlab/visualization/myAnimate.m:58: LaTeX Error: Invalid UTF-8 byte sequence (�\expandafter).

See the LaTeX manual or LaTeX Companion for explanation.
Type  H <return>  for immediate help.
 ...                                              
                                                  
l.58 %   Número 
                 de condición
The document does not appear to be in UTF-8 encoding.
Try adding \UseRawInputEncoding as the first line of the file
or specify an encoding such as \usepackage [latin1]{inputenc}
in the document preamble.
Alternatively, save the file in UTF-8 using your editor or another tool


../matlab/visualization/myAnimate.m:58: LaTeX Error: Invalid UTF-8 byte "BA.

See the LaTeX manual or LaTeX Companion for explanation.
Type  H <return>  for immediate help.
 ...                                              
                                                  
l.58 %   Número 
                 de condición
The document does not appear to be in UTF-8 encoding.
Try adding \UseRawInputEncoding as the first line of the file
or specify an encoding such as \usepackage [latin1]{inputenc}
in the document preamble.
Alternatively, save the file in UTF-8 using your editor or another tool


../matlab/visualization/myAnimate.m:58: LaTeX Error: Invalid UTF-8 byte sequence (�\expandafter).

See the LaTeX manual or LaTeX Companion for explanation.
Type  H <return>  for immediate help.
 ...                                              
                                                  
l.58 %   Número de condición
                              
The document does not appear to be in UTF-8 encoding.
Try adding \UseRawInputEncoding as the first line of the file
or specify an encoding such as \usepackage [latin1]{inputenc}
in the document preamble.
Alternatively, save the file in UTF-8 using your editor or another tool


../matlab/visualization/myAnimate.m:58: LaTeX Error: Invalid UTF-8 byte "B3.

See the LaTeX manual or LaTeX Companion for explanation.
Type  H <return>  for immediate help.
 ...                                              
                                                  
l.58 %   Número de condición
                              
The document does not appear to be in UTF-8 encoding.
Try adding \UseRawInputEncoding as the first line of the file
or specify an encoding such as \usepackage [latin1]{inputenc}
in the document preamble.
Alternatively, save the file in UTF-8 using your editor or another tool


../matlab/visualization/myAnimate.m:59: LaTeX Error: Invalid UTF-8 byte sequence (�\lst@FillFixed@).

See the LaTeX manual or LaTeX Companion for explanation.
Type  H <return>  for immediate help.
 ...                                              
                                                  
l.59 %     κ(
              J) = σ_max / σ_min
The document does not appear to be in UTF-8 encoding.
Try adding \UseRawInputEncoding as the first line of the file
or specify an encoding such as \usepackage [latin1]{inputenc}
in the document preamble.
Alternatively, save the file in UTF-8 using your editor or another tool


../matlab/visualization/myAnimate.m:59: LaTeX Error: Invalid UTF-8 byte "BA.

See the LaTeX manual or LaTeX Companion for explanation.
Type  H <return>  for immediate help.
 ...                                              
                                                  
l.59 %     κ(
              J) = σ_max / σ_min
The document does not appear to be in UTF-8 encoding.
Try adding \UseRawInputEncoding as the first line of the file
or specify an encoding such as \usepackage [latin1]{inputenc}
in the document preamble.
Alternatively, save the file in UTF-8 using your editor or another tool


../matlab/visualization/myAnimate.m:59: LaTeX Error: Invalid UTF-8 byte sequence (�\lst@FillFixed@).

See the LaTeX manual or LaTeX Companion for explanation.
Type  H <return>  for immediate help.
 ...                                              
                                                  
l.59 %     κ(J) = σ_max 
                          / σ_min
The document does not appear to be in UTF-8 encoding.
Try adding \UseRawInputEncoding as the first line of the file
or specify an encoding such as \usepackage [latin1]{inputenc}
in the document preamble.
Alternatively, save the file in UTF-8 using your editor or another tool


../matlab/visualization/myAnimate.m:59: LaTeX Error: Invalid UTF-8 byte "83.

See the LaTeX manual or LaTeX Companion for explanation.
Type  H <return>  for immediate help.
 ...                                              
                                                  
l.59 %     κ(J) = σ_max 
                          / σ_min
The document does not appear to be in UTF-8 encoding.
Try adding \UseRawInputEncoding as the first line of the file
or specify an encoding such as \usepackage [latin1]{inputenc}
in the document preamble.
Alternatively, save the file in UTF-8 using your editor or another tool


../matlab/visualization/myAnimate.m:59: LaTeX Error: Invalid UTF-8 byte sequence (�\lst@FillFixed@).

See the LaTeX manual or LaTeX Companion for explanation.
Type  H <return>  for immediate help.
 ...                                              
                                                  
l.59 %     κ(J) = σ_max / σ_min
                                  
The document does not appear to be in UTF-8 encoding.
Try adding \UseRawInputEncoding as the first line of the file
or specify an encoding such as \usepackage [latin1]{inputenc}
in the document preamble.
Alternatively, save the file in UTF-8 using your editor or another tool


../matlab/visualization/myAnimate.m:59: LaTeX Error: Invalid UTF-8 byte "83.

See the LaTeX manual or LaTeX Companion for explanation.
Type  H <return>  for immediate help.
 ...                                              
                                                  
l.59 %     κ(J) = σ_max / σ_min
                                  
The document does not appear to be in UTF-8 encoding.
Try adding \UseRawInputEncoding as the first line of the file
or specify an encoding such as \usepackage [latin1]{inputenc}
in the document preamble.
Alternatively, save the file in UTF-8 using your editor or another tool


../matlab/visualization/myAnimate.m:60: LaTeX Error: Invalid UTF-8 byte sequence (�\lst@FillFixed@).

See the LaTeX manual or LaTeX Companion for explanation.
Type  H <return>  for immediate help.
 ...                                              
                                                  
l.60 %     κ 
              = 1  →  isótropo, el robot puede moverse igual de bien en t...
The document does not appear to be in UTF-8 encoding.
Try adding \UseRawInputEncoding as the first line of the file
or specify an encoding such as \usepackage [latin1]{inputenc}
in the document preamble.
Alternatively, save the file in UTF-8 using your editor or another tool


../matlab/visualization/myAnimate.m:60: LaTeX Error: Invalid UTF-8 byte "BA.

See the LaTeX manual or LaTeX Companion for explanation.
Type  H <return>  for immediate help.
 ...                                              
                                                  
l.60 %     κ 
              = 1  →  isótropo, el robot puede moverse igual de bien en t...
The document does not appear to be in UTF-8 encoding.
Try adding \UseRawInputEncoding as the first line of the file
or specify an encoding such as \usepackage [latin1]{inputenc}
in the document preamble.
Alternatively, save the file in UTF-8 using your editor or another tool


../matlab/visualization/myAnimate.m:60: LaTeX Error: Invalid UTF-8 byte sequence (�\lst@FillFixed@\lst@EC�).

See the LaTeX manual or LaTeX Companion for explanation.
Type  H <return>  for immediate help.
 ...                                              
                                                  
l.60 %     κ = 1  → 
                        isótropo, el robot puede moverse igual de bien en t...
The document does not appear to be in UTF-8 encoding.
Try adding \UseRawInputEncoding as the first line of the file
or specify an encoding such as \usepackage [latin1]{inputenc}
in the document preamble.
Alternatively, save the file in UTF-8 using your editor or another tool


../matlab/visualization/myAnimate.m:60: LaTeX Error: Invalid UTF-8 byte "92.

See the LaTeX manual or LaTeX Companion for explanation.
Type  H <return>  for immediate help.
 ...                                              
                                                  
l.60 %     κ = 1  → 
                        isótropo, el robot puede moverse igual de bien en t...
The document does not appear to be in UTF-8 encoding.
Try adding \UseRawInputEncoding as the first line of the file
or specify an encoding such as \usepackage [latin1]{inputenc}
in the document preamble.
Alternatively, save the file in UTF-8 using your editor or another tool


../matlab/visualization/myAnimate.m:60: LaTeX Error: Invalid UTF-8 byte sequence (�\expandafter).

See the LaTeX manual or LaTeX Companion for explanation.
Type  H <return>  for immediate help.
 ...                                              
                                                  
l.60 %     κ = 1  →  isótropo,
                                   el robot puede moverse igual de bien en t...
The document does not appear to be in UTF-8 encoding.
Try adding \UseRawInputEncoding as the first line of the file
or specify an encoding such as \usepackage [latin1]{inputenc}
in the document preamble.
Alternatively, save the file in UTF-8 using your editor or another tool


../matlab/visualization/myAnimate.m:60: LaTeX Error: Invalid UTF-8 byte "B3.

See the LaTeX manual or LaTeX Companion for explanation.
Type  H <return>  for immediate help.
 ...                                              
                                                  
l.60 %     κ = 1  →  isótropo,
                                   el robot puede moverse igual de bien en t...
The document does not appear to be in UTF-8 encoding.
Try adding \UseRawInputEncoding as the first line of the file
or specify an encoding such as \usepackage [latin1]{inputenc}
in the document preamble.
Alternatively, save the file in UTF-8 using your editor or another tool


../matlab/visualization/myAnimate.m:61: LaTeX Error: Invalid UTF-8 byte sequence (�\lst@FillFixed@\lst@EC�).

See the LaTeX manual or LaTeX Companion for explanation.
Type  H <return>  for immediate help.
 ...                                              
                                                  
l.61 %               las direcciones → 
                                         configuración óptima.
The document does not appear to be in UTF-8 encoding.
Try adding \UseRawInputEncoding as the first line of the file
or specify an encoding such as \usepackage [latin1]{inputenc}
in the document preamble.
Alternatively, save the file in UTF-8 using your editor or another tool


../matlab/visualization/myAnimate.m:61: LaTeX Error: Invalid UTF-8 byte "92.

See the LaTeX manual or LaTeX Companion for explanation.
Type  H <return>  for immediate help.
 ...                                              
                                                  
l.61 %               las direcciones → 
                                         configuración óptima.
The document does not appear to be in UTF-8 encoding.
Try adding \UseRawInputEncoding as the first line of the file
or specify an encoding such as \usepackage [latin1]{inputenc}
in the document preamble.
Alternatively, save the file in UTF-8 using your editor or another tool


../matlab/visualization/myAnimate.m:61: LaTeX Error: Invalid UTF-8 byte sequence (�\expandafter).

See the LaTeX manual or LaTeX Companion for explanation.
Type  H <return>  for immediate help.
 ...                                              
                                                  
l.61 ...       las direcciones → configuración 
                                                  óptima.
The document does not appear to be in UTF-8 encoding.
Try adding \UseRawInputEncoding as the first line of the file
or specify an encoding such as \usepackage [latin1]{inputenc}
in the document preamble.
Alternatively, save the file in UTF-8 using your editor or another tool


../matlab/visualization/myAnimate.m:61: LaTeX Error: Invalid UTF-8 byte "B3.

See the LaTeX manual or LaTeX Companion for explanation.
Type  H <return>  for immediate help.
 ...                                              
                                                  
l.61 ...       las direcciones → configuración 
                                                  óptima.
The document does not appear to be in UTF-8 encoding.
Try adding \UseRawInputEncoding as the first line of the file
or specify an encoding such as \usepackage [latin1]{inputenc}
in the document preamble.
Alternatively, save the file in UTF-8 using your editor or another tool


../matlab/visualization/myAnimate.m:61: LaTeX Error: Invalid UTF-8 byte sequence (�\lst@FillFixed@).

See the LaTeX manual or LaTeX Companion for explanation.
Type  H <return>  for immediate help.
 ...                                              
                                                  
l.61 ...as direcciones → configuración óptima.
                                                  
The document does not appear to be in UTF-8 encoding.
Try adding \UseRawInputEncoding as the first line of the file
or specify an encoding such as \usepackage [latin1]{inputenc}
in the document preamble.
Alternatively, save the file in UTF-8 using your editor or another tool


../matlab/visualization/myAnimate.m:61: LaTeX Error: Invalid UTF-8 byte "B3.

See the LaTeX manual or LaTeX Companion for explanation.
Type  H <return>  for immediate help.
 ...                                              
                                                  
l.61 ...as direcciones → configuración óptima.
                                                  
The document does not appear to be in UTF-8 encoding.
Try adding \UseRawInputEncoding as the first line of the file
or specify an encoding such as \usepackage [latin1]{inputenc}
in the document preamble.
Alternatively, save the file in UTF-8 using your editor or another tool


../matlab/visualization/myAnimate.m:62: LaTeX Error: Invalid UTF-8 byte sequence (�\lst@FillFixed@).

See the LaTeX manual or LaTeX Companion for explanation.
Type  H <return>  for immediate help.
 ...                                              
                                                  
l.62 %     κ 
              → ∞  →  singularidad cinemática; la inversa J^{-1} es n...
The document does not appear to be in UTF-8 encoding.
Try adding \UseRawInputEncoding as the first line of the file
or specify an encoding such as \usepackage [latin1]{inputenc}
in the document preamble.
Alternatively, save the file in UTF-8 using your editor or another tool


../matlab/visualization/myAnimate.m:62: LaTeX Error: Invalid UTF-8 byte "BA.

See the LaTeX manual or LaTeX Companion for explanation.
Type  H <return>  for immediate help.
 ...                                              
                                                  
l.62 %     κ 
              → ∞  →  singularidad cinemática; la inversa J^{-1} es n...
The document does not appear to be in UTF-8 encoding.
Try adding \UseRawInputEncoding as the first line of the file
or specify an encoding such as \usepackage [latin1]{inputenc}
in the document preamble.
Alternatively, save the file in UTF-8 using your editor or another tool


../matlab/visualization/myAnimate.m:62: LaTeX Error: Invalid UTF-8 byte sequence (�\lst@FillFixed@\lst@EC�).

See the LaTeX manual or LaTeX Companion for explanation.
Type  H <return>  for immediate help.
 ...                                              
                                                  
l.62 %     κ → 
                  ∞  →  singularidad cinemática; la inversa J^{-1} es n...
The document does not appear to be in UTF-8 encoding.
Try adding \UseRawInputEncoding as the first line of the file
or specify an encoding such as \usepackage [latin1]{inputenc}
in the document preamble.
Alternatively, save the file in UTF-8 using your editor or another tool


../matlab/visualization/myAnimate.m:62: LaTeX Error: Invalid UTF-8 byte "92.

See the LaTeX manual or LaTeX Companion for explanation.
Type  H <return>  for immediate help.
 ...                                              
                                                  
l.62 %     κ → 
                  ∞  →  singularidad cinemática; la inversa J^{-1} es n...
The document does not appear to be in UTF-8 encoding.
Try adding \UseRawInputEncoding as the first line of the file
or specify an encoding such as \usepackage [latin1]{inputenc}
in the document preamble.
Alternatively, save the file in UTF-8 using your editor or another tool


../matlab/visualization/myAnimate.m:62: LaTeX Error: Invalid UTF-8 byte sequence (�\lst@FillFixed@\lst@EC�).

See the LaTeX manual or LaTeX Companion for explanation.
Type  H <return>  for immediate help.
 ...                                              
                                                  
l.62 %     κ → ∞ 
                       →  singularidad cinemática; la inversa J^{-1} es n...
The document does not appear to be in UTF-8 encoding.
Try adding \UseRawInputEncoding as the first line of the file
or specify an encoding such as \usepackage [latin1]{inputenc}
in the document preamble.
Alternatively, save the file in UTF-8 using your editor or another tool


../matlab/visualization/myAnimate.m:62: LaTeX Error: Invalid UTF-8 byte "9E.

See the LaTeX manual or LaTeX Companion for explanation.
Type  H <return>  for immediate help.
 ...                                              
                                                  
l.62 %     κ → ∞ 
                       →  singularidad cinemática; la inversa J^{-1} es n...
The document does not appear to be in UTF-8 encoding.
Try adding \UseRawInputEncoding as the first line of the file
or specify an encoding such as \usepackage [latin1]{inputenc}
in the document preamble.
Alternatively, save the file in UTF-8 using your editor or another tool


../matlab/visualization/myAnimate.m:62: LaTeX Error: Invalid UTF-8 byte sequence (�\lst@FillFixed@\lst@EC�).

See the LaTeX manual or LaTeX Companion for explanation.
Type  H <return>  for immediate help.
 ...                                              
                                                  
l.62 %     κ → ∞  → 
                            singularidad cinemática; la inversa J^{-1} es n...
The document does not appear to be in UTF-8 encoding.
Try adding \UseRawInputEncoding as the first line of the file
or specify an encoding such as \usepackage [latin1]{inputenc}
in the document preamble.
Alternatively, save the file in UTF-8 using your editor or another tool


../matlab/visualization/myAnimate.m:62: LaTeX Error: Invalid UTF-8 byte "92.

See the LaTeX manual or LaTeX Companion for explanation.
Type  H <return>  for immediate help.
 ...                                              
                                                  
l.62 %     κ → ∞  → 
                            singularidad cinemática; la inversa J^{-1} es n...
The document does not appear to be in UTF-8 encoding.
Try adding \UseRawInputEncoding as the first line of the file
or specify an encoding such as \usepackage [latin1]{inputenc}
in the document preamble.
Alternatively, save the file in UTF-8 using your editor or another tool


../matlab/visualization/myAnimate.m:62: LaTeX Error: Invalid UTF-8 byte sequence (�\expandafter).

See the LaTeX manual or LaTeX Companion for explanation.
Type  H <return>  for immediate help.
 ...                                              
                                                  
l.62 ...κ → ∞  →  singularidad cinemática;
                                                   la inversa J^{-1} es num�...
The document does not appear to be in UTF-8 encoding.
Try adding \UseRawInputEncoding as the first line of the file
or specify an encoding such as \usepackage [latin1]{inputenc}
in the document preamble.
Alternatively, save the file in UTF-8 using your editor or another tool


../matlab/visualization/myAnimate.m:62: LaTeX Error: Invalid UTF-8 byte "A1.

See the LaTeX manual or LaTeX Companion for explanation.
Type  H <return>  for immediate help.
 ...                                              
                                                  
l.62 ...κ → ∞  →  singularidad cinemática;
                                                   la inversa J^{-1} es num�...
The document does not appear to be in UTF-8 encoding.
Try adding \UseRawInputEncoding as the first line of the file
or specify an encoding such as \usepackage [latin1]{inputenc}
in the document preamble.
Alternatively, save the file in UTF-8 using your editor or another tool


../matlab/visualization/myAnimate.m:62: LaTeX Error: Invalid UTF-8 byte sequence (�\expandafter).

See the LaTeX manual or LaTeX Companion for explanation.
Type  H <return>  for immediate help.
 ...                                              
                                                  
l.62 ...�tica; la inversa J^{-1} es numéricamente
                                                  
The document does not appear to be in UTF-8 encoding.
Try adding \UseRawInputEncoding as the first line of the file
or specify an encoding such as \usepackage [latin1]{inputenc}
in the document preamble.
Alternatively, save the file in UTF-8 using your editor or another tool


../matlab/visualization/myAnimate.m:62: LaTeX Error: Invalid UTF-8 byte "A9.

See the LaTeX manual or LaTeX Companion for explanation.
Type  H <return>  for immediate help.
 ...                                              
                                                  
l.62 ...�tica; la inversa J^{-1} es numéricamente
                                                  
The document does not appear to be in UTF-8 encoding.
Try adding \UseRawInputEncoding as the first line of the file
or specify an encoding such as \usepackage [latin1]{inputenc}
in the document preamble.
Alternatively, save the file in UTF-8 using your editor or another tool


../matlab/visualization/myAnimate.m:64: LaTeX Error: Invalid UTF-8 byte sequence (�\expandafter).

See the LaTeX manual or LaTeX Companion for explanation.
Type  H <return>  for immediate help.
 ...                                              
                                                  
l.64 %     Umbral de advertencia en este código:
                                                  κ > 100.
The document does not appear to be in UTF-8 encoding.
Try adding \UseRawInputEncoding as the first line of the file
or specify an encoding such as \usepackage [latin1]{inputenc}
in the document preamble.
Alternatively, save the file in UTF-8 using your editor or another tool


../matlab/visualization/myAnimate.m:64: LaTeX Error: Invalid UTF-8 byte "B3.

See the LaTeX manual or LaTeX Companion for explanation.
Type  H <return>  for immediate help.
 ...                                              
                                                  
l.64 %     Umbral de advertencia en este código:
                                                  κ > 100.
The document does not appear to be in UTF-8 encoding.
Try adding \UseRawInputEncoding as the first line of the file
or specify an encoding such as \usepackage [latin1]{inputenc}
in the document preamble.
Alternatively, save the file in UTF-8 using your editor or another tool


../matlab/visualization/myAnimate.m:64: LaTeX Error: Invalid UTF-8 byte sequence (�\lst@FillFixed@).

See the LaTeX manual or LaTeX Companion for explanation.
Type  H <return>  for immediate help.
 ...                                              
                                                  
l.64 ...Umbral de advertencia en este código: κ 
                                                  > 100.
The document does not appear to be in UTF-8 encoding.
Try adding \UseRawInputEncoding as the first line of the file
or specify an encoding such as \usepackage [latin1]{inputenc}
in the document preamble.
Alternatively, save the file in UTF-8 using your editor or another tool


../matlab/visualization/myAnimate.m:64: LaTeX Error: Invalid UTF-8 byte "BA.

See the LaTeX manual or LaTeX Companion for explanation.
Type  H <return>  for immediate help.
 ...                                              
                                                  
l.64 ...Umbral de advertencia en este código: κ 
                                                  > 100.
The document does not appear to be in UTF-8 encoding.
Try adding \UseRawInputEncoding as the first line of the file
or specify an encoding such as \usepackage [latin1]{inputenc}
in the document preamble.
Alternatively, save the file in UTF-8 using your editor or another tool


../matlab/visualization/myAnimate.m:69: LaTeX Error: Invalid UTF-8 byte sequence (�\expandafter).

See the LaTeX manual or LaTeX Companion for explanation.
Type  H <return>  for immediate help.
 ...                                              
                                                  
l.69 % Parámetros 
                   de muestreo
The document does not appear to be in UTF-8 encoding.
Try adding \UseRawInputEncoding as the first line of the file
or specify an encoding such as \usepackage [latin1]{inputenc}
in the document preamble.
Alternatively, save the file in UTF-8 using your editor or another tool


../matlab/visualization/myAnimate.m:69: LaTeX Error: Invalid UTF-8 byte "A1.

See the LaTeX manual or LaTeX Companion for explanation.
Type  H <return>  for immediate help.
 ...                                              
                                                  
l.69 % Parámetros 
                   de muestreo
The document does not appear to be in UTF-8 encoding.
Try adding \UseRawInputEncoding as the first line of the file
or specify an encoding such as \usepackage [latin1]{inputenc}
in the document preamble.
Alternatively, save the file in UTF-8 using your editor or another tool


../matlab/visualization/myAnimate.m:71: LaTeX Error: Invalid UTF-8 byte sequence (�\expandafter).

See the LaTeX manual or LaTeX Companion for explanation.
Type  H <return>  for immediate help.
 ...                                              
                                                  
l.71 ...fue generada a traj_fps Hz. La animación 
                                                  corre a anim_fps Hz.
The document does not appear to be in UTF-8 encoding.
Try adding \UseRawInputEncoding as the first line of the file
or specify an encoding such as \usepackage [latin1]{inputenc}
in the document preamble.
Alternatively, save the file in UTF-8 using your editor or another tool


../matlab/visualization/myAnimate.m:71: LaTeX Error: Invalid UTF-8 byte "B3.

See the LaTeX manual or LaTeX Companion for explanation.
Type  H <return>  for immediate help.
 ...                                              
                                                  
l.71 ...fue generada a traj_fps Hz. La animación 
                                                  corre a anim_fps Hz.
The document does not appear to be in UTF-8 encoding.
Try adding \UseRawInputEncoding as the first line of the file
or specify an encoding such as \usepackage [latin1]{inputenc}
in the document preamble.
Alternatively, save the file in UTF-8 using your editor or another tool


../matlab/visualization/myAnimate.m:73: LaTeX Error: Invalid UTF-8 byte sequence (�\expandafter).

See the LaTeX manual or LaTeX Companion for explanation.
Type  H <return>  for immediate help.
 ...                                              
                                                  
l.73 ...e renderizado sin degradar la percepción 
                                                  visual
The document does not appear to be in UTF-8 encoding.
Try adding \UseRawInputEncoding as the first line of the file
or specify an encoding such as \usepackage [latin1]{inputenc}
in the document preamble.
Alternatively, save the file in UTF-8 using your editor or another tool


../matlab/visualization/myAnimate.m:73: LaTeX Error: Invalid UTF-8 byte "B3.

See the LaTeX manual or LaTeX Companion for explanation.
Type  H <return>  for immediate help.
 ...                                              
                                                  
l.73 ...e renderizado sin degradar la percepción 
                                                  visual
The document does not appear to be in UTF-8 encoding.
Try adding \UseRawInputEncoding as the first line of the file
or specify an encoding such as \usepackage [latin1]{inputenc}
in the document preamble.
Alternatively, save the file in UTF-8 using your editor or another tool


../matlab/visualization/myAnimate.m:74: LaTeX Error: Invalid UTF-8 byte sequence (�\expandafter).

See the LaTeX manual or LaTeX Companion for explanation.
Type  H <return>  for immediate help.
 ...                                              
                                                  
l.74 ...jo humano no distingue diferencias a más 
                                                  de ~24 fps.
The document does not appear to be in UTF-8 encoding.
Try adding \UseRawInputEncoding as the first line of the file
or specify an encoding such as \usepackage [latin1]{inputenc}
in the document preamble.
Alternatively, save the file in UTF-8 using your editor or another tool


../matlab/visualization/myAnimate.m:74: LaTeX Error: Invalid UTF-8 byte "A1.

See the LaTeX manual or LaTeX Companion for explanation.
Type  H <return>  for immediate help.
 ...                                              
                                                  
l.74 ...jo humano no distingue diferencias a más 
                                                  de ~24 fps.
The document does not appear to be in UTF-8 encoding.
Try adding \UseRawInputEncoding as the first line of the file
or specify an encoding such as \usepackage [latin1]{inputenc}
in the document preamble.
Alternatively, save the file in UTF-8 using your editor or another tool


../matlab/visualization/myAnimate.m:77: LaTeX Error: Invalid UTF-8 byte sequence (�\lst@FillFixed@).

See the LaTeX manual or LaTeX Companion for explanation.
Type  H <return>  for immediate help.
 ...                                              
                                                  
l.77 q_sub = q_traj(1:step:end, :);   % (N × 
                                              n_joints) sub-muestreado
The document does not appear to be in UTF-8 encoding.
Try adding \UseRawInputEncoding as the first line of the file
or specify an encoding such as \usepackage [latin1]{inputenc}
in the document preamble.
Alternatively, save the file in UTF-8 using your editor or another tool


../matlab/visualization/myAnimate.m:77: LaTeX Error: Invalid UTF-8 byte "97.

See the LaTeX manual or LaTeX Companion for explanation.
Type  H <return>  for immediate help.
 ...                                              
                                                  
l.77 q_sub = q_traj(1:step:end, :);   % (N × 
                                              n_joints) sub-muestreado
The document does not appear to be in UTF-8 encoding.
Try adding \UseRawInputEncoding as the first line of the file
or specify an encoding such as \usepackage [latin1]{inputenc}
in the document preamble.
Alternatively, save the file in UTF-8 using your editor or another tool


../matlab/visualization/myAnimate.m:84: LaTeX Error: Invalid UTF-8 byte sequence (�\expandafter).

See the LaTeX manual or LaTeX Companion for explanation.
Type  H <return>  for immediate help.
 ...                                              
                                                  
l.84 % Pre-cómputo:
                     Jacobiano y análisis de singularidades
The document does not appear to be in UTF-8 encoding.
Try adding \UseRawInputEncoding as the first line of the file
or specify an encoding such as \usepackage [latin1]{inputenc}
in the document preamble.
Alternatively, save the file in UTF-8 using your editor or another tool


../matlab/visualization/myAnimate.m:84: LaTeX Error: Invalid UTF-8 byte "B3.

See the LaTeX manual or LaTeX Companion for explanation.
Type  H <return>  for immediate help.
 ...                                              
                                                  
l.84 % Pre-cómputo:
                     Jacobiano y análisis de singularidades
The document does not appear to be in UTF-8 encoding.
Try adding \UseRawInputEncoding as the first line of the file
or specify an encoding such as \usepackage [latin1]{inputenc}
in the document preamble.
Alternatively, save the file in UTF-8 using your editor or another tool


../matlab/visualization/myAnimate.m:84: LaTeX Error: Invalid UTF-8 byte sequence (�\expandafter).

See the LaTeX manual or LaTeX Companion for explanation.
Type  H <return>  for immediate help.
 ...                                              
                                                  
l.84 % Pre-cómputo: Jacobiano y análisis 
                                           de singularidades
The document does not appear to be in UTF-8 encoding.
Try adding \UseRawInputEncoding as the first line of the file
or specify an encoding such as \usepackage [latin1]{inputenc}
in the document preamble.
Alternatively, save the file in UTF-8 using your editor or another tool


../matlab/visualization/myAnimate.m:84: LaTeX Error: Invalid UTF-8 byte "A1.

See the LaTeX manual or LaTeX Companion for explanation.
Type  H <return>  for immediate help.
 ...                                              
                                                  
l.84 % Pre-cómputo: Jacobiano y análisis 
                                           de singularidades
The document does not appear to be in UTF-8 encoding.
Try adding \UseRawInputEncoding as the first line of the file
or specify an encoding such as \usepackage [latin1]{inputenc}
in the document preamble.
Alternatively, save the file in UTF-8 using your editor or another tool


../matlab/visualization/myAnimate.m:86: LaTeX Error: Invalid UTF-8 byte sequence (�\expandafter).

See the LaTeX manual or LaTeX Companion for explanation.
Type  H <return>  for immediate help.
 ...                                              
                                                  
l.86 ...lcula UNA SOLA VEZ antes de la animación 
                                                  para no bloquear el loop
The document does not appear to be in UTF-8 encoding.
Try adding \UseRawInputEncoding as the first line of the file
or specify an encoding such as \usepackage [latin1]{inputenc}
in the document preamble.
Alternatively, save the file in UTF-8 using your editor or another tool


../matlab/visualization/myAnimate.m:86: LaTeX Error: Invalid UTF-8 byte "B3.

See the LaTeX manual or LaTeX Companion for explanation.
Type  H <return>  for immediate help.
 ...                                              
                                                  
l.86 ...lcula UNA SOLA VEZ antes de la animación 
                                                  para no bloquear el loop
The document does not appear to be in UTF-8 encoding.
Try adding \UseRawInputEncoding as the first line of the file
or specify an encoding such as \usepackage [latin1]{inputenc}
in the document preamble.
Alternatively, save the file in UTF-8 using your editor or another tool


../matlab/visualization/myAnimate.m:87: LaTeX Error: Invalid UTF-8 byte sequence (�\lst@FillFixed@).

See the LaTeX manual or LaTeX Companion for explanation.
Type  H <return>  for immediate help.
 ...                                              
                                                  
l.87 % de rendering con álgebra 
                                 lineal costosa frame a frame.
The document does not appear to be in UTF-8 encoding.
Try adding \UseRawInputEncoding as the first line of the file
or specify an encoding such as \usepackage [latin1]{inputenc}
in the document preamble.
Alternatively, save the file in UTF-8 using your editor or another tool


../matlab/visualization/myAnimate.m:87: LaTeX Error: Invalid UTF-8 byte "A1.

See the LaTeX manual or LaTeX Companion for explanation.
Type  H <return>  for immediate help.
 ...                                              
                                                  
l.87 % de rendering con álgebra 
                                 lineal costosa frame a frame.
The document does not appear to be in UTF-8 encoding.
Try adding \UseRawInputEncoding as the first line of the file
or specify an encoding such as \usepackage [latin1]{inputenc}
in the document preamble.
Alternatively, save the file in UTF-8 using your editor or another tool


../matlab/visualization/myAnimate.m:89: LaTeX Error: Invalid UTF-8 byte sequence (�\expandafter).

See the LaTeX manual or LaTeX Companion for explanation.
Type  H <return>  for immediate help.
 ...                                              
                                                  
l.89 % Para cada configuración 
                                q_sub(i,:):
The document does not appear to be in UTF-8 encoding.
Try adding \UseRawInputEncoding as the first line of the file
or specify an encoding such as \usepackage [latin1]{inputenc}
in the document preamble.
Alternatively, save the file in UTF-8 using your editor or another tool


../matlab/visualization/myAnimate.m:89: LaTeX Error: Invalid UTF-8 byte "B3.

See the LaTeX manual or LaTeX Companion for explanation.
Type  H <return>  for immediate help.
 ...                                              
                                                  
l.89 % Para cada configuración 
                                q_sub(i,:):
The document does not appear to be in UTF-8 encoding.
Try adding \UseRawInputEncoding as the first line of the file
or specify an encoding such as \usepackage [latin1]{inputenc}
in the document preamble.
Alternatively, save the file in UTF-8 using your editor or another tool


../matlab/visualization/myAnimate.m:90: LaTeX Error: Invalid UTF-8 byte sequence (�\lst@FillFixed@\lst@EC�).

See the LaTeX manual or LaTeX Companion for explanation.
Type  H <return>  for immediate help.
 ...                                              
                                                  
l.90 %   1. Se obtiene J ∈ 
                             ℝ^{6×6} (Jacobiano geométrico en la base, f...
The document does not appear to be in UTF-8 encoding.
Try adding \UseRawInputEncoding as the first line of the file
or specify an encoding such as \usepackage [latin1]{inputenc}
in the document preamble.
Alternatively, save the file in UTF-8 using your editor or another tool


../matlab/visualization/myAnimate.m:90: LaTeX Error: Invalid UTF-8 byte "88.

See the LaTeX manual or LaTeX Companion for explanation.
Type  H <return>  for immediate help.
 ...                                              
                                                  
l.90 %   1. Se obtiene J ∈ 
                             ℝ^{6×6} (Jacobiano geométrico en la base, f...
The document does not appear to be in UTF-8 encoding.
Try adding \UseRawInputEncoding as the first line of the file
or specify an encoding such as \usepackage [latin1]{inputenc}
in the document preamble.
Alternatively, save the file in UTF-8 using your editor or another tool


../matlab/visualization/myAnimate.m:90: LaTeX Error: Invalid UTF-8 byte sequence (�\lst@FillFixed@\lst@EC�).

See the LaTeX manual or LaTeX Companion for explanation.
Type  H <return>  for immediate help.
 ...                                              
                                                  
l.90 %   1. Se obtiene J ∈ ℝ^
                                 {6×6} (Jacobiano geométrico en la base, f...
The document does not appear to be in UTF-8 encoding.
Try adding \UseRawInputEncoding as the first line of the file
or specify an encoding such as \usepackage [latin1]{inputenc}
in the document preamble.
Alternatively, save the file in UTF-8 using your editor or another tool


../matlab/visualization/myAnimate.m:90: LaTeX Error: Invalid UTF-8 byte "9D.

See the LaTeX manual or LaTeX Companion for explanation.
Type  H <return>  for immediate help.
 ...                                              
                                                  
l.90 %   1. Se obtiene J ∈ ℝ^
                                 {6×6} (Jacobiano geométrico en la base, f...
The document does not appear to be in UTF-8 encoding.
Try adding \UseRawInputEncoding as the first line of the file
or specify an encoding such as \usepackage [latin1]{inputenc}
in the document preamble.
Alternatively, save the file in UTF-8 using your editor or another tool


../matlab/visualization/myAnimate.m:90: LaTeX Error: Invalid UTF-8 byte sequence (�\lst@FillFixed@).

See the LaTeX manual or LaTeX Companion for explanation.
Type  H <return>  for immediate help.
 ...                                              
                                                  
l.90 %   1. Se obtiene J ∈ ℝ^{6×6}
                                        (Jacobiano geométrico en la base, f...
The document does not appear to be in UTF-8 encoding.
Try adding \UseRawInputEncoding as the first line of the file
or specify an encoding such as \usepackage [latin1]{inputenc}
in the document preamble.
Alternatively, save the file in UTF-8 using your editor or another tool


../matlab/visualization/myAnimate.m:90: LaTeX Error: Invalid UTF-8 byte "97.

See the LaTeX manual or LaTeX Companion for explanation.
Type  H <return>  for immediate help.
 ...                                              
                                                  
l.90 %   1. Se obtiene J ∈ ℝ^{6×6}
                                        (Jacobiano geométrico en la base, f...
The document does not appear to be in UTF-8 encoding.
Try adding \UseRawInputEncoding as the first line of the file
or specify an encoding such as \usepackage [latin1]{inputenc}
in the document preamble.
Alternatively, save the file in UTF-8 using your editor or another tool


../matlab/visualization/myAnimate.m:90: LaTeX Error: Invalid UTF-8 byte sequence (�\expandafter).

See the LaTeX manual or LaTeX Companion for explanation.
Type  H <return>  for immediate help.
 ...                                              
                                                  
l.90 ...e J ∈ ℝ^{6×6} (Jacobiano geométrico 
                                                  en la base, frame {0}).
The document does not appear to be in UTF-8 encoding.
Try adding \UseRawInputEncoding as the first line of the file
or specify an encoding such as \usepackage [latin1]{inputenc}
in the document preamble.
Alternatively, save the file in UTF-8 using your editor or another tool


../matlab/visualization/myAnimate.m:90: LaTeX Error: Invalid UTF-8 byte "A9.

See the LaTeX manual or LaTeX Companion for explanation.
Type  H <return>  for immediate help.
 ...                                              
                                                  
l.90 ...e J ∈ ℝ^{6×6} (Jacobiano geométrico 
                                                  en la base, frame {0}).
The document does not appear to be in UTF-8 encoding.
Try adding \UseRawInputEncoding as the first line of the file
or specify an encoding such as \usepackage [latin1]{inputenc}
in the document preamble.
Alternatively, save the file in UTF-8 using your editor or another tool


../matlab/visualization/myAnimate.m:91: LaTeX Error: Invalid UTF-8 byte sequence (�\expandafter).

See the LaTeX manual or LaTeX Companion for explanation.
Type  H <return>  for immediate help.
 ...                                              
                                                  
l.91 %   2. Se factoriza  J = U·Σ·V^
                                       T  (SVD completa).
The document does not appear to be in UTF-8 encoding.
Try adding \UseRawInputEncoding as the first line of the file
or specify an encoding such as \usepackage [latin1]{inputenc}
in the document preamble.
Alternatively, save the file in UTF-8 using your editor or another tool


../matlab/visualization/myAnimate.m:91: LaTeX Error: Invalid UTF-8 byte "B7.

See the LaTeX manual or LaTeX Companion for explanation.
Type  H <return>  for immediate help.
 ...                                              
                                                  
l.91 %   2. Se factoriza  J = U·Σ·V^
                                       T  (SVD completa).
The document does not appear to be in UTF-8 encoding.
Try adding \UseRawInputEncoding as the first line of the file
or specify an encoding such as \usepackage [latin1]{inputenc}
in the document preamble.
Alternatively, save the file in UTF-8 using your editor or another tool


../matlab/visualization/myAnimate.m:91: LaTeX Error: Invalid UTF-8 byte sequence (�\expandafter).

See the LaTeX manual or LaTeX Companion for explanation.
Type  H <return>  for immediate help.
 ...                                              
                                                  
l.91 %   2. Se factoriza  J = U·Σ·V^
                                       T  (SVD completa).
The document does not appear to be in UTF-8 encoding.
Try adding \UseRawInputEncoding as the first line of the file
or specify an encoding such as \usepackage [latin1]{inputenc}
in the document preamble.
Alternatively, save the file in UTF-8 using your editor or another tool


../matlab/visualization/myAnimate.m:91: LaTeX Error: Invalid UTF-8 byte "A3.

See the LaTeX manual or LaTeX Companion for explanation.
Type  H <return>  for immediate help.
 ...                                              
                                                  
l.91 %   2. Se factoriza  J = U·Σ·V^
                                       T  (SVD completa).
The document does not appear to be in UTF-8 encoding.
Try adding \UseRawInputEncoding as the first line of the file
or specify an encoding such as \usepackage [latin1]{inputenc}
in the document preamble.
Alternatively, save the file in UTF-8 using your editor or another tool


../matlab/visualization/myAnimate.m:91: LaTeX Error: Invalid UTF-8 byte sequence (�\expandafter).

See the LaTeX manual or LaTeX Companion for explanation.
Type  H <return>  for immediate help.
 ...                                              
                                                  
l.91 %   2. Se factoriza  J = U·Σ·V^
                                       T  (SVD completa).
The document does not appear to be in UTF-8 encoding.
Try adding \UseRawInputEncoding as the first line of the file
or specify an encoding such as \usepackage [latin1]{inputenc}
in the document preamble.
Alternatively, save the file in UTF-8 using your editor or another tool


../matlab/visualization/myAnimate.m:91: LaTeX Error: Invalid UTF-8 byte "B7.

See the LaTeX manual or LaTeX Companion for explanation.
Type  H <return>  for immediate help.
 ...                                              
                                                  
l.91 %   2. Se factoriza  J = U·Σ·V^
                                       T  (SVD completa).
The document does not appear to be in UTF-8 encoding.
Try adding \UseRawInputEncoding as the first line of the file
or specify an encoding such as \usepackage [latin1]{inputenc}
in the document preamble.
Alternatively, save the file in UTF-8 using your editor or another tool


../matlab/visualization/myAnimate.m:92: LaTeX Error: Invalid UTF-8 byte sequence (�\lst@FillFixed@).

See the LaTeX manual or LaTeX Companion for explanation.
Type  H <return>  for immediate help.
 ...                                              
                                                  
l.92 %   3. Se extraen  σ_max 
                               = sv(1)  y  σ_min = sv(end).
The document does not appear to be in UTF-8 encoding.
Try adding \UseRawInputEncoding as the first line of the file
or specify an encoding such as \usepackage [latin1]{inputenc}
in the document preamble.
Alternatively, save the file in UTF-8 using your editor or another tool


../matlab/visualization/myAnimate.m:92: LaTeX Error: Invalid UTF-8 byte "83.

See the LaTeX manual or LaTeX Companion for explanation.
Type  H <return>  for immediate help.
 ...                                              
                                                  
l.92 %   3. Se extraen  σ_max 
                               = sv(1)  y  σ_min = sv(end).
The document does not appear to be in UTF-8 encoding.
Try adding \UseRawInputEncoding as the first line of the file
or specify an encoding such as \usepackage [latin1]{inputenc}
in the document preamble.
Alternatively, save the file in UTF-8 using your editor or another tool


../matlab/visualization/myAnimate.m:92: LaTeX Error: Invalid UTF-8 byte sequence (�\lst@FillFixed@).

See the LaTeX manual or LaTeX Companion for explanation.
Type  H <return>  for immediate help.
 ...                                              
                                                  
l.92 %   3. Se extraen  σ_max = sv(1)  y  σ_min 
                                                  = sv(end).
The document does not appear to be in UTF-8 encoding.
Try adding \UseRawInputEncoding as the first line of the file
or specify an encoding such as \usepackage [latin1]{inputenc}
in the document preamble.
Alternatively, save the file in UTF-8 using your editor or another tool


../matlab/visualization/myAnimate.m:92: LaTeX Error: Invalid UTF-8 byte "83.

See the LaTeX manual or LaTeX Companion for explanation.
Type  H <return>  for immediate help.
 ...                                              
                                                  
l.92 %   3. Se extraen  σ_max = sv(1)  y  σ_min 
                                                  = sv(end).
The document does not appear to be in UTF-8 encoding.
Try adding \UseRawInputEncoding as the first line of the file
or specify an encoding such as \usepackage [latin1]{inputenc}
in the document preamble.
Alternatively, save the file in UTF-8 using your editor or another tool

[79]

../matlab/visualization/myAnimate.m:93: LaTeX Error: Invalid UTF-8 byte sequence (�\lst@FillFixed@).

See the LaTeX manual or LaTeX Companion for explanation.
Type  H <return>  for immediate help.
 ...                                              
                                                  
l.93 %   4. κ(
               J) = σ_max / σ_min  (número de condición en la norma 2).
The document does not appear to be in UTF-8 encoding.
Try adding \UseRawInputEncoding as the first line of the file
or specify an encoding such as \usepackage [latin1]{inputenc}
in the document preamble.
Alternatively, save the file in UTF-8 using your editor or another tool


../matlab/visualization/myAnimate.m:93: LaTeX Error: Invalid UTF-8 byte "BA.

See the LaTeX manual or LaTeX Companion for explanation.
Type  H <return>  for immediate help.
 ...                                              
                                                  
l.93 %   4. κ(
               J) = σ_max / σ_min  (número de condición en la norma 2).
The document does not appear to be in UTF-8 encoding.
Try adding \UseRawInputEncoding as the first line of the file
or specify an encoding such as \usepackage [latin1]{inputenc}
in the document preamble.
Alternatively, save the file in UTF-8 using your editor or another tool


../matlab/visualization/myAnimate.m:93: LaTeX Error: Invalid UTF-8 byte sequence (�\lst@FillFixed@).

See the LaTeX manual or LaTeX Companion for explanation.
Type  H <return>  for immediate help.
 ...                                              
                                                  
l.93 %   4. κ(J) = σ_max 
                           / σ_min  (número de condición en la norma 2).
The document does not appear to be in UTF-8 encoding.
Try adding \UseRawInputEncoding as the first line of the file
or specify an encoding such as \usepackage [latin1]{inputenc}
in the document preamble.
Alternatively, save the file in UTF-8 using your editor or another tool


../matlab/visualization/myAnimate.m:93: LaTeX Error: Invalid UTF-8 byte "83.

See the LaTeX manual or LaTeX Companion for explanation.
Type  H <return>  for immediate help.
 ...                                              
                                                  
l.93 %   4. κ(J) = σ_max 
                           / σ_min  (número de condición en la norma 2).
The document does not appear to be in UTF-8 encoding.
Try adding \UseRawInputEncoding as the first line of the file
or specify an encoding such as \usepackage [latin1]{inputenc}
in the document preamble.
Alternatively, save the file in UTF-8 using your editor or another tool


../matlab/visualization/myAnimate.m:93: LaTeX Error: Invalid UTF-8 byte sequence (�\lst@FillFixed@).

See the LaTeX manual or LaTeX Companion for explanation.
Type  H <return>  for immediate help.
 ...                                              
                                                  
l.93 %   4. κ(J) = σ_max / σ_min 
                                     (número de condición en la norma 2).
The document does not appear to be in UTF-8 encoding.
Try adding \UseRawInputEncoding as the first line of the file
or specify an encoding such as \usepackage [latin1]{inputenc}
in the document preamble.
Alternatively, save the file in UTF-8 using your editor or another tool


../matlab/visualization/myAnimate.m:93: LaTeX Error: Invalid UTF-8 byte "83.

See the LaTeX manual or LaTeX Companion for explanation.
Type  H <return>  for immediate help.
 ...                                              
                                                  
l.93 %   4. κ(J) = σ_max / σ_min 
                                     (número de condición en la norma 2).
The document does not appear to be in UTF-8 encoding.
Try adding \UseRawInputEncoding as the first line of the file
or specify an encoding such as \usepackage [latin1]{inputenc}
in the document preamble.
Alternatively, save the file in UTF-8 using your editor or another tool


../matlab/visualization/myAnimate.m:93: LaTeX Error: Invalid UTF-8 byte sequence (�\expandafter).

See the LaTeX manual or LaTeX Companion for explanation.
Type  H <return>  for immediate help.
 ...                                              
                                                  
l.93 %   4. κ(J) = σ_max / σ_min  (número 
                                              de condición en la norma 2).
The document does not appear to be in UTF-8 encoding.
Try adding \UseRawInputEncoding as the first line of the file
or specify an encoding such as \usepackage [latin1]{inputenc}
in the document preamble.
Alternatively, save the file in UTF-8 using your editor or another tool


../matlab/visualization/myAnimate.m:93: LaTeX Error: Invalid UTF-8 byte "BA.

See the LaTeX manual or LaTeX Companion for explanation.
Type  H <return>  for immediate help.
 ...                                              
                                                  
l.93 %   4. κ(J) = σ_max / σ_min  (número 
                                              de condición en la norma 2).
The document does not appear to be in UTF-8 encoding.
Try adding \UseRawInputEncoding as the first line of the file
or specify an encoding such as \usepackage [latin1]{inputenc}
in the document preamble.
Alternatively, save the file in UTF-8 using your editor or another tool


../matlab/visualization/myAnimate.m:93: LaTeX Error: Invalid UTF-8 byte sequence (�\expandafter).

See the LaTeX manual or LaTeX Companion for explanation.
Type  H <return>  for immediate help.
 ...                                              
                                                  
l.93 ...= σ_max / σ_min  (número de condición 
                                                  en la norma 2).
The document does not appear to be in UTF-8 encoding.
Try adding \UseRawInputEncoding as the first line of the file
or specify an encoding such as \usepackage [latin1]{inputenc}
in the document preamble.
Alternatively, save the file in UTF-8 using your editor or another tool


../matlab/visualization/myAnimate.m:93: LaTeX Error: Invalid UTF-8 byte "B3.

See the LaTeX manual or LaTeX Companion for explanation.
Type  H <return>  for immediate help.
 ...                                              
                                                  
l.93 ...= σ_max / σ_min  (número de condición 
                                                  en la norma 2).
The document does not appear to be in UTF-8 encoding.
Try adding \UseRawInputEncoding as the first line of the file
or specify an encoding such as \usepackage [latin1]{inputenc}
in the document preamble.
Alternatively, save the file in UTF-8 using your editor or another tool


../matlab/visualization/myAnimate.m:94: LaTeX Error: Invalid UTF-8 byte sequence (�\lst@FillFixed@).

See the LaTeX manual or LaTeX Companion for explanation.
Type  H <return>  for immediate help.
 ...                                              
                                                  
l.94 %   5. σ_min 
                   se guarda por separado como indicador directo de singular...
The document does not appear to be in UTF-8 encoding.
Try adding \UseRawInputEncoding as the first line of the file
or specify an encoding such as \usepackage [latin1]{inputenc}
in the document preamble.
Alternatively, save the file in UTF-8 using your editor or another tool


../matlab/visualization/myAnimate.m:94: LaTeX Error: Invalid UTF-8 byte "83.

See the LaTeX manual or LaTeX Companion for explanation.
Type  H <return>  for immediate help.
 ...                                              
                                                  
l.94 %   5. σ_min 
                   se guarda por separado como indicador directo de singular...
The document does not appear to be in UTF-8 encoding.
Try adding \UseRawInputEncoding as the first line of the file
or specify an encoding such as \usepackage [latin1]{inputenc}
in the document preamble.
Alternatively, save the file in UTF-8 using your editor or another tool


../matlab/visualization/myAnimate.m:98: LaTeX Error: Invalid UTF-8 byte sequence (�\lst@FillFixed@\lst@EC�).

See the LaTeX manual or LaTeX Companion for explanation.
Type  H <return>  for immediate help.
 ...                                              
                                                  
l.98 ...         = R.jacob0(q_sub(i,:));  % J ∈ 
                                                  ℝ^{6×6}
The document does not appear to be in UTF-8 encoding.
Try adding \UseRawInputEncoding as the first line of the file
or specify an encoding such as \usepackage [latin1]{inputenc}
in the document preamble.
Alternatively, save the file in UTF-8 using your editor or another tool


../matlab/visualization/myAnimate.m:98: LaTeX Error: Invalid UTF-8 byte "88.

See the LaTeX manual or LaTeX Companion for explanation.
Type  H <return>  for immediate help.
 ...                                              
                                                  
l.98 ...         = R.jacob0(q_sub(i,:));  % J ∈ 
                                                  ℝ^{6×6}
The document does not appear to be in UTF-8 encoding.
Try adding \UseRawInputEncoding as the first line of the file
or specify an encoding such as \usepackage [latin1]{inputenc}
in the document preamble.
Alternatively, save the file in UTF-8 using your editor or another tool


../matlab/visualization/myAnimate.m:98: LaTeX Error: Invalid UTF-8 byte sequence (�\lst@FillFixed@\lst@EC�).

See the LaTeX manual or LaTeX Companion for explanation.
Type  H <return>  for immediate help.
 ...                                              
                                                  
l.98 ...     = R.jacob0(q_sub(i,:));  % J ∈ ℝ^
                                                  {6×6}
The document does not appear to be in UTF-8 encoding.
Try adding \UseRawInputEncoding as the first line of the file
or specify an encoding such as \usepackage [latin1]{inputenc}
in the document preamble.
Alternatively, save the file in UTF-8 using your editor or another tool


../matlab/visualization/myAnimate.m:98: LaTeX Error: Invalid UTF-8 byte "9D.

See the LaTeX manual or LaTeX Companion for explanation.
Type  H <return>  for immediate help.
 ...                                              
                                                  
l.98 ...     = R.jacob0(q_sub(i,:));  % J ∈ ℝ^
                                                  {6×6}
The document does not appear to be in UTF-8 encoding.
Try adding \UseRawInputEncoding as the first line of the file
or specify an encoding such as \usepackage [latin1]{inputenc}
in the document preamble.
Alternatively, save the file in UTF-8 using your editor or another tool


../matlab/visualization/myAnimate.m:98: LaTeX Error: Invalid UTF-8 byte sequence (�\lst@FillFixed@).

See the LaTeX manual or LaTeX Companion for explanation.
Type  H <return>  for immediate help.
 ...                                              
                                                  
l.98 ... R.jacob0(q_sub(i,:));  % J ∈ ℝ^{6×6}
                                                  
The document does not appear to be in UTF-8 encoding.
Try adding \UseRawInputEncoding as the first line of the file
or specify an encoding such as \usepackage [latin1]{inputenc}
in the document preamble.
Alternatively, save the file in UTF-8 using your editor or another tool


../matlab/visualization/myAnimate.m:98: LaTeX Error: Invalid UTF-8 byte "97.

See the LaTeX manual or LaTeX Companion for explanation.
Type  H <return>  for immediate help.
 ...                                              
                                                  
l.98 ... R.jacob0(q_sub(i,:));  % J ∈ ℝ^{6×6}
                                                  
The document does not appear to be in UTF-8 encoding.
Try adding \UseRawInputEncoding as the first line of the file
or specify an encoding such as \usepackage [latin1]{inputenc}
in the document preamble.
Alternatively, save the file in UTF-8 using your editor or another tool


../matlab/visualization/myAnimate.m:99: LaTeX Error: Invalid UTF-8 byte sequence (�\lst@FillFixed@).

See the LaTeX manual or LaTeX Companion for explanation.
Type  H <return>  for immediate help.
 ...                                              
                                                  
l.99 ...          % sv ordenado descendente: σ_1 
                                                  ≥ … ≥ σ_6
The document does not appear to be in UTF-8 encoding.
Try adding \UseRawInputEncoding as the first line of the file
or specify an encoding such as \usepackage [latin1]{inputenc}
in the document preamble.
Alternatively, save the file in UTF-8 using your editor or another tool


../matlab/visualization/myAnimate.m:99: LaTeX Error: Invalid UTF-8 byte "83.

See the LaTeX manual or LaTeX Companion for explanation.
Type  H <return>  for immediate help.
 ...                                              
                                                  
l.99 ...          % sv ordenado descendente: σ_1 
                                                  ≥ … ≥ σ_6
The document does not appear to be in UTF-8 encoding.
Try adding \UseRawInputEncoding as the first line of the file
or specify an encoding such as \usepackage [latin1]{inputenc}
in the document preamble.
Alternatively, save the file in UTF-8 using your editor or another tool


../matlab/visualization/myAnimate.m:99: LaTeX Error: Invalid UTF-8 byte sequence (�\lst@FillFixed@\lst@EC�).

See the LaTeX manual or LaTeX Companion for explanation.
Type  H <return>  for immediate help.
 ...                                              
                                                  
l.99 ...      % sv ordenado descendente: σ_1 ≥ 
                                                  … ≥ σ_6
The document does not appear to be in UTF-8 encoding.
Try adding \UseRawInputEncoding as the first line of the file
or specify an encoding such as \usepackage [latin1]{inputenc}
in the document preamble.
Alternatively, save the file in UTF-8 using your editor or another tool


../matlab/visualization/myAnimate.m:99: LaTeX Error: Invalid UTF-8 byte "A5.

See the LaTeX manual or LaTeX Companion for explanation.
Type  H <return>  for immediate help.
 ...                                              
                                                  
l.99 ...      % sv ordenado descendente: σ_1 ≥ 
                                                  … ≥ σ_6
The document does not appear to be in UTF-8 encoding.
Try adding \UseRawInputEncoding as the first line of the file
or specify an encoding such as \usepackage [latin1]{inputenc}
in the document preamble.
Alternatively, save the file in UTF-8 using your editor or another tool


../matlab/visualization/myAnimate.m:99: LaTeX Error: Invalid UTF-8 byte sequence (�\lst@FillFixed@\lst@EC�).

See the LaTeX manual or LaTeX Companion for explanation.
Type  H <return>  for immediate help.
 ...                                              
                                                  
l.99 ...  % sv ordenado descendente: σ_1 ≥ … 
                                                  ≥ σ_6
The document does not appear to be in UTF-8 encoding.
Try adding \UseRawInputEncoding as the first line of the file
or specify an encoding such as \usepackage [latin1]{inputenc}
in the document preamble.
Alternatively, save the file in UTF-8 using your editor or another tool


../matlab/visualization/myAnimate.m:99: LaTeX Error: Invalid UTF-8 byte "A6.

See the LaTeX manual or LaTeX Companion for explanation.
Type  H <return>  for immediate help.
 ...                                              
                                                  
l.99 ...  % sv ordenado descendente: σ_1 ≥ … 
                                                  ≥ σ_6
The document does not appear to be in UTF-8 encoding.
Try adding \UseRawInputEncoding as the first line of the file
or specify an encoding such as \usepackage [latin1]{inputenc}
in the document preamble.
Alternatively, save the file in UTF-8 using your editor or another tool


../matlab/visualization/myAnimate.m:99: LaTeX Error: Invalid UTF-8 byte sequence (�\lst@FillFixed@\lst@EC�).

See the LaTeX manual or LaTeX Companion for explanation.
Type  H <return>  for immediate help.
 ...                                              
                                                  
l.99 ...sv ordenado descendente: σ_1 ≥ … ≥ 
                                                  σ_6
The document does not appear to be in UTF-8 encoding.
Try adding \UseRawInputEncoding as the first line of the file
or specify an encoding such as \usepackage [latin1]{inputenc}
in the document preamble.
Alternatively, save the file in UTF-8 using your editor or another tool


../matlab/visualization/myAnimate.m:99: LaTeX Error: Invalid UTF-8 byte "A5.

See the LaTeX manual or LaTeX Companion for explanation.
Type  H <return>  for immediate help.
 ...                                              
                                                  
l.99 ...sv ordenado descendente: σ_1 ≥ … ≥ 
                                                  σ_6
The document does not appear to be in UTF-8 encoding.
Try adding \UseRawInputEncoding as the first line of the file
or specify an encoding such as \usepackage [latin1]{inputenc}
in the document preamble.
Alternatively, save the file in UTF-8 using your editor or another tool


../matlab/visualization/myAnimate.m:99: LaTeX Error: Invalid UTF-8 byte sequence (�\lst@FillFixed@).

See the LaTeX manual or LaTeX Companion for explanation.
Type  H <return>  for immediate help.
 ...                                              
                                                  
l.99 ...rdenado descendente: σ_1 ≥ … ≥ σ_6
                                                  
The document does not appear to be in UTF-8 encoding.
Try adding \UseRawInputEncoding as the first line of the file
or specify an encoding such as \usepackage [latin1]{inputenc}
in the document preamble.
Alternatively, save the file in UTF-8 using your editor or another tool


../matlab/visualization/myAnimate.m:99: LaTeX Error: Invalid UTF-8 byte "83.

See the LaTeX manual or LaTeX Companion for explanation.
Type  H <return>  for immediate help.
 ...                                              
                                                  
l.99 ...rdenado descendente: σ_1 ≥ … ≥ σ_6
                                                  
The document does not appear to be in UTF-8 encoding.
Try adding \UseRawInputEncoding as the first line of the file
or specify an encoding such as \usepackage [latin1]{inputenc}
in the document preamble.
Alternatively, save the file in UTF-8 using your editor or another tool


../matlab/visualization/myAnimate.m:100: LaTeX Error: Invalid UTF-8 byte sequence (�\lst@FillFixed@).

See the LaTeX manual or LaTeX Companion for explanation.
Type  H <return>  for immediate help.
 ...                                              
                                                  
l.100 ...nd_vals(i)  = max(sv) / min(sv);    % κ(
                                                  J) = σ_max / σ_min
The document does not appear to be in UTF-8 encoding.
Try adding \UseRawInputEncoding as the first line of the file
or specify an encoding such as \usepackage [latin1]{inputenc}
in the document preamble.
Alternatively, save the file in UTF-8 using your editor or another tool


../matlab/visualization/myAnimate.m:100: LaTeX Error: Invalid UTF-8 byte "BA.

See the LaTeX manual or LaTeX Companion for explanation.
Type  H <return>  for immediate help.
 ...                                              
                                                  
l.100 ...nd_vals(i)  = max(sv) / min(sv);    % κ(
                                                  J) = σ_max / σ_min
The document does not appear to be in UTF-8 encoding.
Try adding \UseRawInputEncoding as the first line of the file
or specify an encoding such as \usepackage [latin1]{inputenc}
in the document preamble.
Alternatively, save the file in UTF-8 using your editor or another tool


../matlab/visualization/myAnimate.m:100: LaTeX Error: Invalid UTF-8 byte sequence (�\lst@FillFixed@).

See the LaTeX manual or LaTeX Companion for explanation.
Type  H <return>  for immediate help.
 ...                                              
                                                  
l.100 ...= max(sv) / min(sv);    % κ(J) = σ_max 
                                                  / σ_min
The document does not appear to be in UTF-8 encoding.
Try adding \UseRawInputEncoding as the first line of the file
or specify an encoding such as \usepackage [latin1]{inputenc}
in the document preamble.
Alternatively, save the file in UTF-8 using your editor or another tool


../matlab/visualization/myAnimate.m:100: LaTeX Error: Invalid UTF-8 byte "83.

See the LaTeX manual or LaTeX Companion for explanation.
Type  H <return>  for immediate help.
 ...                                              
                                                  
l.100 ...= max(sv) / min(sv);    % κ(J) = σ_max 
                                                  / σ_min
The document does not appear to be in UTF-8 encoding.
Try adding \UseRawInputEncoding as the first line of the file
or specify an encoding such as \usepackage [latin1]{inputenc}
in the document preamble.
Alternatively, save the file in UTF-8 using your editor or another tool


../matlab/visualization/myAnimate.m:100: LaTeX Error: Invalid UTF-8 byte sequence (�\lst@FillFixed@).

See the LaTeX manual or LaTeX Companion for explanation.
Type  H <return>  for immediate help.
 ...                                              
                                                  
l.100 ...) / min(sv);    % κ(J) = σ_max / σ_min
                                                  
The document does not appear to be in UTF-8 encoding.
Try adding \UseRawInputEncoding as the first line of the file
or specify an encoding such as \usepackage [latin1]{inputenc}
in the document preamble.
Alternatively, save the file in UTF-8 using your editor or another tool


../matlab/visualization/myAnimate.m:100: LaTeX Error: Invalid UTF-8 byte "83.

See the LaTeX manual or LaTeX Companion for explanation.
Type  H <return>  for immediate help.
 ...                                              
                                                  
l.100 ...) / min(sv);    % κ(J) = σ_max / σ_min
                                                  
The document does not appear to be in UTF-8 encoding.
Try adding \UseRawInputEncoding as the first line of the file
or specify an encoding such as \usepackage [latin1]{inputenc}
in the document preamble.
Alternatively, save the file in UTF-8 using your editor or another tool


../matlab/visualization/myAnimate.m:101: LaTeX Error: Invalid UTF-8 byte sequence (�\lst@FillFixed@).

See the LaTeX manual or LaTeX Companion for explanation.
Type  H <return>  for immediate help.
 ...                                              
                                                  
l.101 ...als(i)  = min(sv);              % σ_min:
                                                   proximidad a la singularidad
The document does not appear to be in UTF-8 encoding.
Try adding \UseRawInputEncoding as the first line of the file
or specify an encoding such as \usepackage [latin1]{inputenc}
in the document preamble.
Alternatively, save the file in UTF-8 using your editor or another tool


../matlab/visualization/myAnimate.m:101: LaTeX Error: Invalid UTF-8 byte "83.

See the LaTeX manual or LaTeX Companion for explanation.
Type  H <return>  for immediate help.
 ...                                              
                                                  
l.101 ...als(i)  = min(sv);              % σ_min:
                                                   proximidad a la singularidad
The document does not appear to be in UTF-8 encoding.
Try adding \UseRawInputEncoding as the first line of the file
or specify an encoding such as \usepackage [latin1]{inputenc}
in the document preamble.
Alternatively, save the file in UTF-8 using your editor or another tool


../matlab/visualization/myAnimate.m:104: LaTeX Error: Invalid UTF-8 byte sequence (�\expandafter).

See the LaTeX manual or LaTeX Companion for explanation.
Type  H <return>  for immediate help.
 ...                                              
                                                  
l.104 % Rango del eje logarítmico 
                                   del panel derecho.
The document does not appear to be in UTF-8 encoding.
Try adding \UseRawInputEncoding as the first line of the file
or specify an encoding such as \usepackage [latin1]{inputenc}
in the document preamble.
Alternatively, save the file in UTF-8 using your editor or another tool


../matlab/visualization/myAnimate.m:104: LaTeX Error: Invalid UTF-8 byte "AD.

See the LaTeX manual or LaTeX Companion for explanation.
Type  H <return>  for immediate help.
 ...                                              
                                                  
l.104 % Rango del eje logarítmico 
                                   del panel derecho.
The document does not appear to be in UTF-8 encoding.
Try adding \UseRawInputEncoding as the first line of the file
or specify an encoding such as \usepackage [latin1]{inputenc}
in the document preamble.
Alternatively, save the file in UTF-8 using your editor or another tool


../matlab/visualization/myAnimate.m:105: LaTeX Error: Invalid UTF-8 byte sequence (�\expandafter).

See the LaTeX manual or LaTeX Companion for explanation.
Type  H <return>  for immediate help.
 ...                                              
                                                  
l.105 % cond_lo = 1 (mínimo 
                             teórico: matriz perfectamente isótropa).
The document does not appear to be in UTF-8 encoding.
Try adding \UseRawInputEncoding as the first line of the file
or specify an encoding such as \usepackage [latin1]{inputenc}
in the document preamble.
Alternatively, save the file in UTF-8 using your editor or another tool


../matlab/visualization/myAnimate.m:105: LaTeX Error: Invalid UTF-8 byte "AD.

See the LaTeX manual or LaTeX Companion for explanation.
Type  H <return>  for immediate help.
 ...                                              
                                                  
l.105 % cond_lo = 1 (mínimo 
                             teórico: matriz perfectamente isótropa).
The document does not appear to be in UTF-8 encoding.
Try adding \UseRawInputEncoding as the first line of the file
or specify an encoding such as \usepackage [latin1]{inputenc}
in the document preamble.
Alternatively, save the file in UTF-8 using your editor or another tool


../matlab/visualization/myAnimate.m:105: LaTeX Error: Invalid UTF-8 byte sequence (�\expandafter).

See the LaTeX manual or LaTeX Companion for explanation.
Type  H <return>  for immediate help.
 ...                                              
                                                  
l.105 % cond_lo = 1 (mínimo teórico:
                                       matriz perfectamente isótropa).
The document does not appear to be in UTF-8 encoding.
Try adding \UseRawInputEncoding as the first line of the file
or specify an encoding such as \usepackage [latin1]{inputenc}
in the document preamble.
Alternatively, save the file in UTF-8 using your editor or another tool


../matlab/visualization/myAnimate.m:105: LaTeX Error: Invalid UTF-8 byte "B3.

See the LaTeX manual or LaTeX Companion for explanation.
Type  H <return>  for immediate help.
 ...                                              
                                                  
l.105 % cond_lo = 1 (mínimo teórico:
                                       matriz perfectamente isótropa).
The document does not appear to be in UTF-8 encoding.
Try adding \UseRawInputEncoding as the first line of the file
or specify an encoding such as \usepackage [latin1]{inputenc}
in the document preamble.
Alternatively, save the file in UTF-8 using your editor or another tool


../matlab/visualization/myAnimate.m:105: LaTeX Error: Invalid UTF-8 byte sequence (�\expandafter).

See the LaTeX manual or LaTeX Companion for explanation.
Type  H <return>  for immediate help.
 ...                                              
                                                  
l.105 ...teórico: matriz perfectamente isótropa)
                                                  .
The document does not appear to be in UTF-8 encoding.
Try adding \UseRawInputEncoding as the first line of the file
or specify an encoding such as \usepackage [latin1]{inputenc}
in the document preamble.
Alternatively, save the file in UTF-8 using your editor or another tool


../matlab/visualization/myAnimate.m:105: LaTeX Error: Invalid UTF-8 byte "B3.

See the LaTeX manual or LaTeX Companion for explanation.
Type  H <return>  for immediate help.
 ...                                              
                                                  
l.105 ...teórico: matriz perfectamente isótropa)
                                                  .
The document does not appear to be in UTF-8 encoding.
Try adding \UseRawInputEncoding as the first line of the file
or specify an encoding such as \usepackage [latin1]{inputenc}
in the document preamble.
Alternatively, save the file in UTF-8 using your editor or another tool


../matlab/visualization/myAnimate.m:106: LaTeX Error: Invalid UTF-8 byte sequence (�\expandafter).

See the LaTeX manual or LaTeX Companion for explanation.
Type  H <return>  for immediate help.
 ...                                              
                                                  
l.106 ...servado en la trayectoria, con un mínimo
                                                  
The document does not appear to be in UTF-8 encoding.
Try adding \UseRawInputEncoding as the first line of the file
or specify an encoding such as \usepackage [latin1]{inputenc}
in the document preamble.
Alternatively, save the file in UTF-8 using your editor or another tool


../matlab/visualization/myAnimate.m:106: LaTeX Error: Invalid UTF-8 byte "AD.

See the LaTeX manual or LaTeX Companion for explanation.
Type  H <return>  for immediate help.
 ...                                              
                                                  
l.106 ...servado en la trayectoria, con un mínimo
                                                  
The document does not appear to be in UTF-8 encoding.
Try adding \UseRawInputEncoding as the first line of the file
or specify an encoding such as \usepackage [latin1]{inputenc}
in the document preamble.
Alternatively, save the file in UTF-8 using your editor or another tool


../matlab/visualization/myAnimate.m:107: LaTeX Error: Invalid UTF-8 byte sequence (�\expandafter).

See the LaTeX manual or LaTeX Companion for explanation.
Type  H <return>  for immediate help.
 ...                                              
                                                  
l.107 ...la sea legible incluso si el robot está 
                                                  bien condicionado.
The document does not appear to be in UTF-8 encoding.
Try adding \UseRawInputEncoding as the first line of the file
or specify an encoding such as \usepackage [latin1]{inputenc}
in the document preamble.
Alternatively, save the file in UTF-8 using your editor or another tool


../matlab/visualization/myAnimate.m:107: LaTeX Error: Invalid UTF-8 byte "A1.

See the LaTeX manual or LaTeX Companion for explanation.
Type  H <return>  for immediate help.
 ...                                              
                                                  
l.107 ...la sea legible incluso si el robot está 
                                                  bien condicionado.
The document does not appear to be in UTF-8 encoding.
Try adding \UseRawInputEncoding as the first line of the file
or specify an encoding such as \usepackage [latin1]{inputenc}
in the document preamble.
Alternatively, save the file in UTF-8 using your editor or another tool


../matlab/visualization/myAnimate.m:111: LaTeX Error: Invalid UTF-8 byte sequence (�\expandafter).

See the LaTeX manual or LaTeX Companion for explanation.
Type  H <return>  for immediate help.
 ...                                              
                                                  
l.111 ...del cual se considera que el robot está 
                                                  en singularidad
The document does not appear to be in UTF-8 encoding.
Try adding \UseRawInputEncoding as the first line of the file
or specify an encoding such as \usepackage [latin1]{inputenc}
in the document preamble.
Alternatively, save the file in UTF-8 using your editor or another tool


../matlab/visualization/myAnimate.m:111: LaTeX Error: Invalid UTF-8 byte "A1.

See the LaTeX manual or LaTeX Companion for explanation.
Type  H <return>  for immediate help.
 ...                                              
                                                  
l.111 ...del cual se considera que el robot está 
                                                  en singularidad
The document does not appear to be in UTF-8 encoding.
Try adding \UseRawInputEncoding as the first line of the file
or specify an encoding such as \usepackage [latin1]{inputenc}
in the document preamble.
Alternatively, save the file in UTF-8 using your editor or another tool


../matlab/visualization/myAnimate.m:112: LaTeX Error: Command \textquotedbl unavailable in encoding OT1.

See the LaTeX manual or LaTeX Companion for explanation.
Type  H <return>  for immediate help.
 ...                                              
                                                  
l.112 % "p
          ráctica" (no necesariamente κ → ∞, pero numéricamente probl...
Your command was ignored.
Type  I <command> <return>  to replace it with another command,
or  <return>  to continue without it.


../matlab/visualization/myAnimate.m:112: LaTeX Error: Invalid UTF-8 byte sequence (�\expandafter).

See the LaTeX manual or LaTeX Companion for explanation.
Type  H <return>  for immediate help.
 ...                                              
                                                  
l.112 % "práctica"
                    (no necesariamente κ → ∞, pero numéricamente probl...
The document does not appear to be in UTF-8 encoding.
Try adding \UseRawInputEncoding as the first line of the file
or specify an encoding such as \usepackage [latin1]{inputenc}
in the document preamble.
Alternatively, save the file in UTF-8 using your editor or another tool


../matlab/visualization/myAnimate.m:112: LaTeX Error: Invalid UTF-8 byte "A1.

See the LaTeX manual or LaTeX Companion for explanation.
Type  H <return>  for immediate help.
 ...                                              
                                                  
l.112 % "práctica"
                    (no necesariamente κ → ∞, pero numéricamente probl...
The document does not appear to be in UTF-8 encoding.
Try adding \UseRawInputEncoding as the first line of the file
or specify an encoding such as \usepackage [latin1]{inputenc}
in the document preamble.
Alternatively, save the file in UTF-8 using your editor or another tool


../matlab/visualization/myAnimate.m:112: LaTeX Error: Command \textquotedbl unavailable in encoding OT1.

See the LaTeX manual or LaTeX Companion for explanation.
Type  H <return>  for immediate help.
 ...                                              
                                                  
l.112 % "práctica" 
                    (no necesariamente κ → ∞, pero numéricamente probl...
Your command was ignored.
Type  I <command> <return>  to replace it with another command,
or  <return>  to continue without it.


../matlab/visualization/myAnimate.m:112: LaTeX Error: Invalid UTF-8 byte sequence (�\lst@FillFixed@).

See the LaTeX manual or LaTeX Companion for explanation.
Type  H <return>  for immediate help.
 ...                                              
                                                  
l.112 % "práctica" (no necesariamente κ 
                                          → ∞, pero numéricamente probl...
The document does not appear to be in UTF-8 encoding.
Try adding \UseRawInputEncoding as the first line of the file
or specify an encoding such as \usepackage [latin1]{inputenc}
in the document preamble.
Alternatively, save the file in UTF-8 using your editor or another tool


../matlab/visualization/myAnimate.m:112: LaTeX Error: Invalid UTF-8 byte "BA.

See the LaTeX manual or LaTeX Companion for explanation.
Type  H <return>  for immediate help.
 ...                                              
                                                  
l.112 % "práctica" (no necesariamente κ 
                                          → ∞, pero numéricamente probl...
The document does not appear to be in UTF-8 encoding.
Try adding \UseRawInputEncoding as the first line of the file
or specify an encoding such as \usepackage [latin1]{inputenc}
in the document preamble.
Alternatively, save the file in UTF-8 using your editor or another tool


../matlab/visualization/myAnimate.m:112: LaTeX Error: Invalid UTF-8 byte sequence (�\lst@FillFixed@\lst@EC�).

See the LaTeX manual or LaTeX Companion for explanation.
Type  H <return>  for immediate help.
 ...                                              
                                                  
l.112 % "práctica" (no necesariamente κ → 
                                              ∞, pero numéricamente probl...
The document does not appear to be in UTF-8 encoding.
Try adding \UseRawInputEncoding as the first line of the file
or specify an encoding such as \usepackage [latin1]{inputenc}
in the document preamble.
Alternatively, save the file in UTF-8 using your editor or another tool


../matlab/visualization/myAnimate.m:112: LaTeX Error: Invalid UTF-8 byte "92.

See the LaTeX manual or LaTeX Companion for explanation.
Type  H <return>  for immediate help.
 ...                                              
                                                  
l.112 % "práctica" (no necesariamente κ → 
                                              ∞, pero numéricamente probl...
The document does not appear to be in UTF-8 encoding.
Try adding \UseRawInputEncoding as the first line of the file
or specify an encoding such as \usepackage [latin1]{inputenc}
in the document preamble.
Alternatively, save the file in UTF-8 using your editor or another tool


../matlab/visualization/myAnimate.m:112: LaTeX Error: Invalid UTF-8 byte sequence (�\lst@FillFixed@\lst@EC�).

See the LaTeX manual or LaTeX Companion for explanation.
Type  H <return>  for immediate help.
 ...                                              
                                                  
l.112 % "práctica" (no necesariamente κ → ∞,
                                                   pero numéricamente probl...
The document does not appear to be in UTF-8 encoding.
Try adding \UseRawInputEncoding as the first line of the file
or specify an encoding such as \usepackage [latin1]{inputenc}
in the document preamble.
Alternatively, save the file in UTF-8 using your editor or another tool


../matlab/visualization/myAnimate.m:112: LaTeX Error: Invalid UTF-8 byte "9E.

See the LaTeX manual or LaTeX Companion for explanation.
Type  H <return>  for immediate help.
 ...                                              
                                                  
l.112 % "práctica" (no necesariamente κ → ∞,
                                                   pero numéricamente probl...
The document does not appear to be in UTF-8 encoding.
Try adding \UseRawInputEncoding as the first line of the file
or specify an encoding such as \usepackage [latin1]{inputenc}
in the document preamble.
Alternatively, save the file in UTF-8 using your editor or another tool


../matlab/visualization/myAnimate.m:112: LaTeX Error: Invalid UTF-8 byte sequence (�\expandafter).

See the LaTeX manual or LaTeX Companion for explanation.
Type  H <return>  for immediate help.
 ...                                              
                                                  
l.112 ...riamente κ → ∞, pero numéricamente 
                                                  problemático).
The document does not appear to be in UTF-8 encoding.
Try adding \UseRawInputEncoding as the first line of the file
or specify an encoding such as \usepackage [latin1]{inputenc}
in the document preamble.
Alternatively, save the file in UTF-8 using your editor or another tool


../matlab/visualization/myAnimate.m:112: LaTeX Error: Invalid UTF-8 byte "A9.

See the LaTeX manual or LaTeX Companion for explanation.
Type  H <return>  for immediate help.
 ...                                              
                                                  
l.112 ...riamente κ → ∞, pero numéricamente 
                                                  problemático).
The document does not appear to be in UTF-8 encoding.
Try adding \UseRawInputEncoding as the first line of the file
or specify an encoding such as \usepackage [latin1]{inputenc}
in the document preamble.
Alternatively, save the file in UTF-8 using your editor or another tool


../matlab/visualization/myAnimate.m:112: LaTeX Error: Invalid UTF-8 byte sequence (�\expandafter).

See the LaTeX manual or LaTeX Companion for explanation.
Type  H <return>  for immediate help.
 ...                                              
                                                  
l.112 ...� ∞, pero numéricamente problemático)
                                                  .
The document does not appear to be in UTF-8 encoding.
Try adding \UseRawInputEncoding as the first line of the file
or specify an encoding such as \usepackage [latin1]{inputenc}
in the document preamble.
Alternatively, save the file in UTF-8 using your editor or another tool


../matlab/visualization/myAnimate.m:112: LaTeX Error: Invalid UTF-8 byte "A1.

See the LaTeX manual or LaTeX Companion for explanation.
Type  H <return>  for immediate help.
 ...                                              
                                                  
l.112 ...� ∞, pero numéricamente problemático)
                                                  .
The document does not appear to be in UTF-8 encoding.
Try adding \UseRawInputEncoding as the first line of the file
or specify an encoding such as \usepackage [latin1]{inputenc}
in the document preamble.
Alternatively, save the file in UTF-8 using your editor or another tool


../matlab/visualization/myAnimate.m:115: LaTeX Error: Invalid UTF-8 byte sequence (�\expandafter).

See the LaTeX manual or LaTeX Companion for explanation.
Type  H <return>  for immediate help.
 ...                                              
                                                  
l.115 % Parámetros 
                    del panel de articulaciones
The document does not appear to be in UTF-8 encoding.
Try adding \UseRawInputEncoding as the first line of the file
or specify an encoding such as \usepackage [latin1]{inputenc}
in the document preamble.
Alternatively, save the file in UTF-8 using your editor or another tool


../matlab/visualization/myAnimate.m:115: LaTeX Error: Invalid UTF-8 byte "A1.

See the LaTeX manual or LaTeX Companion for explanation.
Type  H <return>  for immediate help.
 ...                                              
                                                  
l.115 % Parámetros 
                    del panel de articulaciones
The document does not appear to be in UTF-8 encoding.
Try adding \UseRawInputEncoding as the first line of the file
or specify an encoding such as \usepackage [latin1]{inputenc}
in the document preamble.
Alternatively, save the file in UTF-8 using your editor or another tool


../matlab/visualization/myAnimate.m:117: LaTeX Error: Invalid UTF-8 byte sequence (�\lst@FillFixed@).

See the LaTeX manual or LaTeX Companion for explanation.
Type  H <return>  for immediate help.
 ...                                              
                                                  
l.117 qlim      = R.qlim;   % (n_joints × 
                                           2): [q_min, q_max] por fila, en rad
The document does not appear to be in UTF-8 encoding.
Try adding \UseRawInputEncoding as the first line of the file
or specify an encoding such as \usepackage [latin1]{inputenc}
in the document preamble.
Alternatively, save the file in UTF-8 using your editor or another tool


../matlab/visualization/myAnimate.m:117: LaTeX Error: Invalid UTF-8 byte "97.

See the LaTeX manual or LaTeX Companion for explanation.
Type  H <return>  for immediate help.
 ...                                              
                                                  
l.117 qlim      = R.qlim;   % (n_joints × 
                                           2): [q_min, q_max] por fila, en rad
The document does not appear to be in UTF-8 encoding.
Try adding \UseRawInputEncoding as the first line of the file
or specify an encoding such as \usepackage [latin1]{inputenc}
in the document preamble.
Alternatively, save the file in UTF-8 using your editor or another tool


../matlab/visualization/myAnimate.m:118: LaTeX Error: Invalid UTF-8 byte sequence (�\expandafter).

See the LaTeX manual or LaTeX Companion for explanation.
Type  H <return>  for immediate help.
 ...                                              
                                                  
l.118 warn_frac = 0.10;     % El 10% más 
                                          cercano a cada límite se colorea ...
The document does not appear to be in UTF-8 encoding.
Try adding \UseRawInputEncoding as the first line of the file
or specify an encoding such as \usepackage [latin1]{inputenc}
in the document preamble.
Alternatively, save the file in UTF-8 using your editor or another tool


../matlab/visualization/myAnimate.m:118: LaTeX Error: Invalid UTF-8 byte "A1.

See the LaTeX manual or LaTeX Companion for explanation.
Type  H <return>  for immediate help.
 ...                                              
                                                  
l.118 warn_frac = 0.10;     % El 10% más 
                                          cercano a cada límite se colorea ...
The document does not appear to be in UTF-8 encoding.
Try adding \UseRawInputEncoding as the first line of the file
or specify an encoding such as \usepackage [latin1]{inputenc}
in the document preamble.
Alternatively, save the file in UTF-8 using your editor or another tool


../matlab/visualization/myAnimate.m:118: LaTeX Error: Invalid UTF-8 byte sequence (�\expandafter).

See the LaTeX manual or LaTeX Companion for explanation.
Type  H <return>  for immediate help.
 ...                                              
                                                  
l.118 ...    % El 10% más cercano a cada límite 
                                                  se colorea en rojo
The document does not appear to be in UTF-8 encoding.
Try adding \UseRawInputEncoding as the first line of the file
or specify an encoding such as \usepackage [latin1]{inputenc}
in the document preamble.
Alternatively, save the file in UTF-8 using your editor or another tool


../matlab/visualization/myAnimate.m:118: LaTeX Error: Invalid UTF-8 byte "AD.

See the LaTeX manual or LaTeX Companion for explanation.
Type  H <return>  for immediate help.
 ...                                              
                                                  
l.118 ...    % El 10% más cercano a cada límite 
                                                  se colorea en rojo
The document does not appear to be in UTF-8 encoding.
Try adding \UseRawInputEncoding as the first line of the file
or specify an encoding such as \usepackage [latin1]{inputenc}
in the document preamble.
Alternatively, save the file in UTF-8 using your editor or another tool


../matlab/visualization/myAnimate.m:124: LaTeX Error: Invalid UTF-8 byte sequence (�\expandafter).

See the LaTeX manual or LaTeX Companion for explanation.
Type  H <return>  for immediate help.
 ...                                              
                                                  
l.124 ... [left bottom width height] en fracción 
                                                  de la figura.
The document does not appear to be in UTF-8 encoding.
Try adding \UseRawInputEncoding as the first line of the file
or specify an encoding such as \usepackage [latin1]{inputenc}
in the document preamble.
Alternatively, save the file in UTF-8 using your editor or another tool


../matlab/visualization/myAnimate.m:124: LaTeX Error: Invalid UTF-8 byte "B3.

See the LaTeX manual or LaTeX Companion for explanation.
Type  H <return>  for immediate help.
 ...                                              
                                                  
l.124 ... [left bottom width height] en fracción 
                                                  de la figura.
The document does not appear to be in UTF-8 encoding.
Try adding \UseRawInputEncoding as the first line of the file
or specify an encoding such as \usepackage [latin1]{inputenc}
in the document preamble.
Alternatively, save the file in UTF-8 using your editor or another tool


../matlab/visualization/myAnimate.m:136: LaTeX Error: Invalid UTF-8 byte sequence (�\expandafter).

See the LaTeX manual or LaTeX Companion for explanation.
Type  H <return>  for immediate help.
 ...                                              
                                                  
l.136 % Cada articulación 
                           j (j = 1..n_joints) se representa como una barra ...
The document does not appear to be in UTF-8 encoding.
Try adding \UseRawInputEncoding as the first line of the file
or specify an encoding such as \usepackage [latin1]{inputenc}
in the document preamble.
Alternatively, save the file in UTF-8 using your editor or another tool


../matlab/visualization/myAnimate.m:136: LaTeX Error: Invalid UTF-8 byte "B3.

See the LaTeX manual or LaTeX Companion for explanation.
Type  H <return>  for immediate help.
 ...                                              
                                                  
l.136 % Cada articulación 
                           j (j = 1..n_joints) se representa como una barra ...
The document does not appear to be in UTF-8 encoding.
Try adding \UseRawInputEncoding as the first line of the file
or specify an encoding such as \usepackage [latin1]{inputenc}
in the document preamble.
Alternatively, save the file in UTF-8 using your editor or another tool


../matlab/visualization/myAnimate.m:137: LaTeX Error: Invalid UTF-8 byte sequence (�\expandafter).

See the LaTeX manual or LaTeX Companion for explanation.
Type  H <return>  for immediate help.
 ...                                              
                                                  
l.137 ...nel va de 0 a 1: representa la posición 
                                                  normalizada
The document does not appear to be in UTF-8 encoding.
Try adding \UseRawInputEncoding as the first line of the file
or specify an encoding such as \usepackage [latin1]{inputenc}
in the document preamble.
Alternatively, save the file in UTF-8 using your editor or another tool


../matlab/visualization/myAnimate.m:137: LaTeX Error: Invalid UTF-8 byte "B3.

See the LaTeX manual or LaTeX Companion for explanation.
Type  H <return>  for immediate help.
 ...                                              
                                                  
l.137 ...nel va de 0 a 1: representa la posición 
                                                  normalizada
The document does not appear to be in UTF-8 encoding.
Try adding \UseRawInputEncoding as the first line of the file
or specify an encoding such as \usepackage [latin1]{inputenc}
in the document preamble.
Alternatively, save the file in UTF-8 using your editor or another tool


../matlab/visualization/myAnimate.m:138: LaTeX Error: Invalid UTF-8 byte sequence (�\lst@FillFixed@\lst@EC�).

See the LaTeX manual or LaTeX Companion for explanation.
Type  H <return>  for immediate help.
 ...                                              
                                                  
l.138 ...orm = (q - q_min) / (q_max - q_min)  ∈ 
                                                  [0, 1]
The document does not appear to be in UTF-8 encoding.
Try adding \UseRawInputEncoding as the first line of the file
or specify an encoding such as \usepackage [latin1]{inputenc}
in the document preamble.
Alternatively, save the file in UTF-8 using your editor or another tool


../matlab/visualization/myAnimate.m:138: LaTeX Error: Invalid UTF-8 byte "88.

See the LaTeX manual or LaTeX Companion for explanation.
Type  H <return>  for immediate help.
 ...                                              
                                                  
l.138 ...orm = (q - q_min) / (q_max - q_min)  ∈ 
                                                  [0, 1]
The document does not appear to be in UTF-8 encoding.
Try adding \UseRawInputEncoding as the first line of the file
or specify an encoding such as \usepackage [latin1]{inputenc}
in the document preamble.
Alternatively, save the file in UTF-8 using your editor or another tool

[80]

../matlab/visualization/myAnimate.m:146: LaTeX Error: Invalid UTF-8 byte sequence (�\expandafter).

See the LaTeX manual or LaTeX Companion for explanation.
Type  H <return>  for immediate help.
 ...                                              
                                                  
l.146 ...el', {'min','','max'}, ...   % 0=mínimo 
                                                  articular, 1=máximo artic...
The document does not appear to be in UTF-8 encoding.
Try adding \UseRawInputEncoding as the first line of the file
or specify an encoding such as \usepackage [latin1]{inputenc}
in the document preamble.
Alternatively, save the file in UTF-8 using your editor or another tool


../matlab/visualization/myAnimate.m:146: LaTeX Error: Invalid UTF-8 byte "AD.

See the LaTeX manual or LaTeX Companion for explanation.
Type  H <return>  for immediate help.
 ...                                              
                                                  
l.146 ...el', {'min','','max'}, ...   % 0=mínimo 
                                                  articular, 1=máximo artic...
The document does not appear to be in UTF-8 encoding.
Try adding \UseRawInputEncoding as the first line of the file
or specify an encoding such as \usepackage [latin1]{inputenc}
in the document preamble.
Alternatively, save the file in UTF-8 using your editor or another tool


../matlab/visualization/myAnimate.m:146: LaTeX Error: Invalid UTF-8 byte sequence (�\expandafter).

See the LaTeX manual or LaTeX Companion for explanation.
Type  H <return>  for immediate help.
 ...                                              
                                                  
l.146 ..., ...   % 0=mínimo articular, 1=máximo 
                                                  articular
The document does not appear to be in UTF-8 encoding.
Try adding \UseRawInputEncoding as the first line of the file
or specify an encoding such as \usepackage [latin1]{inputenc}
in the document preamble.
Alternatively, save the file in UTF-8 using your editor or another tool


../matlab/visualization/myAnimate.m:146: LaTeX Error: Invalid UTF-8 byte "A1.

See the LaTeX manual or LaTeX Companion for explanation.
Type  H <return>  for immediate help.
 ...                                              
                                                  
l.146 ..., ...   % 0=mínimo articular, 1=máximo 
                                                  articular
The document does not appear to be in UTF-8 encoding.
Try adding \UseRawInputEncoding as the first line of the file
or specify an encoding such as \usepackage [latin1]{inputenc}
in the document preamble.
Alternatively, save the file in UTF-8 using your editor or another tool


../matlab/visualization/myAnimate.m:154: LaTeX Error: Invalid UTF-8 byte sequence (�\expandafter).

See the LaTeX manual or LaTeX Companion for explanation.
Type  H <return>  for immediate help.
 ...                                              
                                                  
l.154 ...kers(j): handle al marcador de posición 
                                                  de la articulación j.
The document does not appear to be in UTF-8 encoding.
Try adding \UseRawInputEncoding as the first line of the file
or specify an encoding such as \usepackage [latin1]{inputenc}
in the document preamble.
Alternatively, save the file in UTF-8 using your editor or another tool


../matlab/visualization/myAnimate.m:154: LaTeX Error: Invalid UTF-8 byte "B3.

See the LaTeX manual or LaTeX Companion for explanation.
Type  H <return>  for immediate help.
 ...                                              
                                                  
l.154 ...kers(j): handle al marcador de posición 
                                                  de la articulación j.
The document does not appear to be in UTF-8 encoding.
Try adding \UseRawInputEncoding as the first line of the file
or specify an encoding such as \usepackage [latin1]{inputenc}
in the document preamble.
Alternatively, save the file in UTF-8 using your editor or another tool


../matlab/visualization/myAnimate.m:154: LaTeX Error: Invalid UTF-8 byte sequence (�\expandafter).

See the LaTeX manual or LaTeX Companion for explanation.
Type  H <return>  for immediate help.
 ...                                              
                                                  
l.154 ...arcador de posición de la articulación 
                                                  j.
The document does not appear to be in UTF-8 encoding.
Try adding \UseRawInputEncoding as the first line of the file
or specify an encoding such as \usepackage [latin1]{inputenc}
in the document preamble.
Alternatively, save the file in UTF-8 using your editor or another tool


../matlab/visualization/myAnimate.m:154: LaTeX Error: Invalid UTF-8 byte "B3.

See the LaTeX manual or LaTeX Companion for explanation.
Type  H <return>  for immediate help.
 ...                                              
                                                  
l.154 ...arcador de posición de la articulación 
                                                  j.
The document does not appear to be in UTF-8 encoding.
Try adding \UseRawInputEncoding as the first line of the file
or specify an encoding such as \usepackage [latin1]{inputenc}
in the document preamble.
Alternatively, save the file in UTF-8 using your editor or another tool


../matlab/visualization/myAnimate.m:155: LaTeX Error: Invalid UTF-8 byte sequence (�\expandafter).

See the LaTeX manual or LaTeX Companion for explanation.
Type  H <return>  for immediate help.
 ...                                              
                                                  
l.155 ...iza en cada frame del loop de animación.
                                                  
The document does not appear to be in UTF-8 encoding.
Try adding \UseRawInputEncoding as the first line of the file
or specify an encoding such as \usepackage [latin1]{inputenc}
in the document preamble.
Alternatively, save the file in UTF-8 using your editor or another tool


../matlab/visualization/myAnimate.m:155: LaTeX Error: Invalid UTF-8 byte "B3.

See the LaTeX manual or LaTeX Companion for explanation.
Type  H <return>  for immediate help.
 ...                                              
                                                  
l.155 ...iza en cada frame del loop de animación.
                                                  
The document does not appear to be in UTF-8 encoding.
Try adding \UseRawInputEncoding as the first line of the file
or specify an encoding such as \usepackage [latin1]{inputenc}
in the document preamble.
Alternatively, save the file in UTF-8 using your editor or another tool


../matlab/visualization/myAnimate.m:159: LaTeX Error: Invalid UTF-8 byte sequence (�\expandafter).

See the LaTeX manual or LaTeX Companion for explanation.
Type  H <return>  for immediate help.
 ...                                              
                                                  
l.159 ...rticales de la barra de la articulación 
                                                  j
The document does not appear to be in UTF-8 encoding.
Try adding \UseRawInputEncoding as the first line of the file
or specify an encoding such as \usepackage [latin1]{inputenc}
in the document preamble.
Alternatively, save the file in UTF-8 using your editor or another tool


../matlab/visualization/myAnimate.m:159: LaTeX Error: Invalid UTF-8 byte "B3.

See the LaTeX manual or LaTeX Companion for explanation.
Type  H <return>  for immediate help.
 ...                                              
                                                  
l.159 ...rticales de la barra de la articulación 
                                                  j
The document does not appear to be in UTF-8 encoding.
Try adding \UseRawInputEncoding as the first line of the file
or specify an encoding such as \usepackage [latin1]{inputenc}
in the document preamble.
Alternatively, save the file in UTF-8 using your editor or another tool


../matlab/visualization/myAnimate.m:164: LaTeX Error: Invalid UTF-8 byte sequence (�\expandafter).

See the LaTeX manual or LaTeX Companion for explanation.
Type  H <return>  for immediate help.
 ...                                              
                                                  
l.164     % Posición 
                      inicial normalizada de la articulación j
The document does not appear to be in UTF-8 encoding.
Try adding \UseRawInputEncoding as the first line of the file
or specify an encoding such as \usepackage [latin1]{inputenc}
in the document preamble.
Alternatively, save the file in UTF-8 using your editor or another tool


../matlab/visualization/myAnimate.m:164: LaTeX Error: Invalid UTF-8 byte "B3.

See the LaTeX manual or LaTeX Companion for explanation.
Type  H <return>  for immediate help.
 ...                                              
                                                  
l.164     % Posición 
                      inicial normalizada de la articulación j
The document does not appear to be in UTF-8 encoding.
Try adding \UseRawInputEncoding as the first line of the file
or specify an encoding such as \usepackage [latin1]{inputenc}
in the document preamble.
Alternatively, save the file in UTF-8 using your editor or another tool


../matlab/visualization/myAnimate.m:164: LaTeX Error: Invalid UTF-8 byte sequence (�\expandafter).

See the LaTeX manual or LaTeX Companion for explanation.
Type  H <return>  for immediate help.
 ...                                              
                                                  
l.164 ... inicial normalizada de la articulación 
                                                  j
The document does not appear to be in UTF-8 encoding.
Try adding \UseRawInputEncoding as the first line of the file
or specify an encoding such as \usepackage [latin1]{inputenc}
in the document preamble.
Alternatively, save the file in UTF-8 using your editor or another tool


../matlab/visualization/myAnimate.m:164: LaTeX Error: Invalid UTF-8 byte "B3.

See the LaTeX manual or LaTeX Companion for explanation.
Type  H <return>  for immediate help.
 ...                                              
                                                  
l.164 ... inicial normalizada de la articulación 
                                                  j
The document does not appear to be in UTF-8 encoding.
Try adding \UseRawInputEncoding as the first line of the file
or specify an encoding such as \usepackage [latin1]{inputenc}
in the document preamble.
Alternatively, save the file in UTF-8 using your editor or another tool


../matlab/visualization/myAnimate.m:167: LaTeX Error: Invalid UTF-8 byte sequence (�\lst@FillFixed@\lst@EC�).

See the LaTeX manual or LaTeX Companion for explanation.
Type  H <return>  for immediate help.
 ...                                              
                                                  
l.167 ...roja en el extremo izquierdo: q_norm ∈ 
                                                  [0, warn_frac]
The document does not appear to be in UTF-8 encoding.
Try adding \UseRawInputEncoding as the first line of the file
or specify an encoding such as \usepackage [latin1]{inputenc}
in the document preamble.
Alternatively, save the file in UTF-8 using your editor or another tool


../matlab/visualization/myAnimate.m:167: LaTeX Error: Invalid UTF-8 byte "88.

See the LaTeX manual or LaTeX Companion for explanation.
Type  H <return>  for immediate help.
 ...                                              
                                                  
l.167 ...roja en el extremo izquierdo: q_norm ∈ 
                                                  [0, warn_frac]
The document does not appear to be in UTF-8 encoding.
Try adding \UseRawInputEncoding as the first line of the file
or specify an encoding such as \usepackage [latin1]{inputenc}
in the document preamble.
Alternatively, save the file in UTF-8 using your editor or another tool


../matlab/visualization/myAnimate.m:168: LaTeX Error: Invalid UTF-8 byte sequence (�\expandafter).

See the LaTeX manual or LaTeX Companion for explanation.
Type  H <return>  for immediate help.
 ...                                              
                                                  
l.168     % Indica que la articulación 
                                        está cerca de su límite mínimo.
The document does not appear to be in UTF-8 encoding.
Try adding \UseRawInputEncoding as the first line of the file
or specify an encoding such as \usepackage [latin1]{inputenc}
in the document preamble.
Alternatively, save the file in UTF-8 using your editor or another tool


../matlab/visualization/myAnimate.m:168: LaTeX Error: Invalid UTF-8 byte "B3.

See the LaTeX manual or LaTeX Companion for explanation.
Type  H <return>  for immediate help.
 ...                                              
                                                  
l.168     % Indica que la articulación 
                                        está cerca de su límite mínimo.
The document does not appear to be in UTF-8 encoding.
Try adding \UseRawInputEncoding as the first line of the file
or specify an encoding such as \usepackage [latin1]{inputenc}
in the document preamble.
Alternatively, save the file in UTF-8 using your editor or another tool


../matlab/visualization/myAnimate.m:168: LaTeX Error: Invalid UTF-8 byte sequence (�\expandafter).

See the LaTeX manual or LaTeX Companion for explanation.
Type  H <return>  for immediate help.
 ...                                              
                                                  
l.168     % Indica que la articulación está 
                                              cerca de su límite mínimo.
The document does not appear to be in UTF-8 encoding.
Try adding \UseRawInputEncoding as the first line of the file
or specify an encoding such as \usepackage [latin1]{inputenc}
in the document preamble.
Alternatively, save the file in UTF-8 using your editor or another tool


../matlab/visualization/myAnimate.m:168: LaTeX Error: Invalid UTF-8 byte "A1.

See the LaTeX manual or LaTeX Companion for explanation.
Type  H <return>  for immediate help.
 ...                                              
                                                  
l.168     % Indica que la articulación está 
                                              cerca de su límite mínimo.
The document does not appear to be in UTF-8 encoding.
Try adding \UseRawInputEncoding as the first line of the file
or specify an encoding such as \usepackage [latin1]{inputenc}
in the document preamble.
Alternatively, save the file in UTF-8 using your editor or another tool


../matlab/visualization/myAnimate.m:168: LaTeX Error: Invalid UTF-8 byte sequence (�\expandafter).

See the LaTeX manual or LaTeX Companion for explanation.
Type  H <return>  for immediate help.
 ...                                              
                                                  
l.168 ... articulación está cerca de su límite 
                                                  mínimo.
The document does not appear to be in UTF-8 encoding.
Try adding \UseRawInputEncoding as the first line of the file
or specify an encoding such as \usepackage [latin1]{inputenc}
in the document preamble.
Alternatively, save the file in UTF-8 using your editor or another tool


../matlab/visualization/myAnimate.m:168: LaTeX Error: Invalid UTF-8 byte "AD.

See the LaTeX manual or LaTeX Companion for explanation.
Type  H <return>  for immediate help.
 ...                                              
                                                  
l.168 ... articulación está cerca de su límite 
                                                  mínimo.
The document does not appear to be in UTF-8 encoding.
Try adding \UseRawInputEncoding as the first line of the file
or specify an encoding such as \usepackage [latin1]{inputenc}
in the document preamble.
Alternatively, save the file in UTF-8 using your editor or another tool


../matlab/visualization/myAnimate.m:168: LaTeX Error: Invalid UTF-8 byte sequence (�\expandafter).

See the LaTeX manual or LaTeX Companion for explanation.
Type  H <return>  for immediate help.
 ...                                              
                                                  
l.168 ...ación está cerca de su límite mínimo.
                                                  
The document does not appear to be in UTF-8 encoding.
Try adding \UseRawInputEncoding as the first line of the file
or specify an encoding such as \usepackage [latin1]{inputenc}
in the document preamble.
Alternatively, save the file in UTF-8 using your editor or another tool


../matlab/visualization/myAnimate.m:168: LaTeX Error: Invalid UTF-8 byte "AD.

See the LaTeX manual or LaTeX Companion for explanation.
Type  H <return>  for immediate help.
 ...                                              
                                                  
l.168 ...ación está cerca de su límite mínimo.
                                                  
The document does not appear to be in UTF-8 encoding.
Try adding \UseRawInputEncoding as the first line of the file
or specify an encoding such as \usepackage [latin1]{inputenc}
in the document preamble.
Alternatively, save the file in UTF-8 using your editor or another tool


../matlab/visualization/myAnimate.m:172: LaTeX Error: Invalid UTF-8 byte sequence (�\lst@FillFixed@\lst@EC�).

See the LaTeX manual or LaTeX Companion for explanation.
Type  H <return>  for immediate help.
 ...                                              
                                                  
l.172 ...a roja en el extremo derecho: q_norm ∈ 
                                                  [1-warn_frac, 1]
The document does not appear to be in UTF-8 encoding.
Try adding \UseRawInputEncoding as the first line of the file
or specify an encoding such as \usepackage [latin1]{inputenc}
in the document preamble.
Alternatively, save the file in UTF-8 using your editor or another tool


../matlab/visualization/myAnimate.m:172: LaTeX Error: Invalid UTF-8 byte "88.

See the LaTeX manual or LaTeX Companion for explanation.
Type  H <return>  for immediate help.
 ...                                              
                                                  
l.172 ...a roja en el extremo derecho: q_norm ∈ 
                                                  [1-warn_frac, 1]
The document does not appear to be in UTF-8 encoding.
Try adding \UseRawInputEncoding as the first line of the file
or specify an encoding such as \usepackage [latin1]{inputenc}
in the document preamble.
Alternatively, save the file in UTF-8 using your editor or another tool


../matlab/visualization/myAnimate.m:173: LaTeX Error: Invalid UTF-8 byte sequence (�\expandafter).

See the LaTeX manual or LaTeX Companion for explanation.
Type  H <return>  for immediate help.
 ...                                              
                                                  
l.173     % Indica que la articulación 
                                        está cerca de su límite máximo.
The document does not appear to be in UTF-8 encoding.
Try adding \UseRawInputEncoding as the first line of the file
or specify an encoding such as \usepackage [latin1]{inputenc}
in the document preamble.
Alternatively, save the file in UTF-8 using your editor or another tool


../matlab/visualization/myAnimate.m:173: LaTeX Error: Invalid UTF-8 byte "B3.

See the LaTeX manual or LaTeX Companion for explanation.
Type  H <return>  for immediate help.
 ...                                              
                                                  
l.173     % Indica que la articulación 
                                        está cerca de su límite máximo.
The document does not appear to be in UTF-8 encoding.
Try adding \UseRawInputEncoding as the first line of the file
or specify an encoding such as \usepackage [latin1]{inputenc}
in the document preamble.
Alternatively, save the file in UTF-8 using your editor or another tool


../matlab/visualization/myAnimate.m:173: LaTeX Error: Invalid UTF-8 byte sequence (�\expandafter).

See the LaTeX manual or LaTeX Companion for explanation.
Type  H <return>  for immediate help.
 ...                                              
                                                  
l.173     % Indica que la articulación está 
                                              cerca de su límite máximo.
The document does not appear to be in UTF-8 encoding.
Try adding \UseRawInputEncoding as the first line of the file
or specify an encoding such as \usepackage [latin1]{inputenc}
in the document preamble.
Alternatively, save the file in UTF-8 using your editor or another tool


../matlab/visualization/myAnimate.m:173: LaTeX Error: Invalid UTF-8 byte "A1.

See the LaTeX manual or LaTeX Companion for explanation.
Type  H <return>  for immediate help.
 ...                                              
                                                  
l.173     % Indica que la articulación está 
                                              cerca de su límite máximo.
The document does not appear to be in UTF-8 encoding.
Try adding \UseRawInputEncoding as the first line of the file
or specify an encoding such as \usepackage [latin1]{inputenc}
in the document preamble.
Alternatively, save the file in UTF-8 using your editor or another tool


../matlab/visualization/myAnimate.m:173: LaTeX Error: Invalid UTF-8 byte sequence (�\expandafter).

See the LaTeX manual or LaTeX Companion for explanation.
Type  H <return>  for immediate help.
 ...                                              
                                                  
l.173 ... articulación está cerca de su límite 
                                                  máximo.
The document does not appear to be in UTF-8 encoding.
Try adding \UseRawInputEncoding as the first line of the file
or specify an encoding such as \usepackage [latin1]{inputenc}
in the document preamble.
Alternatively, save the file in UTF-8 using your editor or another tool


../matlab/visualization/myAnimate.m:173: LaTeX Error: Invalid UTF-8 byte "AD.

See the LaTeX manual or LaTeX Companion for explanation.
Type  H <return>  for immediate help.
 ...                                              
                                                  
l.173 ... articulación está cerca de su límite 
                                                  máximo.
The document does not appear to be in UTF-8 encoding.
Try adding \UseRawInputEncoding as the first line of the file
or specify an encoding such as \usepackage [latin1]{inputenc}
in the document preamble.
Alternatively, save the file in UTF-8 using your editor or another tool


../matlab/visualization/myAnimate.m:173: LaTeX Error: Invalid UTF-8 byte sequence (�\expandafter).

See the LaTeX manual or LaTeX Companion for explanation.
Type  H <return>  for immediate help.
 ...                                              
                                                  
l.173 ...ación está cerca de su límite máximo.
                                                  
The document does not appear to be in UTF-8 encoding.
Try adding \UseRawInputEncoding as the first line of the file
or specify an encoding such as \usepackage [latin1]{inputenc}
in the document preamble.
Alternatively, save the file in UTF-8 using your editor or another tool


../matlab/visualization/myAnimate.m:173: LaTeX Error: Invalid UTF-8 byte "A1.

See the LaTeX manual or LaTeX Companion for explanation.
Type  H <return>  for immediate help.
 ...                                              
                                                  
l.173 ...ación está cerca de su límite máximo.
                                                  
The document does not appear to be in UTF-8 encoding.
Try adding \UseRawInputEncoding as the first line of the file
or specify an encoding such as \usepackage [latin1]{inputenc}
in the document preamble.
Alternatively, save the file in UTF-8 using your editor or another tool


../matlab/visualization/myAnimate.m:177: LaTeX Error: Invalid UTF-8 byte sequence (�\expandafter).

See the LaTeX manual or LaTeX Companion for explanation.
Type  H <return>  for immediate help.
 ...                                              
                                                  
l.177     % Track de fondo: rectángulo 
                                        gris que ocupa todo el rango [0,1]
The document does not appear to be in UTF-8 encoding.
Try adding \UseRawInputEncoding as the first line of the file
or specify an encoding such as \usepackage [latin1]{inputenc}
in the document preamble.
Alternatively, save the file in UTF-8 using your editor or another tool


../matlab/visualization/myAnimate.m:177: LaTeX Error: Invalid UTF-8 byte "A1.

See the LaTeX manual or LaTeX Companion for explanation.
Type  H <return>  for immediate help.
 ...                                              
                                                  
l.177     % Track de fondo: rectángulo 
                                        gris que ocupa todo el rango [0,1]
The document does not appear to be in UTF-8 encoding.
Try adding \UseRawInputEncoding as the first line of the file
or specify an encoding such as \usepackage [latin1]{inputenc}
in the document preamble.
Alternatively, save the file in UTF-8 using your editor or another tool


../matlab/visualization/myAnimate.m:181: LaTeX Error: Invalid UTF-8 byte sequence (�\expandafter).

See the LaTeX manual or LaTeX Companion for explanation.
Type  H <return>  for immediate help.
 ...                                              
                                                  
l.181     % Línea 
                   vertical en q_norm = 0.5: posición media del rango artic...
The document does not appear to be in UTF-8 encoding.
Try adding \UseRawInputEncoding as the first line of the file
or specify an encoding such as \usepackage [latin1]{inputenc}
in the document preamble.
Alternatively, save the file in UTF-8 using your editor or another tool


../matlab/visualization/myAnimate.m:181: LaTeX Error: Invalid UTF-8 byte "AD.

See the LaTeX manual or LaTeX Companion for explanation.
Type  H <return>  for immediate help.
 ...                                              
                                                  
l.181     % Línea 
                   vertical en q_norm = 0.5: posición media del rango artic...
The document does not appear to be in UTF-8 encoding.
Try adding \UseRawInputEncoding as the first line of the file
or specify an encoding such as \usepackage [latin1]{inputenc}
in the document preamble.
Alternatively, save the file in UTF-8 using your editor or another tool


../matlab/visualization/myAnimate.m:181: LaTeX Error: Invalid UTF-8 byte sequence (�\expandafter).

See the LaTeX manual or LaTeX Companion for explanation.
Type  H <return>  for immediate help.
 ...                                              
                                                  
l.181 ...�nea vertical en q_norm = 0.5: posición 
                                                  media del rango articular.
The document does not appear to be in UTF-8 encoding.
Try adding \UseRawInputEncoding as the first line of the file
or specify an encoding such as \usepackage [latin1]{inputenc}
in the document preamble.
Alternatively, save the file in UTF-8 using your editor or another tool


../matlab/visualization/myAnimate.m:181: LaTeX Error: Invalid UTF-8 byte "B3.

See the LaTeX manual or LaTeX Companion for explanation.
Type  H <return>  for immediate help.
 ...                                              
                                                  
l.181 ...�nea vertical en q_norm = 0.5: posición 
                                                  media del rango articular.
The document does not appear to be in UTF-8 encoding.
Try adding \UseRawInputEncoding as the first line of the file
or specify an encoding such as \usepackage [latin1]{inputenc}
in the document preamble.
Alternatively, save the file in UTF-8 using your editor or another tool


../matlab/visualization/myAnimate.m:182: LaTeX Error: Invalid UTF-8 byte sequence (�\expandafter).

See the LaTeX manual or LaTeX Companion for explanation.
Type  H <return>  for immediate help.
 ...                                              
                                                  
l.182 ...ia visual para saber si la articulación 
                                                  está centrada.
The document does not appear to be in UTF-8 encoding.
Try adding \UseRawInputEncoding as the first line of the file
or specify an encoding such as \usepackage [latin1]{inputenc}
in the document preamble.
Alternatively, save the file in UTF-8 using your editor or another tool


../matlab/visualization/myAnimate.m:182: LaTeX Error: Invalid UTF-8 byte "B3.

See the LaTeX manual or LaTeX Companion for explanation.
Type  H <return>  for immediate help.
 ...                                              
                                                  
l.182 ...ia visual para saber si la articulación 
                                                  está centrada.
The document does not appear to be in UTF-8 encoding.
Try adding \UseRawInputEncoding as the first line of the file
or specify an encoding such as \usepackage [latin1]{inputenc}
in the document preamble.
Alternatively, save the file in UTF-8 using your editor or another tool


../matlab/visualization/myAnimate.m:182: LaTeX Error: Invalid UTF-8 byte sequence (�\expandafter).

See the LaTeX manual or LaTeX Companion for explanation.
Type  H <return>  for immediate help.
 ...                                              
                                                  
l.182 ...ual para saber si la articulación está 
                                                  centrada.
The document does not appear to be in UTF-8 encoding.
Try adding \UseRawInputEncoding as the first line of the file
or specify an encoding such as \usepackage [latin1]{inputenc}
in the document preamble.
Alternatively, save the file in UTF-8 using your editor or another tool


../matlab/visualization/myAnimate.m:182: LaTeX Error: Invalid UTF-8 byte "A1.

See the LaTeX manual or LaTeX Companion for explanation.
Type  H <return>  for immediate help.
 ...                                              
                                                  
l.182 ...ual para saber si la articulación está 
                                                  centrada.
The document does not appear to be in UTF-8 encoding.
Try adding \UseRawInputEncoding as the first line of the file
or specify an encoding such as \usepackage [latin1]{inputenc}
in the document preamble.
Alternatively, save the file in UTF-8 using your editor or another tool


../matlab/visualization/myAnimate.m:186: LaTeX Error: Invalid UTF-8 byte sequence (�\expandafter).

See the LaTeX manual or LaTeX Companion for explanation.
Type  H <return>  for immediate help.
 ...                                              
                                                  
l.186     % Marcador dinámico:
                                línea vertical en la posición actual q_norm.
The document does not appear to be in UTF-8 encoding.
Try adding \UseRawInputEncoding as the first line of the file
or specify an encoding such as \usepackage [latin1]{inputenc}
in the document preamble.
Alternatively, save the file in UTF-8 using your editor or another tool


../matlab/visualization/myAnimate.m:186: LaTeX Error: Invalid UTF-8 byte "A1.

See the LaTeX manual or LaTeX Companion for explanation.
Type  H <return>  for immediate help.
 ...                                              
                                                  
l.186     % Marcador dinámico:
                                línea vertical en la posición actual q_norm.
The document does not appear to be in UTF-8 encoding.
Try adding \UseRawInputEncoding as the first line of the file
or specify an encoding such as \usepackage [latin1]{inputenc}
in the document preamble.
Alternatively, save the file in UTF-8 using your editor or another tool


../matlab/visualization/myAnimate.m:186: LaTeX Error: Invalid UTF-8 byte sequence (�\expandafter).

See the LaTeX manual or LaTeX Companion for explanation.
Type  H <return>  for immediate help.
 ...                                              
                                                  
l.186     % Marcador dinámico: línea 
                                       vertical en la posición actual q_norm.
The document does not appear to be in UTF-8 encoding.
Try adding \UseRawInputEncoding as the first line of the file
or specify an encoding such as \usepackage [latin1]{inputenc}
in the document preamble.
Alternatively, save the file in UTF-8 using your editor or another tool


../matlab/visualization/myAnimate.m:186: LaTeX Error: Invalid UTF-8 byte "AD.

See the LaTeX manual or LaTeX Companion for explanation.
Type  H <return>  for immediate help.
 ...                                              
                                                  
l.186     % Marcador dinámico: línea 
                                       vertical en la posición actual q_norm.
The document does not appear to be in UTF-8 encoding.
Try adding \UseRawInputEncoding as the first line of the file
or specify an encoding such as \usepackage [latin1]{inputenc}
in the document preamble.
Alternatively, save the file in UTF-8 using your editor or another tool


../matlab/visualization/myAnimate.m:186: LaTeX Error: Invalid UTF-8 byte sequence (�\expandafter).

See the LaTeX manual or LaTeX Companion for explanation.
Type  H <return>  for immediate help.
 ...                                              
                                                  
l.186 ...námico: línea vertical en la posición 
                                                  actual q_norm.
The document does not appear to be in UTF-8 encoding.
Try adding \UseRawInputEncoding as the first line of the file
or specify an encoding such as \usepackage [latin1]{inputenc}
in the document preamble.
Alternatively, save the file in UTF-8 using your editor or another tool


../matlab/visualization/myAnimate.m:186: LaTeX Error: Invalid UTF-8 byte "B3.

See the LaTeX manual or LaTeX Companion for explanation.
Type  H <return>  for immediate help.
 ...                                              
                                                  
l.186 ...námico: línea vertical en la posición 
                                                  actual q_norm.
The document does not appear to be in UTF-8 encoding.
Try adding \UseRawInputEncoding as the first line of the file
or specify an encoding such as \usepackage [latin1]{inputenc}
in the document preamble.
Alternatively, save the file in UTF-8 using your editor or another tool


../matlab/visualization/myAnimate.m:187: LaTeX Error: Invalid UTF-8 byte sequence (�\expandafter).

See the LaTeX manual or LaTeX Companion for explanation.
Type  H <return>  for immediate help.
 ...                                              
                                                  
l.187     % Su color varía 
                            según limit_t (verde=centro, rojo=límite).
The document does not appear to be in UTF-8 encoding.
Try adding \UseRawInputEncoding as the first line of the file
or specify an encoding such as \usepackage [latin1]{inputenc}
in the document preamble.
Alternatively, save the file in UTF-8 using your editor or another tool


../matlab/visualization/myAnimate.m:187: LaTeX Error: Invalid UTF-8 byte "AD.

See the LaTeX manual or LaTeX Companion for explanation.
Type  H <return>  for immediate help.
 ...                                              
                                                  
l.187     % Su color varía 
                            según limit_t (verde=centro, rojo=límite).
The document does not appear to be in UTF-8 encoding.
Try adding \UseRawInputEncoding as the first line of the file
or specify an encoding such as \usepackage [latin1]{inputenc}
in the document preamble.
Alternatively, save the file in UTF-8 using your editor or another tool


../matlab/visualization/myAnimate.m:187: LaTeX Error: Invalid UTF-8 byte sequence (�\expandafter).

See the LaTeX manual or LaTeX Companion for explanation.
Type  H <return>  for immediate help.
 ...                                              
                                                  
l.187     % Su color varía según 
                                   limit_t (verde=centro, rojo=límite).
The document does not appear to be in UTF-8 encoding.
Try adding \UseRawInputEncoding as the first line of the file
or specify an encoding such as \usepackage [latin1]{inputenc}
in the document preamble.
Alternatively, save the file in UTF-8 using your editor or another tool


../matlab/visualization/myAnimate.m:187: LaTeX Error: Invalid UTF-8 byte "BA.

See the LaTeX manual or LaTeX Companion for explanation.
Type  H <return>  for immediate help.
 ...                                              
                                                  
l.187     % Su color varía según 
                                   limit_t (verde=centro, rojo=límite).
The document does not appear to be in UTF-8 encoding.
Try adding \UseRawInputEncoding as the first line of the file
or specify an encoding such as \usepackage [latin1]{inputenc}
in the document preamble.
Alternatively, save the file in UTF-8 using your editor or another tool


../matlab/visualization/myAnimate.m:187: LaTeX Error: Invalid UTF-8 byte sequence (�\expandafter).

See the LaTeX manual or LaTeX Companion for explanation.
Type  H <return>  for immediate help.
 ...                                              
                                                  
l.187 ...gún limit_t (verde=centro, rojo=límite)
                                                  .
The document does not appear to be in UTF-8 encoding.
Try adding \UseRawInputEncoding as the first line of the file
or specify an encoding such as \usepackage [latin1]{inputenc}
in the document preamble.
Alternatively, save the file in UTF-8 using your editor or another tool


../matlab/visualization/myAnimate.m:187: LaTeX Error: Invalid UTF-8 byte "AD.

See the LaTeX manual or LaTeX Companion for explanation.
Type  H <return>  for immediate help.
 ...                                              
                                                  
l.187 ...gún limit_t (verde=centro, rojo=límite)
                                                  .
The document does not appear to be in UTF-8 encoding.
Try adding \UseRawInputEncoding as the first line of the file
or specify an encoding such as \usepackage [latin1]{inputenc}
in the document preamble.
Alternatively, save the file in UTF-8 using your editor or another tool

[81]

../matlab/visualization/myAnimate.m:196: LaTeX Error: Invalid UTF-8 byte sequence (�\expandafter).

See the LaTeX manual or LaTeX Companion for explanation.
Type  H <return>  for immediate help.
 ...                                              
                                                  
l.196 ...bot con modelos CAD en la configuración 
                                                  q_sub(1,:).
The document does not appear to be in UTF-8 encoding.
Try adding \UseRawInputEncoding as the first line of the file
or specify an encoding such as \usepackage [latin1]{inputenc}
in the document preamble.
Alternatively, save the file in UTF-8 using your editor or another tool


../matlab/visualization/myAnimate.m:196: LaTeX Error: Invalid UTF-8 byte "B3.

See the LaTeX manual or LaTeX Companion for explanation.
Type  H <return>  for immediate help.
 ...                                              
                                                  
l.196 ...bot con modelos CAD en la configuración 
                                                  q_sub(1,:).
The document does not appear to be in UTF-8 encoding.
Try adding \UseRawInputEncoding as the first line of the file
or specify an encoding such as \usepackage [latin1]{inputenc}
in the document preamble.
Alternatively, save the file in UTF-8 using your editor or another tool


../matlab/visualization/myAnimate.m:197: LaTeX Error: Invalid UTF-8 byte sequence (�\lst@FillFixed@\lst@EC�).

See the LaTeX manual or LaTeX Companion for explanation.
Type  H <return>  for immediate help.
 ...                                              
                                                  
l.197 %   'workspace'  – 
                           define los límites del volumen visible
The document does not appear to be in UTF-8 encoding.
Try adding \UseRawInputEncoding as the first line of the file
or specify an encoding such as \usepackage [latin1]{inputenc}
in the document preamble.
Alternatively, save the file in UTF-8 using your editor or another tool


../matlab/visualization/myAnimate.m:197: LaTeX Error: Invalid UTF-8 byte "93.

See the LaTeX manual or LaTeX Companion for explanation.
Type  H <return>  for immediate help.
 ...                                              
                                                  
l.197 %   'workspace'  – 
                           define los límites del volumen visible
The document does not appear to be in UTF-8 encoding.
Try adding \UseRawInputEncoding as the first line of the file
or specify an encoding such as \usepackage [latin1]{inputenc}
in the document preamble.
Alternatively, save the file in UTF-8 using your editor or another tool


../matlab/visualization/myAnimate.m:197: LaTeX Error: Invalid UTF-8 byte sequence (�\expandafter).

See the LaTeX manual or LaTeX Companion for explanation.
Type  H <return>  for immediate help.
 ...                                              
                                                  
l.197 %   'workspace'  – define los límites 
                                               del volumen visible
The document does not appear to be in UTF-8 encoding.
Try adding \UseRawInputEncoding as the first line of the file
or specify an encoding such as \usepackage [latin1]{inputenc}
in the document preamble.
Alternatively, save the file in UTF-8 using your editor or another tool


../matlab/visualization/myAnimate.m:197: LaTeX Error: Invalid UTF-8 byte "AD.

See the LaTeX manual or LaTeX Companion for explanation.
Type  H <return>  for immediate help.
 ...                                              
                                                  
l.197 %   'workspace'  – define los límites 
                                               del volumen visible
The document does not appear to be in UTF-8 encoding.
Try adding \UseRawInputEncoding as the first line of the file
or specify an encoding such as \usepackage [latin1]{inputenc}
in the document preamble.
Alternatively, save the file in UTF-8 using your editor or another tool


../matlab/visualization/myAnimate.m:198: LaTeX Error: Invalid UTF-8 byte sequence (�\lst@FillFixed@\lst@EC�).

See the LaTeX manual or LaTeX Companion for explanation.
Type  H <return>  for immediate help.
 ...                                              
                                                  
l.198 %   'trail'      – 
                           activa el rastro del TCP (extremo operacional) en...
The document does not appear to be in UTF-8 encoding.
Try adding \UseRawInputEncoding as the first line of the file
or specify an encoding such as \usepackage [latin1]{inputenc}
in the document preamble.
Alternatively, save the file in UTF-8 using your editor or another tool


../matlab/visualization/myAnimate.m:198: LaTeX Error: Invalid UTF-8 byte "93.

See the LaTeX manual or LaTeX Companion for explanation.
Type  H <return>  for immediate help.
 ...                                              
                                                  
l.198 %   'trail'      – 
                           activa el rastro del TCP (extremo operacional) en...
The document does not appear to be in UTF-8 encoding.
Try adding \UseRawInputEncoding as the first line of the file
or specify an encoding such as \usepackage [latin1]{inputenc}
in the document preamble.
Alternatively, save the file in UTF-8 using your editor or another tool


../matlab/visualization/myAnimate.m:199: LaTeX Error: Invalid UTF-8 byte sequence (�\lst@FillFixed@\lst@EC�).

See the LaTeX manual or LaTeX Companion for explanation.
Type  H <return>  for immediate help.
 ...                                              
                                                  
l.199 %   'path'       – 
                           directorio con archivos STL de los eslabones
The document does not appear to be in UTF-8 encoding.
Try adding \UseRawInputEncoding as the first line of the file
or specify an encoding such as \usepackage [latin1]{inputenc}
in the document preamble.
Alternatively, save the file in UTF-8 using your editor or another tool


../matlab/visualization/myAnimate.m:199: LaTeX Error: Invalid UTF-8 byte "93.

See the LaTeX manual or LaTeX Companion for explanation.
Type  H <return>  for immediate help.
 ...                                              
                                                  
l.199 %   'path'       – 
                           directorio con archivos STL de los eslabones
The document does not appear to be in UTF-8 encoding.
Try adding \UseRawInputEncoding as the first line of the file
or specify an encoding such as \usepackage [latin1]{inputenc}
in the document preamble.
Alternatively, save the file in UTF-8 using your editor or another tool


../matlab/visualization/myAnimate.m:200: LaTeX Error: Invalid UTF-8 byte sequence (�\lst@FillFixed@\lst@EC�).

See the LaTeX manual or LaTeX Companion for explanation.
Type  H <return>  for immediate help.
 ...                                              
                                                  
l.200 %   'delay',0    – 
                           sin retardo interno (el timing lo controla pause(...
The document does not appear to be in UTF-8 encoding.
Try adding \UseRawInputEncoding as the first line of the file
or specify an encoding such as \usepackage [latin1]{inputenc}
in the document preamble.
Alternatively, save the file in UTF-8 using your editor or another tool


../matlab/visualization/myAnimate.m:200: LaTeX Error: Invalid UTF-8 byte "93.

See the LaTeX manual or LaTeX Companion for explanation.
Type  H <return>  for immediate help.
 ...                                              
                                                  
l.200 %   'delay',0    – 
                           sin retardo interno (el timing lo controla pause(...
The document does not appear to be in UTF-8 encoding.
Try adding \UseRawInputEncoding as the first line of the file
or specify an encoding such as \usepackage [latin1]{inputenc}
in the document preamble.
Alternatively, save the file in UTF-8 using your editor or another tool


../matlab/visualization/myAnimate.m:211: LaTeX Error: Invalid UTF-8 byte sequence (�\expandafter).

See the LaTeX manual or LaTeX Companion for explanation.
Type  H <return>  for immediate help.
 ...                                              
                                                  
l.211 % 'vis3d' congela la relación 
                                     de aspecto durante las rotaciones inter...
The document does not appear to be in UTF-8 encoding.
Try adding \UseRawInputEncoding as the first line of the file
or specify an encoding such as \usepackage [latin1]{inputenc}
in the document preamble.
Alternatively, save the file in UTF-8 using your editor or another tool


../matlab/visualization/myAnimate.m:211: LaTeX Error: Invalid UTF-8 byte "B3.

See the LaTeX manual or LaTeX Companion for explanation.
Type  H <return>  for immediate help.
 ...                                              
                                                  
l.211 % 'vis3d' congela la relación 
                                     de aspecto durante las rotaciones inter...
The document does not appear to be in UTF-8 encoding.
Try adding \UseRawInputEncoding as the first line of the file
or specify an encoding such as \usepackage [latin1]{inputenc}
in the document preamble.
Alternatively, save the file in UTF-8 using your editor or another tool


../matlab/visualization/myAnimate.m:212: LaTeX Error: Command \textquotedbl unavailable in encoding OT1.

See the LaTeX manual or LaTeX Companion for explanation.
Type  H <return>  for immediate help.
 ...                                              
                                                  
l.212 % evitando que el robot "s
                                alte" visualmente al girar la cámara.
Your command was ignored.
Type  I <command> <return>  to replace it with another command,
or  <return>  to continue without it.


../matlab/visualization/myAnimate.m:212: LaTeX Error: Command \textquotedbl unavailable in encoding OT1.

See the LaTeX manual or LaTeX Companion for explanation.
Type  H <return>  for immediate help.
 ...                                              
                                                  
l.212 % evitando que el robot "salte" 
                                      visualmente al girar la cámara.
Your command was ignored.
Type  I <command> <return>  to replace it with another command,
or  <return>  to continue without it.


../matlab/visualization/myAnimate.m:212: LaTeX Error: Invalid UTF-8 byte sequence (�\expandafter).

See the LaTeX manual or LaTeX Companion for explanation.
Type  H <return>  for immediate help.
 ...                                              
                                                  
l.212 ... "salte" visualmente al girar la cámara.
                                                  
The document does not appear to be in UTF-8 encoding.
Try adding \UseRawInputEncoding as the first line of the file
or specify an encoding such as \usepackage [latin1]{inputenc}
in the document preamble.
Alternatively, save the file in UTF-8 using your editor or another tool


../matlab/visualization/myAnimate.m:212: LaTeX Error: Invalid UTF-8 byte "A1.

See the LaTeX manual or LaTeX Companion for explanation.
Type  H <return>  for immediate help.
 ...                                              
                                                  
l.212 ... "salte" visualmente al girar la cámara.
                                                  
The document does not appear to be in UTF-8 encoding.
Try adding \UseRawInputEncoding as the first line of the file
or specify an encoding such as \usepackage [latin1]{inputenc}
in the document preamble.
Alternatively, save the file in UTF-8 using your editor or another tool


../matlab/visualization/myAnimate.m:215: LaTeX Error: Invalid UTF-8 byte sequence (�\expandafter).

See the LaTeX manual or LaTeX Companion for explanation.
Type  H <return>  for immediate help.
 ...                                              
                                                  
l.215 ...ide que MATLAB reajuste automáticamente 
                                                  el ángulo de cámara
The document does not appear to be in UTF-8 encoding.
Try adding \UseRawInputEncoding as the first line of the file
or specify an encoding such as \usepackage [latin1]{inputenc}
in the document preamble.
Alternatively, save the file in UTF-8 using your editor or another tool


../matlab/visualization/myAnimate.m:215: LaTeX Error: Invalid UTF-8 byte "A1.

See the LaTeX manual or LaTeX Companion for explanation.
Type  H <return>  for immediate help.
 ...                                              
                                                  
l.215 ...ide que MATLAB reajuste automáticamente 
                                                  el ángulo de cámara
The document does not appear to be in UTF-8 encoding.
Try adding \UseRawInputEncoding as the first line of the file
or specify an encoding such as \usepackage [latin1]{inputenc}
in the document preamble.
Alternatively, save the file in UTF-8 using your editor or another tool


../matlab/visualization/myAnimate.m:215: LaTeX Error: Invalid UTF-8 byte sequence (�\lst@FillFixed@).

See the LaTeX manual or LaTeX Companion for explanation.
Type  H <return>  for immediate help.
 ...                                              
                                                  
l.215 ...LAB reajuste automáticamente el ángulo 
                                                  de cámara
The document does not appear to be in UTF-8 encoding.
Try adding \UseRawInputEncoding as the first line of the file
or specify an encoding such as \usepackage [latin1]{inputenc}
in the document preamble.
Alternatively, save the file in UTF-8 using your editor or another tool


../matlab/visualization/myAnimate.m:215: LaTeX Error: Invalid UTF-8 byte "A1.

See the LaTeX manual or LaTeX Companion for explanation.
Type  H <return>  for immediate help.
 ...                                              
                                                  
l.215 ...LAB reajuste automáticamente el ángulo 
                                                  de cámara
The document does not appear to be in UTF-8 encoding.
Try adding \UseRawInputEncoding as the first line of the file
or specify an encoding such as \usepackage [latin1]{inputenc}
in the document preamble.
Alternatively, save the file in UTF-8 using your editor or another tool


../matlab/visualization/myAnimate.m:215: LaTeX Error: Invalid UTF-8 byte sequence (�\expandafter).

See the LaTeX manual or LaTeX Companion for explanation.
Type  H <return>  for immediate help.
 ...                                              
                                                  
l.215 ...te automáticamente el ángulo de cámara
                                                  
The document does not appear to be in UTF-8 encoding.
Try adding \UseRawInputEncoding as the first line of the file
or specify an encoding such as \usepackage [latin1]{inputenc}
in the document preamble.
Alternatively, save the file in UTF-8 using your editor or another tool


../matlab/visualization/myAnimate.m:215: LaTeX Error: Invalid UTF-8 byte "A1.

See the LaTeX manual or LaTeX Companion for explanation.
Type  H <return>  for immediate help.
 ...                                              
                                                  
l.215 ...te automáticamente el ángulo de cámara
                                                  
The document does not appear to be in UTF-8 encoding.
Try adding \UseRawInputEncoding as the first line of the file
or specify an encoding such as \usepackage [latin1]{inputenc}
in the document preamble.
Alternatively, save the file in UTF-8 using your editor or another tool


../matlab/visualization/myAnimate.m:216: LaTeX Error: Invalid UTF-8 byte sequence (�\expandafter).

See the LaTeX manual or LaTeX Companion for explanation.
Type  H <return>  for immediate help.
 ...                                              
                                                  
l.216 % entre frames, lo que causaría 
                                       un efecto de "zoom pulsante".
The document does not appear to be in UTF-8 encoding.
Try adding \UseRawInputEncoding as the first line of the file
or specify an encoding such as \usepackage [latin1]{inputenc}
in the document preamble.
Alternatively, save the file in UTF-8 using your editor or another tool


../matlab/visualization/myAnimate.m:216: LaTeX Error: Invalid UTF-8 byte "AD.

See the LaTeX manual or LaTeX Companion for explanation.
Type  H <return>  for immediate help.
 ...                                              
                                                  
l.216 % entre frames, lo que causaría 
                                       un efecto de "zoom pulsante".
The document does not appear to be in UTF-8 encoding.
Try adding \UseRawInputEncoding as the first line of the file
or specify an encoding such as \usepackage [latin1]{inputenc}
in the document preamble.
Alternatively, save the file in UTF-8 using your editor or another tool


../matlab/visualization/myAnimate.m:216: LaTeX Error: Command \textquotedbl unavailable in encoding OT1.

See the LaTeX manual or LaTeX Companion for explanation.
Type  H <return>  for immediate help.
 ...                                              
                                                  
l.216 ... frames, lo que causaría un efecto de "z
                                                  oom pulsante".
Your command was ignored.
Type  I <command> <return>  to replace it with another command,
or  <return>  to continue without it.


../matlab/visualization/myAnimate.m:216: LaTeX Error: Command \textquotedbl unavailable in encoding OT1.

See the LaTeX manual or LaTeX Companion for explanation.
Type  H <return>  for immediate help.
 ...                                              
                                                  
l.216 ...e causaría un efecto de "zoom pulsante".
                                                  
Your command was ignored.
Type  I <command> <return>  to replace it with another command,
or  <return>  to continue without it.


../matlab/visualization/myAnimate.m:219: LaTeX Error: Invalid UTF-8 byte sequence (�\expandafter).

See the LaTeX manual or LaTeX Companion for explanation.
Type  H <return>  for immediate help.
 ...                                              
                                                  
l.219 % Iluminación:
                      'headlight' sigue a la cámara; 'gouraud' interpola no...
The document does not appear to be in UTF-8 encoding.
Try adding \UseRawInputEncoding as the first line of the file
or specify an encoding such as \usepackage [latin1]{inputenc}
in the document preamble.
Alternatively, save the file in UTF-8 using your editor or another tool


../matlab/visualization/myAnimate.m:219: LaTeX Error: Invalid UTF-8 byte "B3.

See the LaTeX manual or LaTeX Companion for explanation.
Type  H <return>  for immediate help.
 ...                                              
                                                  
l.219 % Iluminación:
                      'headlight' sigue a la cámara; 'gouraud' interpola no...
The document does not appear to be in UTF-8 encoding.
Try adding \UseRawInputEncoding as the first line of the file
or specify an encoding such as \usepackage [latin1]{inputenc}
in the document preamble.
Alternatively, save the file in UTF-8 using your editor or another tool


../matlab/visualization/myAnimate.m:219: LaTeX Error: Invalid UTF-8 byte sequence (�\expandafter).

See the LaTeX manual or LaTeX Companion for explanation.
Type  H <return>  for immediate help.
 ...                                              
                                                  
l.219 ...inación: 'headlight' sigue a la cámara;
                                                   'gouraud' interpola normales
The document does not appear to be in UTF-8 encoding.
Try adding \UseRawInputEncoding as the first line of the file
or specify an encoding such as \usepackage [latin1]{inputenc}
in the document preamble.
Alternatively, save the file in UTF-8 using your editor or another tool


../matlab/visualization/myAnimate.m:219: LaTeX Error: Invalid UTF-8 byte "A1.

See the LaTeX manual or LaTeX Companion for explanation.
Type  H <return>  for immediate help.
 ...                                              
                                                  
l.219 ...inación: 'headlight' sigue a la cámara;
                                                   'gouraud' interpola normales
The document does not appear to be in UTF-8 encoding.
Try adding \UseRawInputEncoding as the first line of the file
or specify an encoding such as \usepackage [latin1]{inputenc}
in the document preamble.
Alternatively, save the file in UTF-8 using your editor or another tool


../matlab/visualization/myAnimate.m:220: LaTeX Error: Invalid UTF-8 byte sequence (�\expandafter).

See the LaTeX manual or LaTeX Companion for explanation.
Type  H <return>  for immediate help.
 ...                                              
                                                  
l.220 % por vértice 
                     dando una superficie más suave que 'flat' shading.
The document does not appear to be in UTF-8 encoding.
Try adding \UseRawInputEncoding as the first line of the file
or specify an encoding such as \usepackage [latin1]{inputenc}
in the document preamble.
Alternatively, save the file in UTF-8 using your editor or another tool


../matlab/visualization/myAnimate.m:220: LaTeX Error: Invalid UTF-8 byte "A9.

See the LaTeX manual or LaTeX Companion for explanation.
Type  H <return>  for immediate help.
 ...                                              
                                                  
l.220 % por vértice 
                     dando una superficie más suave que 'flat' shading.
The document does not appear to be in UTF-8 encoding.
Try adding \UseRawInputEncoding as the first line of the file
or specify an encoding such as \usepackage [latin1]{inputenc}
in the document preamble.
Alternatively, save the file in UTF-8 using your editor or another tool


../matlab/visualization/myAnimate.m:220: LaTeX Error: Invalid UTF-8 byte sequence (�\expandafter).

See the LaTeX manual or LaTeX Companion for explanation.
Type  H <return>  for immediate help.
 ...                                              
                                                  
l.220 % por vértice dando una superficie más 
                                               suave que 'flat' shading.
The document does not appear to be in UTF-8 encoding.
Try adding \UseRawInputEncoding as the first line of the file
or specify an encoding such as \usepackage [latin1]{inputenc}
in the document preamble.
Alternatively, save the file in UTF-8 using your editor or another tool


../matlab/visualization/myAnimate.m:220: LaTeX Error: Invalid UTF-8 byte "A1.

See the LaTeX manual or LaTeX Companion for explanation.
Type  H <return>  for immediate help.
 ...                                              
                                                  
l.220 % por vértice dando una superficie más 
                                               suave que 'flat' shading.
The document does not appear to be in UTF-8 encoding.
Try adding \UseRawInputEncoding as the first line of the file
or specify an encoding such as \usepackage [latin1]{inputenc}
in the document preamble.
Alternatively, save the file in UTF-8 using your editor or another tool


../matlab/visualization/myAnimate.m:225: LaTeX Error: Invalid UTF-8 byte sequence (�\expandafter).

See the LaTeX manual or LaTeX Companion for explanation.
Type  H <return>  for immediate help.
 ...                                              
                                                  
l.225 % Panel derecho: Jacobiano (número 
                                          de condición)
The document does not appear to be in UTF-8 encoding.
Try adding \UseRawInputEncoding as the first line of the file
or specify an encoding such as \usepackage [latin1]{inputenc}
in the document preamble.
Alternatively, save the file in UTF-8 using your editor or another tool


../matlab/visualization/myAnimate.m:225: LaTeX Error: Invalid UTF-8 byte "BA.

See the LaTeX manual or LaTeX Companion for explanation.
Type  H <return>  for immediate help.
 ...                                              
                                                  
l.225 % Panel derecho: Jacobiano (número 
                                          de condición)
The document does not appear to be in UTF-8 encoding.
Try adding \UseRawInputEncoding as the first line of the file
or specify an encoding such as \usepackage [latin1]{inputenc}
in the document preamble.
Alternatively, save the file in UTF-8 using your editor or another tool


../matlab/visualization/myAnimate.m:225: LaTeX Error: Invalid UTF-8 byte sequence (�\expandafter).

See the LaTeX manual or LaTeX Companion for explanation.
Type  H <return>  for immediate help.
 ...                                              
                                                  
l.225 ...erecho: Jacobiano (número de condición)
                                                  
The document does not appear to be in UTF-8 encoding.
Try adding \UseRawInputEncoding as the first line of the file
or specify an encoding such as \usepackage [latin1]{inputenc}
in the document preamble.
Alternatively, save the file in UTF-8 using your editor or another tool


../matlab/visualization/myAnimate.m:225: LaTeX Error: Invalid UTF-8 byte "B3.

See the LaTeX manual or LaTeX Companion for explanation.
Type  H <return>  for immediate help.
 ...                                              
                                                  
l.225 ...erecho: Jacobiano (número de condición)
                                                  
The document does not appear to be in UTF-8 encoding.
Try adding \UseRawInputEncoding as the first line of the file
or specify an encoding such as \usepackage [latin1]{inputenc}
in the document preamble.
Alternatively, save the file in UTF-8 using your editor or another tool


../matlab/visualization/myAnimate.m:227: LaTeX Error: Invalid UTF-8 byte sequence (�\lst@FillFixed@).

See the LaTeX manual or LaTeX Companion for explanation.
Type  H <return>  for immediate help.
 ...                                              
                                                  
l.227 % El panel muestra κ(
                            J) como una barra que crece hacia arriba en escala
The document does not appear to be in UTF-8 encoding.
Try adding \UseRawInputEncoding as the first line of the file
or specify an encoding such as \usepackage [latin1]{inputenc}
in the document preamble.
Alternatively, save the file in UTF-8 using your editor or another tool


../matlab/visualization/myAnimate.m:227: LaTeX Error: Invalid UTF-8 byte "BA.

See the LaTeX manual or LaTeX Companion for explanation.
Type  H <return>  for immediate help.
 ...                                              
                                                  
l.227 % El panel muestra κ(
                            J) como una barra que crece hacia arriba en escala
The document does not appear to be in UTF-8 encoding.
Try adding \UseRawInputEncoding as the first line of the file
or specify an encoding such as \usepackage [latin1]{inputenc}
in the document preamble.
Alternatively, save the file in UTF-8 using your editor or another tool


../matlab/visualization/myAnimate.m:228: LaTeX Error: Invalid UTF-8 byte sequence (�\expandafter).

See the LaTeX manual or LaTeX Companion for explanation.
Type  H <return>  for immediate help.
 ...                                              
                                                  
l.228 % logarítmica. 
                      El color va de verde (κ ≈ 1) a rojo (κ → ∞).
The document does not appear to be in UTF-8 encoding.
Try adding \UseRawInputEncoding as the first line of the file
or specify an encoding such as \usepackage [latin1]{inputenc}
in the document preamble.
Alternatively, save the file in UTF-8 using your editor or another tool


../matlab/visualization/myAnimate.m:228: LaTeX Error: Invalid UTF-8 byte "AD.

See the LaTeX manual or LaTeX Companion for explanation.
Type  H <return>  for immediate help.
 ...                                              
                                                  
l.228 % logarítmica. 
                      El color va de verde (κ ≈ 1) a rojo (κ → ∞).
The document does not appear to be in UTF-8 encoding.
Try adding \UseRawInputEncoding as the first line of the file
or specify an encoding such as \usepackage [latin1]{inputenc}
in the document preamble.
Alternatively, save the file in UTF-8 using your editor or another tool


../matlab/visualization/myAnimate.m:228: LaTeX Error: Invalid UTF-8 byte sequence (�\lst@FillFixed@).

See the LaTeX manual or LaTeX Companion for explanation.
Type  H <return>  for immediate help.
 ...                                              
                                                  
l.228 % logarítmica. El color va de verde (κ 
                                               ≈ 1) a rojo (κ → ∞).
The document does not appear to be in UTF-8 encoding.
Try adding \UseRawInputEncoding as the first line of the file
or specify an encoding such as \usepackage [latin1]{inputenc}
in the document preamble.
Alternatively, save the file in UTF-8 using your editor or another tool


../matlab/visualization/myAnimate.m:228: LaTeX Error: Invalid UTF-8 byte "BA.

See the LaTeX manual or LaTeX Companion for explanation.
Type  H <return>  for immediate help.
 ...                                              
                                                  
l.228 % logarítmica. El color va de verde (κ 
                                               ≈ 1) a rojo (κ → ∞).
The document does not appear to be in UTF-8 encoding.
Try adding \UseRawInputEncoding as the first line of the file
or specify an encoding such as \usepackage [latin1]{inputenc}
in the document preamble.
Alternatively, save the file in UTF-8 using your editor or another tool


../matlab/visualization/myAnimate.m:228: LaTeX Error: Invalid UTF-8 byte sequence (�\lst@FillFixed@\lst@EC�).

See the LaTeX manual or LaTeX Companion for explanation.
Type  H <return>  for immediate help.
 ...                                              
                                                  
l.228 ...garítmica. El color va de verde (κ ≈ 
                                                  1) a rojo (κ → ∞).
The document does not appear to be in UTF-8 encoding.
Try adding \UseRawInputEncoding as the first line of the file
or specify an encoding such as \usepackage [latin1]{inputenc}
in the document preamble.
Alternatively, save the file in UTF-8 using your editor or another tool


../matlab/visualization/myAnimate.m:228: LaTeX Error: Invalid UTF-8 byte "88.

See the LaTeX manual or LaTeX Companion for explanation.
Type  H <return>  for immediate help.
 ...                                              
                                                  
l.228 ...garítmica. El color va de verde (κ ≈ 
                                                  1) a rojo (κ → ∞).
The document does not appear to be in UTF-8 encoding.
Try adding \UseRawInputEncoding as the first line of the file
or specify an encoding such as \usepackage [latin1]{inputenc}
in the document preamble.
Alternatively, save the file in UTF-8 using your editor or another tool


../matlab/visualization/myAnimate.m:228: LaTeX Error: Invalid UTF-8 byte sequence (�\lst@FillFixed@).

See the LaTeX manual or LaTeX Companion for explanation.
Type  H <return>  for immediate help.
 ...                                              
                                                  
l.228 ... color va de verde (κ ≈ 1) a rojo (κ 
                                                  → ∞).
The document does not appear to be in UTF-8 encoding.
Try adding \UseRawInputEncoding as the first line of the file
or specify an encoding such as \usepackage [latin1]{inputenc}
in the document preamble.
Alternatively, save the file in UTF-8 using your editor or another tool


../matlab/visualization/myAnimate.m:228: LaTeX Error: Invalid UTF-8 byte "BA.

See the LaTeX manual or LaTeX Companion for explanation.
Type  H <return>  for immediate help.
 ...                                              
                                                  
l.228 ... color va de verde (κ ≈ 1) a rojo (κ 
                                                  → ∞).
The document does not appear to be in UTF-8 encoding.
Try adding \UseRawInputEncoding as the first line of the file
or specify an encoding such as \usepackage [latin1]{inputenc}
in the document preamble.
Alternatively, save the file in UTF-8 using your editor or another tool


../matlab/visualization/myAnimate.m:228: LaTeX Error: Invalid UTF-8 byte sequence (�\lst@FillFixed@\lst@EC�).

See the LaTeX manual or LaTeX Companion for explanation.
Type  H <return>  for immediate help.
 ...                                              
                                                  
l.228 ...or va de verde (κ ≈ 1) a rojo (κ → 
                                                  ∞).
The document does not appear to be in UTF-8 encoding.
Try adding \UseRawInputEncoding as the first line of the file
or specify an encoding such as \usepackage [latin1]{inputenc}
in the document preamble.
Alternatively, save the file in UTF-8 using your editor or another tool


../matlab/visualization/myAnimate.m:228: LaTeX Error: Invalid UTF-8 byte "92.

See the LaTeX manual or LaTeX Companion for explanation.
Type  H <return>  for immediate help.
 ...                                              
                                                  
l.228 ...or va de verde (κ ≈ 1) a rojo (κ → 
                                                  ∞).
The document does not appear to be in UTF-8 encoding.
Try adding \UseRawInputEncoding as the first line of the file
or specify an encoding such as \usepackage [latin1]{inputenc}
in the document preamble.
Alternatively, save the file in UTF-8 using your editor or another tool


../matlab/visualization/myAnimate.m:228: LaTeX Error: Invalid UTF-8 byte sequence (�\lst@FillFixed@\lst@EC�).

See the LaTeX manual or LaTeX Companion for explanation.
Type  H <return>  for immediate help.
 ...                                              
                                                  
l.228 ...a de verde (κ ≈ 1) a rojo (κ → ∞)
                                                  .
The document does not appear to be in UTF-8 encoding.
Try adding \UseRawInputEncoding as the first line of the file
or specify an encoding such as \usepackage [latin1]{inputenc}
in the document preamble.
Alternatively, save the file in UTF-8 using your editor or another tool


../matlab/visualization/myAnimate.m:228: LaTeX Error: Invalid UTF-8 byte "9E.

See the LaTeX manual or LaTeX Companion for explanation.
Type  H <return>  for immediate help.
 ...                                              
                                                  
l.228 ...a de verde (κ ≈ 1) a rojo (κ → ∞)
                                                  .
The document does not appear to be in UTF-8 encoding.
Try adding \UseRawInputEncoding as the first line of the file
or specify an encoding such as \usepackage [latin1]{inputenc}
in the document preamble.
Alternatively, save the file in UTF-8 using your editor or another tool


../matlab/visualization/myAnimate.m:230: LaTeX Error: Invalid UTF-8 byte sequence (�\expandafter).

See the LaTeX manual or LaTeX Companion for explanation.
Type  H <return>  for immediate help.
 ...                                              
                                                  
l.230 % Escala logarítmica:
                             permite visualizar en el mismo eje rangos muy d...
The document does not appear to be in UTF-8 encoding.
Try adding \UseRawInputEncoding as the first line of the file
or specify an encoding such as \usepackage [latin1]{inputenc}
in the document preamble.
Alternatively, save the file in UTF-8 using your editor or another tool


../matlab/visualization/myAnimate.m:230: LaTeX Error: Invalid UTF-8 byte "AD.

See the LaTeX manual or LaTeX Companion for explanation.
Type  H <return>  for immediate help.
 ...                                              
                                                  
l.230 % Escala logarítmica:
                             permite visualizar en el mismo eje rangos muy d...
The document does not appear to be in UTF-8 encoding.
Try adding \UseRawInputEncoding as the first line of the file
or specify an encoding such as \usepackage [latin1]{inputenc}
in the document preamble.
Alternatively, save the file in UTF-8 using your editor or another tool


../matlab/visualization/myAnimate.m:231: LaTeX Error: Invalid UTF-8 byte sequence (�\lst@FillFixed@).

See the LaTeX manual or LaTeX Companion for explanation.
Type  H <return>  for immediate help.
 ...                                              
                                                  
l.231 % Por ejemplo, κ 
                        puede valer 2 (excelente) o 5000 (singularidad prác...
The document does not appear to be in UTF-8 encoding.
Try adding \UseRawInputEncoding as the first line of the file
or specify an encoding such as \usepackage [latin1]{inputenc}
in the document preamble.
Alternatively, save the file in UTF-8 using your editor or another tool


../matlab/visualization/myAnimate.m:231: LaTeX Error: Invalid UTF-8 byte "BA.

See the LaTeX manual or LaTeX Companion for explanation.
Type  H <return>  for immediate help.
 ...                                              
                                                  
l.231 % Por ejemplo, κ 
                        puede valer 2 (excelente) o 5000 (singularidad prác...
The document does not appear to be in UTF-8 encoding.
Try adding \UseRawInputEncoding as the first line of the file
or specify an encoding such as \usepackage [latin1]{inputenc}
in the document preamble.
Alternatively, save the file in UTF-8 using your editor or another tool


../matlab/visualization/myAnimate.m:231: LaTeX Error: Invalid UTF-8 byte sequence (�\expandafter).

See the LaTeX manual or LaTeX Companion for explanation.
Type  H <return>  for immediate help.
 ...                                              
                                                  
l.231 ...xcelente) o 5000 (singularidad práctica)
                                                  .
The document does not appear to be in UTF-8 encoding.
Try adding \UseRawInputEncoding as the first line of the file
or specify an encoding such as \usepackage [latin1]{inputenc}
in the document preamble.
Alternatively, save the file in UTF-8 using your editor or another tool


../matlab/visualization/myAnimate.m:231: LaTeX Error: Invalid UTF-8 byte "A1.

See the LaTeX manual or LaTeX Companion for explanation.
Type  H <return>  for immediate help.
 ...                                              
                                                  
l.231 ...xcelente) o 5000 (singularidad práctica)
                                                  .
The document does not appear to be in UTF-8 encoding.
Try adding \UseRawInputEncoding as the first line of the file
or specify an encoding such as \usepackage [latin1]{inputenc}
in the document preamble.
Alternatively, save the file in UTF-8 using your editor or another tool


../matlab/visualization/myAnimate.m:232: LaTeX Error: Invalid UTF-8 byte sequence (�\expandafter).

See the LaTeX manual or LaTeX Companion for explanation.
Type  H <return>  for immediate help.
 ...                                              
                                                  
l.232 % En escala lineal, el valor 2 sería 
                                            invisible junto al 5000.
The document does not appear to be in UTF-8 encoding.
Try adding \UseRawInputEncoding as the first line of the file
or specify an encoding such as \usepackage [latin1]{inputenc}
in the document preamble.
Alternatively, save the file in UTF-8 using your editor or another tool


../matlab/visualization/myAnimate.m:232: LaTeX Error: Invalid UTF-8 byte "AD.

See the LaTeX manual or LaTeX Companion for explanation.
Type  H <return>  for immediate help.
 ...                                              
                                                  
l.232 % En escala lineal, el valor 2 sería 
                                            invisible junto al 5000.
The document does not appear to be in UTF-8 encoding.
Try adding \UseRawInputEncoding as the first line of the file
or specify an encoding such as \usepackage [latin1]{inputenc}
in the document preamble.
Alternatively, save the file in UTF-8 using your editor or another tool

[82]

../matlab/visualization/myAnimate.m:239: LaTeX Error: Invalid UTF-8 byte sequence (�\expandafter).

See the LaTeX manual or LaTeX Companion for explanation.
Type  H <return>  for immediate help.
 ...                                              
                                                  
l.239 % Rectángulo 
                    de fondo gris que ocupa todo el rango [cond_lo, cond_hi]
The document does not appear to be in UTF-8 encoding.
Try adding \UseRawInputEncoding as the first line of the file
or specify an encoding such as \usepackage [latin1]{inputenc}
in the document preamble.
Alternatively, save the file in UTF-8 using your editor or another tool


../matlab/visualization/myAnimate.m:239: LaTeX Error: Invalid UTF-8 byte "A1.

See the LaTeX manual or LaTeX Companion for explanation.
Type  H <return>  for immediate help.
 ...                                              
                                                  
l.239 % Rectángulo 
                    de fondo gris que ocupa todo el rango [cond_lo, cond_hi]
The document does not appear to be in UTF-8 encoding.
Try adding \UseRawInputEncoding as the first line of the file
or specify an encoding such as \usepackage [latin1]{inputenc}
in the document preamble.
Alternatively, save the file in UTF-8 using your editor or another tool


../matlab/visualization/myAnimate.m:243: LaTeX Error: Invalid UTF-8 byte sequence (�\expandafter).

See the LaTeX manual or LaTeX Companion for explanation.
Type  H <return>  for immediate help.
 ...                                              
                                                  
l.243 % Barra de color dinámica:
                                  su altura Y superior es cval (en escala log)
The document does not appear to be in UTF-8 encoding.
Try adding \UseRawInputEncoding as the first line of the file
or specify an encoding such as \usepackage [latin1]{inputenc}
in the document preamble.
Alternatively, save the file in UTF-8 using your editor or another tool


../matlab/visualization/myAnimate.m:243: LaTeX Error: Invalid UTF-8 byte "A1.

See the LaTeX manual or LaTeX Companion for explanation.
Type  H <return>  for immediate help.
 ...                                              
                                                  
l.243 % Barra de color dinámica:
                                  su altura Y superior es cval (en escala log)
The document does not appear to be in UTF-8 encoding.
Try adding \UseRawInputEncoding as the first line of the file
or specify an encoding such as \usepackage [latin1]{inputenc}
in the document preamble.
Alternatively, save the file in UTF-8 using your editor or another tool


../matlab/visualization/myAnimate.m:247: LaTeX Error: Invalid UTF-8 byte sequence (�\expandafter).

See the LaTeX manual or LaTeX Companion for explanation.
Type  H <return>  for immediate help.
 ...                                              
                                                  
l.247 % Línea 
               horizontal que marca el nivel exacto de cval
The document does not appear to be in UTF-8 encoding.
Try adding \UseRawInputEncoding as the first line of the file
or specify an encoding such as \usepackage [latin1]{inputenc}
in the document preamble.
Alternatively, save the file in UTF-8 using your editor or another tool


../matlab/visualization/myAnimate.m:247: LaTeX Error: Invalid UTF-8 byte "AD.

See the LaTeX manual or LaTeX Companion for explanation.
Type  H <return>  for immediate help.
 ...                                              
                                                  
l.247 % Línea 
               horizontal que marca el nivel exacto de cval
The document does not appear to be in UTF-8 encoding.
Try adding \UseRawInputEncoding as the first line of the file
or specify an encoding such as \usepackage [latin1]{inputenc}
in the document preamble.
Alternatively, save the file in UTF-8 using your editor or another tool


../matlab/visualization/myAnimate.m:251: LaTeX Error: Invalid UTF-8 byte sequence (�\expandafter).

See the LaTeX manual or LaTeX Companion for explanation.
Type  H <return>  for immediate help.
 ...                                              
                                                  
l.251 ...le', 'log', ...     % eje Y logarítmico:
                                                   cada década ocupa el mis...
The document does not appear to be in UTF-8 encoding.
Try adding \UseRawInputEncoding as the first line of the file
or specify an encoding such as \usepackage [latin1]{inputenc}
in the document preamble.
Alternatively, save the file in UTF-8 using your editor or another tool


../matlab/visualization/myAnimate.m:251: LaTeX Error: Invalid UTF-8 byte "AD.

See the LaTeX manual or LaTeX Companion for explanation.
Type  H <return>  for immediate help.
 ...                                              
                                                  
l.251 ...le', 'log', ...     % eje Y logarítmico:
                                                   cada década ocupa el mis...
The document does not appear to be in UTF-8 encoding.
Try adding \UseRawInputEncoding as the first line of the file
or specify an encoding such as \usepackage [latin1]{inputenc}
in the document preamble.
Alternatively, save the file in UTF-8 using your editor or another tool


../matlab/visualization/myAnimate.m:251: LaTeX Error: Invalid UTF-8 byte sequence (�\expandafter).

See the LaTeX manual or LaTeX Companion for explanation.
Type  H <return>  for immediate help.
 ...                                              
                                                  
l.251 ....     % eje Y logarítmico: cada década 
                                                  ocupa el mismo espacio
The document does not appear to be in UTF-8 encoding.
Try adding \UseRawInputEncoding as the first line of the file
or specify an encoding such as \usepackage [latin1]{inputenc}
in the document preamble.
Alternatively, save the file in UTF-8 using your editor or another tool


../matlab/visualization/myAnimate.m:251: LaTeX Error: Invalid UTF-8 byte "A9.

See the LaTeX manual or LaTeX Companion for explanation.
Type  H <return>  for immediate help.
 ...                                              
                                                  
l.251 ....     % eje Y logarítmico: cada década 
                                                  ocupa el mismo espacio
The document does not appear to be in UTF-8 encoding.
Try adding \UseRawInputEncoding as the first line of the file
or specify an encoding such as \usepackage [latin1]{inputenc}
in the document preamble.
Alternatively, save the file in UTF-8 using your editor or another tool


../matlab/visualization/myAnimate.m:252: LaTeX Error: Invalid UTF-8 byte sequence (�\expandafter).

See the LaTeX manual or LaTeX Companion for explanation.
Type  H <return>  for immediate help.
 ...                                              
                                                  
l.252 ...n X (el eje X no tiene significado aquí)
                                                  
The document does not appear to be in UTF-8 encoding.
Try adding \UseRawInputEncoding as the first line of the file
or specify an encoding such as \usepackage [latin1]{inputenc}
in the document preamble.
Alternatively, save the file in UTF-8 using your editor or another tool


../matlab/visualization/myAnimate.m:252: LaTeX Error: Invalid UTF-8 byte "AD.

See the LaTeX manual or LaTeX Companion for explanation.
Type  H <return>  for immediate help.
 ...                                              
                                                  
l.252 ...n X (el eje X no tiene significado aquí)
                                                  
The document does not appear to be in UTF-8 encoding.
Try adding \UseRawInputEncoding as the first line of the file
or specify an encoding such as \usepackage [latin1]{inputenc}
in the document preamble.
Alternatively, save the file in UTF-8 using your editor or another tool


../matlab/visualization/myAnimate.m:264: LaTeX Error: Invalid UTF-8 byte sequence (�\expandafter).

See the LaTeX manual or LaTeX Companion for explanation.
Type  H <return>  for immediate help.
 ...                                              
                                                  
l.264 ...reutiliza como cuadro de texto numérico 
                                                  (truco de layout):
The document does not appear to be in UTF-8 encoding.
Try adding \UseRawInputEncoding as the first line of the file
or specify an encoding such as \usepackage [latin1]{inputenc}
in the document preamble.
Alternatively, save the file in UTF-8 using your editor or another tool


../matlab/visualization/myAnimate.m:264: LaTeX Error: Invalid UTF-8 byte "A9.

See the LaTeX manual or LaTeX Companion for explanation.
Type  H <return>  for immediate help.
 ...                                              
                                                  
l.264 ...reutiliza como cuadro de texto numérico 
                                                  (truco de layout):
The document does not appear to be in UTF-8 encoding.
Try adding \UseRawInputEncoding as the first line of the file
or specify an encoding such as \usepackage [latin1]{inputenc}
in the document preamble.
Alternatively, save the file in UTF-8 using your editor or another tool


../matlab/visualization/myAnimate.m:265: LaTeX Error: Invalid UTF-8 byte sequence (�\lst@FillFixed@).

See the LaTeX manual or LaTeX Companion for explanation.
Type  H <return>  for immediate help.
 ...                                              
                                                  
l.265 % muestra κ(
                   J) redondeado y σ_min con 4 decimales.
The document does not appear to be in UTF-8 encoding.
Try adding \UseRawInputEncoding as the first line of the file
or specify an encoding such as \usepackage [latin1]{inputenc}
in the document preamble.
Alternatively, save the file in UTF-8 using your editor or another tool


../matlab/visualization/myAnimate.m:265: LaTeX Error: Invalid UTF-8 byte "BA.

See the LaTeX manual or LaTeX Companion for explanation.
Type  H <return>  for immediate help.
 ...                                              
                                                  
l.265 % muestra κ(
                   J) redondeado y σ_min con 4 decimales.
The document does not appear to be in UTF-8 encoding.
Try adding \UseRawInputEncoding as the first line of the file
or specify an encoding such as \usepackage [latin1]{inputenc}
in the document preamble.
Alternatively, save the file in UTF-8 using your editor or another tool


../matlab/visualization/myAnimate.m:265: LaTeX Error: Invalid UTF-8 byte sequence (�\lst@FillFixed@).

See the LaTeX manual or LaTeX Companion for explanation.
Type  H <return>  for immediate help.
 ...                                              
                                                  
l.265 % muestra κ(J) redondeado y σ_min 
                                          con 4 decimales.
The document does not appear to be in UTF-8 encoding.
Try adding \UseRawInputEncoding as the first line of the file
or specify an encoding such as \usepackage [latin1]{inputenc}
in the document preamble.
Alternatively, save the file in UTF-8 using your editor or another tool


../matlab/visualization/myAnimate.m:265: LaTeX Error: Invalid UTF-8 byte "83.

See the LaTeX manual or LaTeX Companion for explanation.
Type  H <return>  for immediate help.
 ...                                              
                                                  
l.265 % muestra κ(J) redondeado y σ_min 
                                          con 4 decimales.
The document does not appear to be in UTF-8 encoding.
Try adding \UseRawInputEncoding as the first line of the file
or specify an encoding such as \usepackage [latin1]{inputenc}
in the document preamble.
Alternatively, save the file in UTF-8 using your editor or another tool


../matlab/visualization/myAnimate.m:269: LaTeX Error: Invalid UTF-8 byte sequence (�\expandafter).

See the LaTeX manual or LaTeX Companion for explanation.
Type  H <return>  for immediate help.
 ...                                              
                                                  
l.269 ...vertencia de singularidad (visible sólo 
                                                  cuando κ > sing_thresh).
The document does not appear to be in UTF-8 encoding.
Try adding \UseRawInputEncoding as the first line of the file
or specify an encoding such as \usepackage [latin1]{inputenc}
in the document preamble.
Alternatively, save the file in UTF-8 using your editor or another tool


../matlab/visualization/myAnimate.m:269: LaTeX Error: Invalid UTF-8 byte "B3.

See the LaTeX manual or LaTeX Companion for explanation.
Type  H <return>  for immediate help.
 ...                                              
                                                  
l.269 ...vertencia de singularidad (visible sólo 
                                                  cuando κ > sing_thresh).
The document does not appear to be in UTF-8 encoding.
Try adding \UseRawInputEncoding as the first line of the file
or specify an encoding such as \usepackage [latin1]{inputenc}
in the document preamble.
Alternatively, save the file in UTF-8 using your editor or another tool


../matlab/visualization/myAnimate.m:269: LaTeX Error: Invalid UTF-8 byte sequence (�\lst@FillFixed@).

See the LaTeX manual or LaTeX Companion for explanation.
Type  H <return>  for immediate help.
 ...                                              
                                                  
l.269 ...de singularidad (visible sólo cuando κ 
                                                  > sing_thresh).
The document does not appear to be in UTF-8 encoding.
Try adding \UseRawInputEncoding as the first line of the file
or specify an encoding such as \usepackage [latin1]{inputenc}
in the document preamble.
Alternatively, save the file in UTF-8 using your editor or another tool


../matlab/visualization/myAnimate.m:269: LaTeX Error: Invalid UTF-8 byte "BA.

See the LaTeX manual or LaTeX Companion for explanation.
Type  H <return>  for immediate help.
 ...                                              
                                                  
l.269 ...de singularidad (visible sólo cuando κ 
                                                  > sing_thresh).
The document does not appear to be in UTF-8 encoding.
Try adding \UseRawInputEncoding as the first line of the file
or specify an encoding such as \usepackage [latin1]{inputenc}
in the document preamble.
Alternatively, save the file in UTF-8 using your editor or another tool


../matlab/visualization/myAnimate.m:270: LaTeX Error: Invalid UTF-8 byte sequence (�\lst@FillFixed@\lst@EC�).

See the LaTeX manual or LaTeX Companion for explanation.
Type  H <return>  for immediate help.
 ...                                              
                                                  
l.270 % 'Units','normalized' → 
                                 posición relativa al panel, independiente ...
The document does not appear to be in UTF-8 encoding.
Try adding \UseRawInputEncoding as the first line of the file
or specify an encoding such as \usepackage [latin1]{inputenc}
in the document preamble.
Alternatively, save the file in UTF-8 using your editor or another tool


../matlab/visualization/myAnimate.m:270: LaTeX Error: Invalid UTF-8 byte "92.

See the LaTeX manual or LaTeX Companion for explanation.
Type  H <return>  for immediate help.
 ...                                              
                                                  
l.270 % 'Units','normalized' → 
                                 posición relativa al panel, independiente ...
The document does not appear to be in UTF-8 encoding.
Try adding \UseRawInputEncoding as the first line of the file
or specify an encoding such as \usepackage [latin1]{inputenc}
in the document preamble.
Alternatively, save the file in UTF-8 using your editor or another tool


../matlab/visualization/myAnimate.m:270: LaTeX Error: Invalid UTF-8 byte sequence (�\expandafter).

See the LaTeX manual or LaTeX Companion for explanation.
Type  H <return>  for immediate help.
 ...                                              
                                                  
l.270 % 'Units','normalized' → posición 
                                           relativa al panel, independiente ...
The document does not appear to be in UTF-8 encoding.
Try adding \UseRawInputEncoding as the first line of the file
or specify an encoding such as \usepackage [latin1]{inputenc}
in the document preamble.
Alternatively, save the file in UTF-8 using your editor or another tool


../matlab/visualization/myAnimate.m:270: LaTeX Error: Invalid UTF-8 byte "B3.

See the LaTeX manual or LaTeX Companion for explanation.
Type  H <return>  for immediate help.
 ...                                              
                                                  
l.270 % 'Units','normalized' → posición 
                                           relativa al panel, independiente ...
The document does not appear to be in UTF-8 encoding.
Try adding \UseRawInputEncoding as the first line of the file
or specify an encoding such as \usepackage [latin1]{inputenc}
in the document preamble.
Alternatively, save the file in UTF-8 using your editor or another tool


../matlab/visualization/myAnimate.m:283: LaTeX Error: Invalid UTF-8 byte sequence (�\expandafter).

See the LaTeX manual or LaTeX Companion for explanation.
Type  H <return>  for immediate help.
 ...                                              
                                                  
l.283 % Loop de animación
                          
The document does not appear to be in UTF-8 encoding.
Try adding \UseRawInputEncoding as the first line of the file
or specify an encoding such as \usepackage [latin1]{inputenc}
in the document preamble.
Alternatively, save the file in UTF-8 using your editor or another tool


../matlab/visualization/myAnimate.m:283: LaTeX Error: Invalid UTF-8 byte "B3.

See the LaTeX manual or LaTeX Companion for explanation.
Type  H <return>  for immediate help.
 ...                                              
                                                  
l.283 % Loop de animación
                          
The document does not appear to be in UTF-8 encoding.
Try adding \UseRawInputEncoding as the first line of the file
or specify an encoding such as \usepackage [latin1]{inputenc}
in the document preamble.
Alternatively, save the file in UTF-8 using your editor or another tool


../matlab/visualization/myAnimate.m:285: LaTeX Error: Invalid UTF-8 byte sequence (�\expandafter).

See the LaTeX manual or LaTeX Companion for explanation.
Type  H <return>  for immediate help.
 ...                                              
                                                  
l.285 % En cada iteración 
                           i:
The document does not appear to be in UTF-8 encoding.
Try adding \UseRawInputEncoding as the first line of the file
or specify an encoding such as \usepackage [latin1]{inputenc}
in the document preamble.
Alternatively, save the file in UTF-8 using your editor or another tool


../matlab/visualization/myAnimate.m:285: LaTeX Error: Invalid UTF-8 byte "B3.

See the LaTeX manual or LaTeX Companion for explanation.
Type  H <return>  for immediate help.
 ...                                              
                                                  
l.285 % En cada iteración 
                           i:
The document does not appear to be in UTF-8 encoding.
Try adding \UseRawInputEncoding as the first line of the file
or specify an encoding such as \usepackage [latin1]{inputenc}
in the document preamble.
Alternatively, save the file in UTF-8 using your editor or another tool


../matlab/visualization/myAnimate.m:286: LaTeX Error: Invalid UTF-8 byte sequence (�\expandafter).

See the LaTeX manual or LaTeX Companion for explanation.
Type  H <return>  for immediate help.
 ...                                              
                                                  
l.286 ...e mueve el modelo 3D a la configuración 
                                                  q_sub(i,:).
The document does not appear to be in UTF-8 encoding.
Try adding \UseRawInputEncoding as the first line of the file
or specify an encoding such as \usepackage [latin1]{inputenc}
in the document preamble.
Alternatively, save the file in UTF-8 using your editor or another tool


../matlab/visualization/myAnimate.m:286: LaTeX Error: Invalid UTF-8 byte "B3.

See the LaTeX manual or LaTeX Companion for explanation.
Type  H <return>  for immediate help.
 ...                                              
                                                  
l.286 ...e mueve el modelo 3D a la configuración 
                                                  q_sub(i,:).
The document does not appear to be in UTF-8 encoding.
Try adding \UseRawInputEncoding as the first line of the file
or specify an encoding such as \usepackage [latin1]{inputenc}
in the document preamble.
Alternatively, save the file in UTF-8 using your editor or another tool


../matlab/visualization/myAnimate.m:288: LaTeX Error: Invalid UTF-8 byte sequence (�\expandafter).

See the LaTeX manual or LaTeX Companion for explanation.
Type  H <return>  for immediate help.
 ...                                              
                                                  
l.288 %   3. Se actualiza la barra de condición 
                                                 del Jacobiano (panel derecho).
The document does not appear to be in UTF-8 encoding.
Try adding \UseRawInputEncoding as the first line of the file
or specify an encoding such as \usepackage [latin1]{inputenc}
in the document preamble.
Alternatively, save the file in UTF-8 using your editor or another tool


../matlab/visualization/myAnimate.m:288: LaTeX Error: Invalid UTF-8 byte "B3.

See the LaTeX manual or LaTeX Companion for explanation.
Type  H <return>  for immediate help.
 ...                                              
                                                  
l.288 %   3. Se actualiza la barra de condición 
                                                 del Jacobiano (panel derecho).
The document does not appear to be in UTF-8 encoding.
Try adding \UseRawInputEncoding as the first line of the file
or specify an encoding such as \usepackage [latin1]{inputenc}
in the document preamble.
Alternatively, save the file in UTF-8 using your editor or another tool


../matlab/visualization/myAnimate.m:289: LaTeX Error: Invalid UTF-8 byte sequence (�\expandafter).

See the LaTeX manual or LaTeX Companion for explanation.
Type  H <return>  for immediate help.
 ...                                              
                                                  
l.289 ...redibujado inmediato del buffer gráfico.
                                                  
The document does not appear to be in UTF-8 encoding.
Try adding \UseRawInputEncoding as the first line of the file
or specify an encoding such as \usepackage [latin1]{inputenc}
in the document preamble.
Alternatively, save the file in UTF-8 using your editor or another tool


../matlab/visualization/myAnimate.m:289: LaTeX Error: Invalid UTF-8 byte "A1.

See the LaTeX manual or LaTeX Companion for explanation.
Type  H <return>  for immediate help.
 ...                                              
                                                  
l.289 ...redibujado inmediato del buffer gráfico.
                                                  
The document does not appear to be in UTF-8 encoding.
Try adding \UseRawInputEncoding as the first line of the file
or specify an encoding such as \usepackage [latin1]{inputenc}
in the document preamble.
Alternatively, save the file in UTF-8 using your editor or another tool

[83]

../matlab/visualization/myAnimate.m:290: LaTeX Error: Invalid UTF-8 byte sequence (�\expandafter).

See the LaTeX manual or LaTeX Companion for explanation.
Type  H <return>  for immediate help.
 ...                                              
                                                  
l.290 ...sincroniza la velocidad de reproducción 
                                                  con anim_fps.
The document does not appear to be in UTF-8 encoding.
Try adding \UseRawInputEncoding as the first line of the file
or specify an encoding such as \usepackage [latin1]{inputenc}
in the document preamble.
Alternatively, save the file in UTF-8 using your editor or another tool


../matlab/visualization/myAnimate.m:290: LaTeX Error: Invalid UTF-8 byte "B3.

See the LaTeX manual or LaTeX Companion for explanation.
Type  H <return>  for immediate help.
 ...                                              
                                                  
l.290 ...sincroniza la velocidad de reproducción 
                                                  con anim_fps.
The document does not appear to be in UTF-8 encoding.
Try adding \UseRawInputEncoding as the first line of the file
or specify an encoding such as \usepackage [latin1]{inputenc}
in the document preamble.
Alternatively, save the file in UTF-8 using your editor or another tool


../matlab/visualization/myAnimate.m:293: LaTeX Error: Invalid UTF-8 byte sequence (�\expandafter).

See the LaTeX manual or LaTeX Companion for explanation.
Type  H <return>  for immediate help.
 ...                                              
                                                  
l.293 % de borrar y recrear objetos gráficos,
                                               lo que es mucho más rápido ...
The document does not appear to be in UTF-8 encoding.
Try adding \UseRawInputEncoding as the first line of the file
or specify an encoding such as \usepackage [latin1]{inputenc}
in the document preamble.
Alternatively, save the file in UTF-8 using your editor or another tool


../matlab/visualization/myAnimate.m:293: LaTeX Error: Invalid UTF-8 byte "A1.

See the LaTeX manual or LaTeX Companion for explanation.
Type  H <return>  for immediate help.
 ...                                              
                                                  
l.293 % de borrar y recrear objetos gráficos,
                                               lo que es mucho más rápido ...
The document does not appear to be in UTF-8 encoding.
Try adding \UseRawInputEncoding as the first line of the file
or specify an encoding such as \usepackage [latin1]{inputenc}
in the document preamble.
Alternatively, save the file in UTF-8 using your editor or another tool


../matlab/visualization/myAnimate.m:293: LaTeX Error: Invalid UTF-8 byte sequence (�\expandafter).

See the LaTeX manual or LaTeX Companion for explanation.
Type  H <return>  for immediate help.
 ...                                              
                                                  
l.293 ... objetos gráficos, lo que es mucho más 
                                                  rápido (~10×).
The document does not appear to be in UTF-8 encoding.
Try adding \UseRawInputEncoding as the first line of the file
or specify an encoding such as \usepackage [latin1]{inputenc}
in the document preamble.
Alternatively, save the file in UTF-8 using your editor or another tool


../matlab/visualization/myAnimate.m:293: LaTeX Error: Invalid UTF-8 byte "A1.

See the LaTeX manual or LaTeX Companion for explanation.
Type  H <return>  for immediate help.
 ...                                              
                                                  
l.293 ... objetos gráficos, lo que es mucho más 
                                                  rápido (~10×).
The document does not appear to be in UTF-8 encoding.
Try adding \UseRawInputEncoding as the first line of the file
or specify an encoding such as \usepackage [latin1]{inputenc}
in the document preamble.
Alternatively, save the file in UTF-8 using your editor or another tool


../matlab/visualization/myAnimate.m:293: LaTeX Error: Invalid UTF-8 byte sequence (�\expandafter).

See the LaTeX manual or LaTeX Companion for explanation.
Type  H <return>  for immediate help.
 ...                                              
                                                  
l.293 ... gráficos, lo que es mucho más rápido 
                                                  (~10×).
The document does not appear to be in UTF-8 encoding.
Try adding \UseRawInputEncoding as the first line of the file
or specify an encoding such as \usepackage [latin1]{inputenc}
in the document preamble.
Alternatively, save the file in UTF-8 using your editor or another tool


../matlab/visualization/myAnimate.m:293: LaTeX Error: Invalid UTF-8 byte "A1.

See the LaTeX manual or LaTeX Companion for explanation.
Type  H <return>  for immediate help.
 ...                                              
                                                  
l.293 ... gráficos, lo que es mucho más rápido 
                                                  (~10×).
The document does not appear to be in UTF-8 encoding.
Try adding \UseRawInputEncoding as the first line of the file
or specify an encoding such as \usepackage [latin1]{inputenc}
in the document preamble.
Alternatively, save the file in UTF-8 using your editor or another tool


../matlab/visualization/myAnimate.m:293: LaTeX Error: Invalid UTF-8 byte sequence (�\lst@FillFixed@).

See the LaTeX manual or LaTeX Companion for explanation.
Type  H <return>  for immediate help.
 ...                                              
                                                  
l.293 ...cos, lo que es mucho más rápido (~10×)
                                                  .
The document does not appear to be in UTF-8 encoding.
Try adding \UseRawInputEncoding as the first line of the file
or specify an encoding such as \usepackage [latin1]{inputenc}
in the document preamble.
Alternatively, save the file in UTF-8 using your editor or another tool


../matlab/visualization/myAnimate.m:293: LaTeX Error: Invalid UTF-8 byte "97.

See the LaTeX manual or LaTeX Companion for explanation.
Type  H <return>  for immediate help.
 ...                                              
                                                  
l.293 ...cos, lo que es mucho más rápido (~10×)
                                                  .
The document does not appear to be in UTF-8 encoding.
Try adding \UseRawInputEncoding as the first line of the file
or specify an encoding such as \usepackage [latin1]{inputenc}
in the document preamble.
Alternatively, save the file in UTF-8 using your editor or another tool


../matlab/visualization/myAnimate.m:301: LaTeX Error: Invalid UTF-8 byte sequence (�\expandafter).

See the LaTeX manual or LaTeX Companion for explanation.
Type  H <return>  for immediate help.
 ...                                              
                                                  
l.301         % Normalización:
                                 q_norm = (q - q_min) / (q_max - q_min)  ∈...
The document does not appear to be in UTF-8 encoding.
Try adding \UseRawInputEncoding as the first line of the file
or specify an encoding such as \usepackage [latin1]{inputenc}
in the document preamble.
Alternatively, save the file in UTF-8 using your editor or another tool


../matlab/visualization/myAnimate.m:301: LaTeX Error: Invalid UTF-8 byte "B3.

See the LaTeX manual or LaTeX Companion for explanation.
Type  H <return>  for immediate help.
 ...                                              
                                                  
l.301         % Normalización:
                                 q_norm = (q - q_min) / (q_max - q_min)  ∈...
The document does not appear to be in UTF-8 encoding.
Try adding \UseRawInputEncoding as the first line of the file
or specify an encoding such as \usepackage [latin1]{inputenc}
in the document preamble.
Alternatively, save the file in UTF-8 using your editor or another tool


../matlab/visualization/myAnimate.m:301: LaTeX Error: Invalid UTF-8 byte sequence (�\lst@FillFixed@\lst@EC�).

See the LaTeX manual or LaTeX Companion for explanation.
Type  H <return>  for immediate help.
 ...                                              
                                                  
l.301 ...orm = (q - q_min) / (q_max - q_min)  ∈ 
                                                  [0,1]
The document does not appear to be in UTF-8 encoding.
Try adding \UseRawInputEncoding as the first line of the file
or specify an encoding such as \usepackage [latin1]{inputenc}
in the document preamble.
Alternatively, save the file in UTF-8 using your editor or another tool


../matlab/visualization/myAnimate.m:301: LaTeX Error: Invalid UTF-8 byte "88.

See the LaTeX manual or LaTeX Companion for explanation.
Type  H <return>  for immediate help.
 ...                                              
                                                  
l.301 ...orm = (q - q_min) / (q_max - q_min)  ∈ 
                                                  [0,1]
The document does not appear to be in UTF-8 encoding.
Try adding \UseRawInputEncoding as the first line of the file
or specify an encoding such as \usepackage [latin1]{inputenc}
in the document preamble.
Alternatively, save the file in UTF-8 using your editor or another tool


../matlab/visualization/myAnimate.m:304: LaTeX Error: Invalid UTF-8 byte sequence (�\expandafter).

See the LaTeX manual or LaTeX Companion for explanation.
Type  H <return>  for immediate help.
 ...                                              
                                                  
l.304         % Distancia al límite 
                                     más cercano, mapeada a [0,1]:
The document does not appear to be in UTF-8 encoding.
Try adding \UseRawInputEncoding as the first line of the file
or specify an encoding such as \usepackage [latin1]{inputenc}
in the document preamble.
Alternatively, save the file in UTF-8 using your editor or another tool


../matlab/visualization/myAnimate.m:304: LaTeX Error: Invalid UTF-8 byte "AD.

See the LaTeX manual or LaTeX Companion for explanation.
Type  H <return>  for immediate help.
 ...                                              
                                                  
l.304         % Distancia al límite 
                                     más cercano, mapeada a [0,1]:
The document does not appear to be in UTF-8 encoding.
Try adding \UseRawInputEncoding as the first line of the file
or specify an encoding such as \usepackage [latin1]{inputenc}
in the document preamble.
Alternatively, save the file in UTF-8 using your editor or another tool


../matlab/visualization/myAnimate.m:304: LaTeX Error: Invalid UTF-8 byte sequence (�\expandafter).

See the LaTeX manual or LaTeX Companion for explanation.
Type  H <return>  for immediate help.
 ...                                              
                                                  
l.304         % Distancia al límite más 
                                          cercano, mapeada a [0,1]:
The document does not appear to be in UTF-8 encoding.
Try adding \UseRawInputEncoding as the first line of the file
or specify an encoding such as \usepackage [latin1]{inputenc}
in the document preamble.
Alternatively, save the file in UTF-8 using your editor or another tool


../matlab/visualization/myAnimate.m:304: LaTeX Error: Invalid UTF-8 byte "A1.

See the LaTeX manual or LaTeX Companion for explanation.
Type  H <return>  for immediate help.
 ...                                              
                                                  
l.304         % Distancia al límite más 
                                          cercano, mapeada a [0,1]:
The document does not appear to be in UTF-8 encoding.
Try adding \UseRawInputEncoding as the first line of the file
or specify an encoding such as \usepackage [latin1]{inputenc}
in the document preamble.
Alternatively, save the file in UTF-8 using your editor or another tool


../matlab/visualization/myAnimate.m:305: LaTeX Error: Invalid UTF-8 byte sequence (�\lst@FillFixed@\lst@EC�).

See the LaTeX manual or LaTeX Companion for explanation.
Type  H <return>  for immediate help.
 ...                                              
                                                  
l.305         % t = 0 → 
                          articulación en el centro del rango  → color verde
The document does not appear to be in UTF-8 encoding.
Try adding \UseRawInputEncoding as the first line of the file
or specify an encoding such as \usepackage [latin1]{inputenc}
in the document preamble.
Alternatively, save the file in UTF-8 using your editor or another tool


../matlab/visualization/myAnimate.m:305: LaTeX Error: Invalid UTF-8 byte "92.

See the LaTeX manual or LaTeX Companion for explanation.
Type  H <return>  for immediate help.
 ...                                              
                                                  
l.305         % t = 0 → 
                          articulación en el centro del rango  → color verde
The document does not appear to be in UTF-8 encoding.
Try adding \UseRawInputEncoding as the first line of the file
or specify an encoding such as \usepackage [latin1]{inputenc}
in the document preamble.
Alternatively, save the file in UTF-8 using your editor or another tool


../matlab/visualization/myAnimate.m:305: LaTeX Error: Invalid UTF-8 byte sequence (�\expandafter).

See the LaTeX manual or LaTeX Companion for explanation.
Type  H <return>  for immediate help.
 ...                                              
                                                  
l.305         % t = 0 → articulación 
                                        en el centro del rango  → color verde
The document does not appear to be in UTF-8 encoding.
Try adding \UseRawInputEncoding as the first line of the file
or specify an encoding such as \usepackage [latin1]{inputenc}
in the document preamble.
Alternatively, save the file in UTF-8 using your editor or another tool


../matlab/visualization/myAnimate.m:305: LaTeX Error: Invalid UTF-8 byte "B3.

See the LaTeX manual or LaTeX Companion for explanation.
Type  H <return>  for immediate help.
 ...                                              
                                                  
l.305         % t = 0 → articulación 
                                        en el centro del rango  → color verde
The document does not appear to be in UTF-8 encoding.
Try adding \UseRawInputEncoding as the first line of the file
or specify an encoding such as \usepackage [latin1]{inputenc}
in the document preamble.
Alternatively, save the file in UTF-8 using your editor or another tool


../matlab/visualization/myAnimate.m:305: LaTeX Error: Invalid UTF-8 byte sequence (�\lst@FillFixed@\lst@EC�).

See the LaTeX manual or LaTeX Companion for explanation.
Type  H <return>  for immediate help.
 ...                                              
                                                  
l.305 ...rticulación en el centro del rango  → 
                                                  color verde
The document does not appear to be in UTF-8 encoding.
Try adding \UseRawInputEncoding as the first line of the file
or specify an encoding such as \usepackage [latin1]{inputenc}
in the document preamble.
Alternatively, save the file in UTF-8 using your editor or another tool


../matlab/visualization/myAnimate.m:305: LaTeX Error: Invalid UTF-8 byte "92.

See the LaTeX manual or LaTeX Companion for explanation.
Type  H <return>  for immediate help.
 ...                                              
                                                  
l.305 ...rticulación en el centro del rango  → 
                                                  color verde
The document does not appear to be in UTF-8 encoding.
Try adding \UseRawInputEncoding as the first line of the file
or specify an encoding such as \usepackage [latin1]{inputenc}
in the document preamble.
Alternatively, save the file in UTF-8 using your editor or another tool


../matlab/visualization/myAnimate.m:306: LaTeX Error: Invalid UTF-8 byte sequence (�\lst@FillFixed@\lst@EC�).

See the LaTeX manual or LaTeX Companion for explanation.
Type  H <return>  for immediate help.
 ...                                              
                                                  
l.306         % t = 1 → 
                          articulación tocando un límite        → color ...
The document does not appear to be in UTF-8 encoding.
Try adding \UseRawInputEncoding as the first line of the file
or specify an encoding such as \usepackage [latin1]{inputenc}
in the document preamble.
Alternatively, save the file in UTF-8 using your editor or another tool


../matlab/visualization/myAnimate.m:306: LaTeX Error: Invalid UTF-8 byte "92.

See the LaTeX manual or LaTeX Companion for explanation.
Type  H <return>  for immediate help.
 ...                                              
                                                  
l.306         % t = 1 → 
                          articulación tocando un límite        → color ...
The document does not appear to be in UTF-8 encoding.
Try adding \UseRawInputEncoding as the first line of the file
or specify an encoding such as \usepackage [latin1]{inputenc}
in the document preamble.
Alternatively, save the file in UTF-8 using your editor or another tool


../matlab/visualization/myAnimate.m:306: LaTeX Error: Invalid UTF-8 byte sequence (�\expandafter).

See the LaTeX manual or LaTeX Companion for explanation.
Type  H <return>  for immediate help.
 ...                                              
                                                  
l.306         % t = 1 → articulación 
                                        tocando un límite        → color ...
The document does not appear to be in UTF-8 encoding.
Try adding \UseRawInputEncoding as the first line of the file
or specify an encoding such as \usepackage [latin1]{inputenc}
in the document preamble.
Alternatively, save the file in UTF-8 using your editor or another tool


../matlab/visualization/myAnimate.m:306: LaTeX Error: Invalid UTF-8 byte "B3.

See the LaTeX manual or LaTeX Companion for explanation.
Type  H <return>  for immediate help.
 ...                                              
                                                  
l.306         % t = 1 → articulación 
                                        tocando un límite        → color ...
The document does not appear to be in UTF-8 encoding.
Try adding \UseRawInputEncoding as the first line of the file
or specify an encoding such as \usepackage [latin1]{inputenc}
in the document preamble.
Alternatively, save the file in UTF-8 using your editor or another tool


../matlab/visualization/myAnimate.m:306: LaTeX Error: Invalid UTF-8 byte sequence (�\expandafter).

See the LaTeX manual or LaTeX Companion for explanation.
Type  H <return>  for immediate help.
 ...                                              
                                                  
l.306 ...= 1 → articulación tocando un límite 
                                                         → color rojo
The document does not appear to be in UTF-8 encoding.
Try adding \UseRawInputEncoding as the first line of the file
or specify an encoding such as \usepackage [latin1]{inputenc}
in the document preamble.
Alternatively, save the file in UTF-8 using your editor or another tool


../matlab/visualization/myAnimate.m:306: LaTeX Error: Invalid UTF-8 byte "AD.

See the LaTeX manual or LaTeX Companion for explanation.
Type  H <return>  for immediate help.
 ...                                              
                                                  
l.306 ...= 1 → articulación tocando un límite 
                                                         → color rojo
The document does not appear to be in UTF-8 encoding.
Try adding \UseRawInputEncoding as the first line of the file
or specify an encoding such as \usepackage [latin1]{inputenc}
in the document preamble.
Alternatively, save the file in UTF-8 using your editor or another tool


../matlab/visualization/myAnimate.m:306: LaTeX Error: Invalid UTF-8 byte sequence (�\lst@FillFixed@\lst@EC�).

See the LaTeX manual or LaTeX Companion for explanation.
Type  H <return>  for immediate help.
 ...                                              
                                                  
l.306 ...iculación tocando un límite        → 
                                                  color rojo
The document does not appear to be in UTF-8 encoding.
Try adding \UseRawInputEncoding as the first line of the file
or specify an encoding such as \usepackage [latin1]{inputenc}
in the document preamble.
Alternatively, save the file in UTF-8 using your editor or another tool


../matlab/visualization/myAnimate.m:306: LaTeX Error: Invalid UTF-8 byte "92.

See the LaTeX manual or LaTeX Companion for explanation.
Type  H <return>  for immediate help.
 ...                                              
                                                  
l.306 ...iculación tocando un límite        → 
                                                  color rojo
The document does not appear to be in UTF-8 encoding.
Try adding \UseRawInputEncoding as the first line of the file
or specify an encoding such as \usepackage [latin1]{inputenc}
in the document preamble.
Alternatively, save the file in UTF-8 using your editor or another tool


../matlab/visualization/myAnimate.m:309: LaTeX Error: Invalid UTF-8 byte sequence (�\expandafter).

See the LaTeX manual or LaTeX Companion for explanation.
Type  H <return>  for immediate help.
 ...                                              
                                                  
l.309         % XData fija la posición 
                                        horizontal del marcador; Color cambi...
The document does not appear to be in UTF-8 encoding.
Try adding \UseRawInputEncoding as the first line of the file
or specify an encoding such as \usepackage [latin1]{inputenc}
in the document preamble.
Alternatively, save the file in UTF-8 using your editor or another tool


../matlab/visualization/myAnimate.m:309: LaTeX Error: Invalid UTF-8 byte "B3.

See the LaTeX manual or LaTeX Companion for explanation.
Type  H <return>  for immediate help.
 ...                                              
                                                  
l.309         % XData fija la posición 
                                        horizontal del marcador; Color cambi...
The document does not appear to be in UTF-8 encoding.
Try adding \UseRawInputEncoding as the first line of the file
or specify an encoding such as \usepackage [latin1]{inputenc}
in the document preamble.
Alternatively, save the file in UTF-8 using your editor or another tool


../matlab/visualization/myAnimate.m:309: LaTeX Error: Invalid UTF-8 byte sequence (�\expandafter).

See the LaTeX manual or LaTeX Companion for explanation.
Type  H <return>  for immediate help.
 ...                                              
                                                  
l.309 ...zontal del marcador; Color cambia según 
                                                  t
The document does not appear to be in UTF-8 encoding.
Try adding \UseRawInputEncoding as the first line of the file
or specify an encoding such as \usepackage [latin1]{inputenc}
in the document preamble.
Alternatively, save the file in UTF-8 using your editor or another tool


../matlab/visualization/myAnimate.m:309: LaTeX Error: Invalid UTF-8 byte "BA.

See the LaTeX manual or LaTeX Companion for explanation.
Type  H <return>  for immediate help.
 ...                                              
                                                  
l.309 ...zontal del marcador; Color cambia según 
                                                  t
The document does not appear to be in UTF-8 encoding.
Try adding \UseRawInputEncoding as the first line of the file
or specify an encoding such as \usepackage [latin1]{inputenc}
in the document preamble.
Alternatively, save the file in UTF-8 using your editor or another tool


../matlab/visualization/myAnimate.m:313: LaTeX Error: Invalid UTF-8 byte sequence (�\expandafter).

See the LaTeX manual or LaTeX Companion for explanation.
Type  H <return>  for immediate help.
 ...                                              
                                                  
l.313 ... derecho: actualizar barra de condición 
                                                  del Jacobiano --
The document does not appear to be in UTF-8 encoding.
Try adding \UseRawInputEncoding as the first line of the file
or specify an encoding such as \usepackage [latin1]{inputenc}
in the document preamble.
Alternatively, save the file in UTF-8 using your editor or another tool


../matlab/visualization/myAnimate.m:313: LaTeX Error: Invalid UTF-8 byte "B3.

See the LaTeX manual or LaTeX Companion for explanation.
Type  H <return>  for immediate help.
 ...                                              
                                                  
l.313 ... derecho: actualizar barra de condición 
                                                  del Jacobiano --
The document does not appear to be in UTF-8 encoding.
Try adding \UseRawInputEncoding as the first line of the file
or specify an encoding such as \usepackage [latin1]{inputenc}
in the document preamble.
Alternatively, save the file in UTF-8 using your editor or another tool


../matlab/visualization/myAnimate.m:317: LaTeX Error: Invalid UTF-8 byte sequence (�\expandafter).

See the LaTeX manual or LaTeX Companion for explanation.
Type  H <return>  for immediate help.
 ...                                              
                                                  
l.317     % Mapeo logarítmico 
                               de cval al intervalo [0,1]:
The document does not appear to be in UTF-8 encoding.
Try adding \UseRawInputEncoding as the first line of the file
or specify an encoding such as \usepackage [latin1]{inputenc}
in the document preamble.
Alternatively, save the file in UTF-8 using your editor or another tool


../matlab/visualization/myAnimate.m:317: LaTeX Error: Invalid UTF-8 byte "AD.

See the LaTeX manual or LaTeX Companion for explanation.
Type  H <return>  for immediate help.
 ...                                              
                                                  
l.317     % Mapeo logarítmico 
                               de cval al intervalo [0,1]:
The document does not appear to be in UTF-8 encoding.
Try adding \UseRawInputEncoding as the first line of the file
or specify an encoding such as \usepackage [latin1]{inputenc}
in the document preamble.
Alternatively, save the file in UTF-8 using your editor or another tool


../matlab/visualization/myAnimate.m:318: LaTeX Error: Invalid UTF-8 byte sequence (�\lst@FillFixed@).

See the LaTeX manual or LaTeX Companion for explanation.
Type  H <return>  for immediate help.
 ...                                              
                                                  
l.318     % t = (log10(κ)
                           - log10(κ_min)) / (log10(κ_max) - log10(κ_min))
The document does not appear to be in UTF-8 encoding.
Try adding \UseRawInputEncoding as the first line of the file
or specify an encoding such as \usepackage [latin1]{inputenc}
in the document preamble.
Alternatively, save the file in UTF-8 using your editor or another tool


../matlab/visualization/myAnimate.m:318: LaTeX Error: Invalid UTF-8 byte "BA.

See the LaTeX manual or LaTeX Companion for explanation.
Type  H <return>  for immediate help.
 ...                                              
                                                  
l.318     % t = (log10(κ)
                           - log10(κ_min)) / (log10(κ_max) - log10(κ_min))
The document does not appear to be in UTF-8 encoding.
Try adding \UseRawInputEncoding as the first line of the file
or specify an encoding such as \usepackage [latin1]{inputenc}
in the document preamble.
Alternatively, save the file in UTF-8 using your editor or another tool


../matlab/visualization/myAnimate.m:318: LaTeX Error: Invalid UTF-8 byte sequence (�\lst@FillFixed@).

See the LaTeX manual or LaTeX Companion for explanation.
Type  H <return>  for immediate help.
 ...                                              
                                                  
l.318     % t = (log10(κ) - log10(κ_min)
                                          ) / (log10(κ_max) - log10(κ_min))
The document does not appear to be in UTF-8 encoding.
Try adding \UseRawInputEncoding as the first line of the file
or specify an encoding such as \usepackage [latin1]{inputenc}
in the document preamble.
Alternatively, save the file in UTF-8 using your editor or another tool


../matlab/visualization/myAnimate.m:318: LaTeX Error: Invalid UTF-8 byte "BA.

See the LaTeX manual or LaTeX Companion for explanation.
Type  H <return>  for immediate help.
 ...                                              
                                                  
l.318     % t = (log10(κ) - log10(κ_min)
                                          ) / (log10(κ_max) - log10(κ_min))
The document does not appear to be in UTF-8 encoding.
Try adding \UseRawInputEncoding as the first line of the file
or specify an encoding such as \usepackage [latin1]{inputenc}
in the document preamble.
Alternatively, save the file in UTF-8 using your editor or another tool


../matlab/visualization/myAnimate.m:318: LaTeX Error: Invalid UTF-8 byte sequence (�\lst@FillFixed@).

See the LaTeX manual or LaTeX Companion for explanation.
Type  H <return>  for immediate help.
 ...                                              
                                                  
l.318 ...g10(κ) - log10(κ_min)) / (log10(κ_max)
                                                   - log10(κ_min))
The document does not appear to be in UTF-8 encoding.
Try adding \UseRawInputEncoding as the first line of the file
or specify an encoding such as \usepackage [latin1]{inputenc}
in the document preamble.
Alternatively, save the file in UTF-8 using your editor or another tool


../matlab/visualization/myAnimate.m:318: LaTeX Error: Invalid UTF-8 byte "BA.

See the LaTeX manual or LaTeX Companion for explanation.
Type  H <return>  for immediate help.
 ...                                              
                                                  
l.318 ...g10(κ) - log10(κ_min)) / (log10(κ_max)
                                                   - log10(κ_min))
The document does not appear to be in UTF-8 encoding.
Try adding \UseRawInputEncoding as the first line of the file
or specify an encoding such as \usepackage [latin1]{inputenc}
in the document preamble.
Alternatively, save the file in UTF-8 using your editor or another tool


../matlab/visualization/myAnimate.m:318: LaTeX Error: Invalid UTF-8 byte sequence (�\lst@FillFixed@).

See the LaTeX manual or LaTeX Companion for explanation.
Type  H <return>  for immediate help.
 ...                                              
                                                  
l.318 ...κ_min)) / (log10(κ_max) - log10(κ_min)
                                                  )
The document does not appear to be in UTF-8 encoding.
Try adding \UseRawInputEncoding as the first line of the file
or specify an encoding such as \usepackage [latin1]{inputenc}
in the document preamble.
Alternatively, save the file in UTF-8 using your editor or another tool


../matlab/visualization/myAnimate.m:318: LaTeX Error: Invalid UTF-8 byte "BA.

See the LaTeX manual or LaTeX Companion for explanation.
Type  H <return>  for immediate help.
 ...                                              
                                                  
l.318 ...κ_min)) / (log10(κ_max) - log10(κ_min)
                                                  )
The document does not appear to be in UTF-8 encoding.
Try adding \UseRawInputEncoding as the first line of the file
or specify an encoding such as \usepackage [latin1]{inputenc}
in the document preamble.
Alternatively, save the file in UTF-8 using your editor or another tool


../matlab/visualization/myAnimate.m:319: LaTeX Error: Invalid UTF-8 byte sequence (�\lst@FillFixed@\lst@EC�).

See the LaTeX manual or LaTeX Companion for explanation.
Type  H <return>  for immediate help.
 ...                                              
                                                  
l.319     % t = 0 → 
                      κ = 1 (isótropo) → verde
The document does not appear to be in UTF-8 encoding.
Try adding \UseRawInputEncoding as the first line of the file
or specify an encoding such as \usepackage [latin1]{inputenc}
in the document preamble.
Alternatively, save the file in UTF-8 using your editor or another tool


../matlab/visualization/myAnimate.m:319: LaTeX Error: Invalid UTF-8 byte "92.

See the LaTeX manual or LaTeX Companion for explanation.
Type  H <return>  for immediate help.
 ...                                              
                                                  
l.319     % t = 0 → 
                      κ = 1 (isótropo) → verde
The document does not appear to be in UTF-8 encoding.
Try adding \UseRawInputEncoding as the first line of the file
or specify an encoding such as \usepackage [latin1]{inputenc}
in the document preamble.
Alternatively, save the file in UTF-8 using your editor or another tool


../matlab/visualization/myAnimate.m:319: LaTeX Error: Invalid UTF-8 byte sequence (�\lst@FillFixed@).

See the LaTeX manual or LaTeX Companion for explanation.
Type  H <return>  for immediate help.
 ...                                              
                                                  
l.319     % t = 0 → κ 
                         = 1 (isótropo) → verde
The document does not appear to be in UTF-8 encoding.
Try adding \UseRawInputEncoding as the first line of the file
or specify an encoding such as \usepackage [latin1]{inputenc}
in the document preamble.
Alternatively, save the file in UTF-8 using your editor or another tool


../matlab/visualization/myAnimate.m:319: LaTeX Error: Invalid UTF-8 byte "BA.

See the LaTeX manual or LaTeX Companion for explanation.
Type  H <return>  for immediate help.
 ...                                              
                                                  
l.319     % t = 0 → κ 
                         = 1 (isótropo) → verde
The document does not appear to be in UTF-8 encoding.
Try adding \UseRawInputEncoding as the first line of the file
or specify an encoding such as \usepackage [latin1]{inputenc}
in the document preamble.
Alternatively, save the file in UTF-8 using your editor or another tool


../matlab/visualization/myAnimate.m:319: LaTeX Error: Invalid UTF-8 byte sequence (�\expandafter).

See the LaTeX manual or LaTeX Companion for explanation.
Type  H <return>  for immediate help.
 ...                                              
                                                  
l.319     % t = 0 → κ = 1 (isótropo)
                                         → verde
The document does not appear to be in UTF-8 encoding.
Try adding \UseRawInputEncoding as the first line of the file
or specify an encoding such as \usepackage [latin1]{inputenc}
in the document preamble.
Alternatively, save the file in UTF-8 using your editor or another tool


../matlab/visualization/myAnimate.m:319: LaTeX Error: Invalid UTF-8 byte "B3.

See the LaTeX manual or LaTeX Companion for explanation.
Type  H <return>  for immediate help.
 ...                                              
                                                  
l.319     % t = 0 → κ = 1 (isótropo)
                                         → verde
The document does not appear to be in UTF-8 encoding.
Try adding \UseRawInputEncoding as the first line of the file
or specify an encoding such as \usepackage [latin1]{inputenc}
in the document preamble.
Alternatively, save the file in UTF-8 using your editor or another tool


../matlab/visualization/myAnimate.m:319: LaTeX Error: Invalid UTF-8 byte sequence (�\lst@FillFixed@\lst@EC�).

See the LaTeX manual or LaTeX Companion for explanation.
Type  H <return>  for immediate help.
 ...                                              
                                                  
l.319     % t = 0 → κ = 1 (isótropo) → 
                                             verde
The document does not appear to be in UTF-8 encoding.
Try adding \UseRawInputEncoding as the first line of the file
or specify an encoding such as \usepackage [latin1]{inputenc}
in the document preamble.
Alternatively, save the file in UTF-8 using your editor or another tool


../matlab/visualization/myAnimate.m:319: LaTeX Error: Invalid UTF-8 byte "92.

See the LaTeX manual or LaTeX Companion for explanation.
Type  H <return>  for immediate help.
 ...                                              
                                                  
l.319     % t = 0 → κ = 1 (isótropo) → 
                                             verde
The document does not appear to be in UTF-8 encoding.
Try adding \UseRawInputEncoding as the first line of the file
or specify an encoding such as \usepackage [latin1]{inputenc}
in the document preamble.
Alternatively, save the file in UTF-8 using your editor or another tool


../matlab/visualization/myAnimate.m:320: LaTeX Error: Invalid UTF-8 byte sequence (�\lst@FillFixed@\lst@EC�).

See the LaTeX manual or LaTeX Companion for explanation.
Type  H <return>  for immediate help.
 ...                                              
                                                  
l.320     % t = 1 → 
                      κ = cond_hi       → rojo
The document does not appear to be in UTF-8 encoding.
Try adding \UseRawInputEncoding as the first line of the file
or specify an encoding such as \usepackage [latin1]{inputenc}
in the document preamble.
Alternatively, save the file in UTF-8 using your editor or another tool


../matlab/visualization/myAnimate.m:320: LaTeX Error: Invalid UTF-8 byte "92.

See the LaTeX manual or LaTeX Companion for explanation.
Type  H <return>  for immediate help.
 ...                                              
                                                  
l.320     % t = 1 → 
                      κ = cond_hi       → rojo
The document does not appear to be in UTF-8 encoding.
Try adding \UseRawInputEncoding as the first line of the file
or specify an encoding such as \usepackage [latin1]{inputenc}
in the document preamble.
Alternatively, save the file in UTF-8 using your editor or another tool


../matlab/visualization/myAnimate.m:320: LaTeX Error: Invalid UTF-8 byte sequence (�\lst@FillFixed@).

See the LaTeX manual or LaTeX Companion for explanation.
Type  H <return>  for immediate help.
 ...                                              
                                                  
l.320     % t = 1 → κ 
                         = cond_hi       → rojo
The document does not appear to be in UTF-8 encoding.
Try adding \UseRawInputEncoding as the first line of the file
or specify an encoding such as \usepackage [latin1]{inputenc}
in the document preamble.
Alternatively, save the file in UTF-8 using your editor or another tool


../matlab/visualization/myAnimate.m:320: LaTeX Error: Invalid UTF-8 byte "BA.

See the LaTeX manual or LaTeX Companion for explanation.
Type  H <return>  for immediate help.
 ...                                              
                                                  
l.320     % t = 1 → κ 
                         = cond_hi       → rojo
The document does not appear to be in UTF-8 encoding.
Try adding \UseRawInputEncoding as the first line of the file
or specify an encoding such as \usepackage [latin1]{inputenc}
in the document preamble.
Alternatively, save the file in UTF-8 using your editor or another tool


../matlab/visualization/myAnimate.m:320: LaTeX Error: Invalid UTF-8 byte sequence (�\lst@FillFixed@\lst@EC�).

See the LaTeX manual or LaTeX Companion for explanation.
Type  H <return>  for immediate help.
 ...                                              
                                                  
l.320     % t = 1 → κ = cond_hi       → 
                                             rojo
The document does not appear to be in UTF-8 encoding.
Try adding \UseRawInputEncoding as the first line of the file
or specify an encoding such as \usepackage [latin1]{inputenc}
in the document preamble.
Alternatively, save the file in UTF-8 using your editor or another tool


../matlab/visualization/myAnimate.m:320: LaTeX Error: Invalid UTF-8 byte "92.

See the LaTeX manual or LaTeX Companion for explanation.
Type  H <return>  for immediate help.
 ...                                              
                                                  
l.320     % t = 1 → κ = cond_hi       → 
                                             rojo
The document does not appear to be in UTF-8 encoding.
Try adding \UseRawInputEncoding as the first line of the file
or specify an encoding such as \usepackage [latin1]{inputenc}
in the document preamble.
Alternatively, save the file in UTF-8 using your editor or another tool


../matlab/visualization/myAnimate.m:328: LaTeX Error: Invalid UTF-8 byte sequence (�\expandafter).

See the LaTeX manual or LaTeX Companion for explanation.
Type  H <return>  for immediate help.
 ...                                              
                                                  
l.328     % Advertencia de singularidad práctica
                                                 
The document does not appear to be in UTF-8 encoding.
Try adding \UseRawInputEncoding as the first line of the file
or specify an encoding such as \usepackage [latin1]{inputenc}
in the document preamble.
Alternatively, save the file in UTF-8 using your editor or another tool


../matlab/visualization/myAnimate.m:328: LaTeX Error: Invalid UTF-8 byte "A1.

See the LaTeX manual or LaTeX Companion for explanation.
Type  H <return>  for immediate help.
 ...                                              
                                                  
l.328     % Advertencia de singularidad práctica
                                                 
The document does not appear to be in UTF-8 encoding.
Try adding \UseRawInputEncoding as the first line of the file
or specify an encoding such as \usepackage [latin1]{inputenc}
in the document preamble.
Alternatively, save the file in UTF-8 using your editor or another tool


../matlab/visualization/myAnimate.m:335: LaTeX Error: Invalid UTF-8 byte sequence (�\expandafter).

See the LaTeX manual or LaTeX Companion for explanation.
Type  H <return>  for immediate help.
 ...                                              
                                                  
l.335 ...          % flushea el pipeline gráfico 
                                                  de MATLAB
The document does not appear to be in UTF-8 encoding.
Try adding \UseRawInputEncoding as the first line of the file
or specify an encoding such as \usepackage [latin1]{inputenc}
in the document preamble.
Alternatively, save the file in UTF-8 using your editor or another tool


../matlab/visualization/myAnimate.m:335: LaTeX Error: Invalid UTF-8 byte "A1.

See the LaTeX manual or LaTeX Companion for explanation.
Type  H <return>  for immediate help.
 ...                                              
                                                  
l.335 ...          % flushea el pipeline gráfico 
                                                  de MATLAB
The document does not appear to be in UTF-8 encoding.
Try adding \UseRawInputEncoding as the first line of the file
or specify an encoding such as \usepackage [latin1]{inputenc}
in the document preamble.
Alternatively, save the file in UTF-8 using your editor or another tool

[84]

../matlab/visualization/myAnimate.m:345: LaTeX Error: Invalid UTF-8 byte sequence (�\lst@FillFixed@).

See the LaTeX manual or LaTeX Companion for explanation.
Type  H <return>  for immediate help.
 ...                                              
                                                  
l.345 % joint_norm  Normaliza un ángulo 
                                         articular al intervalo [0, 1]
The document does not appear to be in UTF-8 encoding.
Try adding \UseRawInputEncoding as the first line of the file
or specify an encoding such as \usepackage [latin1]{inputenc}
in the document preamble.
Alternatively, save the file in UTF-8 using your editor or another tool


../matlab/visualization/myAnimate.m:345: LaTeX Error: Invalid UTF-8 byte "A1.

See the LaTeX manual or LaTeX Companion for explanation.
Type  H <return>  for immediate help.
 ...                                              
                                                  
l.345 % joint_norm  Normaliza un ángulo 
                                         articular al intervalo [0, 1]
The document does not appear to be in UTF-8 encoding.
Try adding \UseRawInputEncoding as the first line of the file
or specify an encoding such as \usepackage [latin1]{inputenc}
in the document preamble.
Alternatively, save the file in UTF-8 using your editor or another tool


../matlab/visualization/myAnimate.m:350: LaTeX Error: Invalid UTF-8 byte sequence (�\expandafter).

See the LaTeX manual or LaTeX Companion for explanation.
Type  H <return>  for immediate help.
 ...                                              
                                                  
l.350 %   si q excede los límites 
                                   nominales (posible en la primera/última ...
The document does not appear to be in UTF-8 encoding.
Try adding \UseRawInputEncoding as the first line of the file
or specify an encoding such as \usepackage [latin1]{inputenc}
in the document preamble.
Alternatively, save the file in UTF-8 using your editor or another tool


../matlab/visualization/myAnimate.m:350: LaTeX Error: Invalid UTF-8 byte "AD.

See the LaTeX manual or LaTeX Companion for explanation.
Type  H <return>  for immediate help.
 ...                                              
                                                  
l.350 %   si q excede los límites 
                                   nominales (posible en la primera/última ...
The document does not appear to be in UTF-8 encoding.
Try adding \UseRawInputEncoding as the first line of the file
or specify an encoding such as \usepackage [latin1]{inputenc}
in the document preamble.
Alternatively, save the file in UTF-8 using your editor or another tool


../matlab/visualization/myAnimate.m:350: LaTeX Error: Invalid UTF-8 byte sequence (�\lst@FillFixed@).

See the LaTeX manual or LaTeX Companion for explanation.
Type  H <return>  for immediate help.
 ...                                              
                                                  
l.350 ...nominales (posible en la primera/última 
                                                  muestra
The document does not appear to be in UTF-8 encoding.
Try adding \UseRawInputEncoding as the first line of the file
or specify an encoding such as \usepackage [latin1]{inputenc}
in the document preamble.
Alternatively, save the file in UTF-8 using your editor or another tool


../matlab/visualization/myAnimate.m:350: LaTeX Error: Invalid UTF-8 byte "BA.

See the LaTeX manual or LaTeX Companion for explanation.
Type  H <return>  for immediate help.
 ...                                              
                                                  
l.350 ...nominales (posible en la primera/última 
                                                  muestra
The document does not appear to be in UTF-8 encoding.
Try adding \UseRawInputEncoding as the first line of the file
or specify an encoding such as \usepackage [latin1]{inputenc}
in the document preamble.
Alternatively, save the file in UTF-8 using your editor or another tool


../matlab/visualization/myAnimate.m:351: LaTeX Error: Invalid UTF-8 byte sequence (�\expandafter).

See the LaTeX manual or LaTeX Companion for explanation.
Type  H <return>  for immediate help.
 ...                                              
                                                  
l.351 ...de la trayectoria por efectos numéricos 
                                                  de la interpolación).
The document does not appear to be in UTF-8 encoding.
Try adding \UseRawInputEncoding as the first line of the file
or specify an encoding such as \usepackage [latin1]{inputenc}
in the document preamble.
Alternatively, save the file in UTF-8 using your editor or another tool


../matlab/visualization/myAnimate.m:351: LaTeX Error: Invalid UTF-8 byte "A9.

See the LaTeX manual or LaTeX Companion for explanation.
Type  H <return>  for immediate help.
 ...                                              
                                                  
l.351 ...de la trayectoria por efectos numéricos 
                                                  de la interpolación).
The document does not appear to be in UTF-8 encoding.
Try adding \UseRawInputEncoding as the first line of the file
or specify an encoding such as \usepackage [latin1]{inputenc}
in the document preamble.
Alternatively, save the file in UTF-8 using your editor or another tool


../matlab/visualization/myAnimate.m:351: LaTeX Error: Invalid UTF-8 byte sequence (�\expandafter).

See the LaTeX manual or LaTeX Companion for explanation.
Type  H <return>  for immediate help.
 ...                                              
                                                  
l.351 ... efectos numéricos de la interpolación)
                                                  .
The document does not appear to be in UTF-8 encoding.
Try adding \UseRawInputEncoding as the first line of the file
or specify an encoding such as \usepackage [latin1]{inputenc}
in the document preamble.
Alternatively, save the file in UTF-8 using your editor or another tool


../matlab/visualization/myAnimate.m:351: LaTeX Error: Invalid UTF-8 byte "B3.

See the LaTeX manual or LaTeX Companion for explanation.
Type  H <return>  for immediate help.
 ...                                              
                                                  
l.351 ... efectos numéricos de la interpolación)
                                                  .
The document does not appear to be in UTF-8 encoding.
Try adding \UseRawInputEncoding as the first line of the file
or specify an encoding such as \usepackage [latin1]{inputenc}
in the document preamble.
Alternatively, save the file in UTF-8 using your editor or another tool


../matlab/visualization/myAnimate.m:357: LaTeX Error: Invalid UTF-8 byte sequence (�\expandafter).

See the LaTeX manual or LaTeX Companion for explanation.
Type  H <return>  for immediate help.
 ...                                              
                                                  
l.357 % limit_t  Mapea la posición 
                                    normalizada a un "nivel de alarma" t ∈...
The document does not appear to be in UTF-8 encoding.
Try adding \UseRawInputEncoding as the first line of the file
or specify an encoding such as \usepackage [latin1]{inputenc}
in the document preamble.
Alternatively, save the file in UTF-8 using your editor or another tool


../matlab/visualization/myAnimate.m:357: LaTeX Error: Invalid UTF-8 byte "B3.

See the LaTeX manual or LaTeX Companion for explanation.
Type  H <return>  for immediate help.
 ...                                              
                                                  
l.357 % limit_t  Mapea la posición 
                                    normalizada a un "nivel de alarma" t ∈...
The document does not appear to be in UTF-8 encoding.
Try adding \UseRawInputEncoding as the first line of the file
or specify an encoding such as \usepackage [latin1]{inputenc}
in the document preamble.
Alternatively, save the file in UTF-8 using your editor or another tool


../matlab/visualization/myAnimate.m:357: LaTeX Error: Command \textquotedbl unavailable in encoding OT1.

See the LaTeX manual or LaTeX Companion for explanation.
Type  H <return>  for immediate help.
 ...                                              
                                                  
l.357 ...t  Mapea la posición normalizada a un "n
                                                  ivel de alarma" t ∈ [0, 1]
Your command was ignored.
Type  I <command> <return>  to replace it with another command,
or  <return>  to continue without it.


../matlab/visualization/myAnimate.m:357: LaTeX Error: Command \textquotedbl unavailable in encoding OT1.

See the LaTeX manual or LaTeX Companion for explanation.
Type  H <return>  for immediate help.
 ...                                              
                                                  
l.357 ...ción normalizada a un "nivel de alarma" 
                                                  t ∈ [0, 1]
Your command was ignored.
Type  I <command> <return>  to replace it with another command,
or  <return>  to continue without it.


../matlab/visualization/myAnimate.m:357: LaTeX Error: Invalid UTF-8 byte sequence (�\lst@FillFixed@\lst@EC�).

See the LaTeX manual or LaTeX Companion for explanation.
Type  H <return>  for immediate help.
 ...                                              
                                                  
l.357 ...normalizada a un "nivel de alarma" t ∈ 
                                                  [0, 1]
The document does not appear to be in UTF-8 encoding.
Try adding \UseRawInputEncoding as the first line of the file
or specify an encoding such as \usepackage [latin1]{inputenc}
in the document preamble.
Alternatively, save the file in UTF-8 using your editor or another tool


../matlab/visualization/myAnimate.m:357: LaTeX Error: Invalid UTF-8 byte "88.

See the LaTeX manual or LaTeX Companion for explanation.
Type  H <return>  for immediate help.
 ...                                              
                                                  
l.357 ...normalizada a un "nivel de alarma" t ∈ 
                                                  [0, 1]
The document does not appear to be in UTF-8 encoding.
Try adding \UseRawInputEncoding as the first line of the file
or specify an encoding such as \usepackage [latin1]{inputenc}
in the document preamble.
Alternatively, save the file in UTF-8 using your editor or another tool


../matlab/visualization/myAnimate.m:359: LaTeX Error: Invalid UTF-8 byte sequence (�\expandafter).

See the LaTeX manual or LaTeX Companion for explanation.
Type  H <return>  for immediate help.
 ...                                              
                                                  
l.359 ...argin = distancia normalizada al límite 
                                                  más cercano:
The document does not appear to be in UTF-8 encoding.
Try adding \UseRawInputEncoding as the first line of the file
or specify an encoding such as \usepackage [latin1]{inputenc}
in the document preamble.
Alternatively, save the file in UTF-8 using your editor or another tool


../matlab/visualization/myAnimate.m:359: LaTeX Error: Invalid UTF-8 byte "AD.

See the LaTeX manual or LaTeX Companion for explanation.
Type  H <return>  for immediate help.
 ...                                              
                                                  
l.359 ...argin = distancia normalizada al límite 
                                                  más cercano:
The document does not appear to be in UTF-8 encoding.
Try adding \UseRawInputEncoding as the first line of the file
or specify an encoding such as \usepackage [latin1]{inputenc}
in the document preamble.
Alternatively, save the file in UTF-8 using your editor or another tool


../matlab/visualization/myAnimate.m:359: LaTeX Error: Invalid UTF-8 byte sequence (�\expandafter).

See the LaTeX manual or LaTeX Companion for explanation.
Type  H <return>  for immediate help.
 ...                                              
                                                  
l.359 ... = distancia normalizada al límite más 
                                                  cercano:
The document does not appear to be in UTF-8 encoding.
Try adding \UseRawInputEncoding as the first line of the file
or specify an encoding such as \usepackage [latin1]{inputenc}
in the document preamble.
Alternatively, save the file in UTF-8 using your editor or another tool


../matlab/visualization/myAnimate.m:359: LaTeX Error: Invalid UTF-8 byte "A1.

See the LaTeX manual or LaTeX Companion for explanation.
Type  H <return>  for immediate help.
 ...                                              
                                                  
l.359 ... = distancia normalizada al límite más 
                                                  cercano:
The document does not appear to be in UTF-8 encoding.
Try adding \UseRawInputEncoding as the first line of the file
or specify an encoding such as \usepackage [latin1]{inputenc}
in the document preamble.
Alternatively, save the file in UTF-8 using your editor or another tool


../matlab/visualization/myAnimate.m:360: LaTeX Error: Invalid UTF-8 byte sequence (�\lst@FillFixed@\lst@EC�).

See the LaTeX manual or LaTeX Companion for explanation.
Type  H <return>  for immediate help.
 ...                                              
                                                  
l.360 %     margin = min(q_norm, 1 - q_norm)  ∈ 
                                                  [0, 0.5]
The document does not appear to be in UTF-8 encoding.
Try adding \UseRawInputEncoding as the first line of the file
or specify an encoding such as \usepackage [latin1]{inputenc}
in the document preamble.
Alternatively, save the file in UTF-8 using your editor or another tool


../matlab/visualization/myAnimate.m:360: LaTeX Error: Invalid UTF-8 byte "88.

See the LaTeX manual or LaTeX Companion for explanation.
Type  H <return>  for immediate help.
 ...                                              
                                                  
l.360 %     margin = min(q_norm, 1 - q_norm)  ∈ 
                                                  [0, 0.5]
The document does not appear to be in UTF-8 encoding.
Try adding \UseRawInputEncoding as the first line of the file
or specify an encoding such as \usepackage [latin1]{inputenc}
in the document preamble.
Alternatively, save the file in UTF-8 using your editor or another tool


../matlab/visualization/myAnimate.m:361: LaTeX Error: Invalid UTF-8 byte sequence (�\lst@FillFixed@\lst@EC�).

See the LaTeX manual or LaTeX Companion for explanation.
Type  H <return>  for immediate help.
 ...                                              
                                                  
l.361 %     → 
                margin = 0    si q_norm ∈ {0, 1}  (en el límite)
The document does not appear to be in UTF-8 encoding.
Try adding \UseRawInputEncoding as the first line of the file
or specify an encoding such as \usepackage [latin1]{inputenc}
in the document preamble.
Alternatively, save the file in UTF-8 using your editor or another tool


../matlab/visualization/myAnimate.m:361: LaTeX Error: Invalid UTF-8 byte "92.

See the LaTeX manual or LaTeX Companion for explanation.
Type  H <return>  for immediate help.
 ...                                              
                                                  
l.361 %     → 
                margin = 0    si q_norm ∈ {0, 1}  (en el límite)
The document does not appear to be in UTF-8 encoding.
Try adding \UseRawInputEncoding as the first line of the file
or specify an encoding such as \usepackage [latin1]{inputenc}
in the document preamble.
Alternatively, save the file in UTF-8 using your editor or another tool


../matlab/visualization/myAnimate.m:361: LaTeX Error: Invalid UTF-8 byte sequence (�\lst@FillFixed@\lst@EC�).

See the LaTeX manual or LaTeX Companion for explanation.
Type  H <return>  for immediate help.
 ...                                              
                                                  
l.361 %     → margin = 0    si q_norm ∈ 
                                            {0, 1}  (en el límite)
The document does not appear to be in UTF-8 encoding.
Try adding \UseRawInputEncoding as the first line of the file
or specify an encoding such as \usepackage [latin1]{inputenc}
in the document preamble.
Alternatively, save the file in UTF-8 using your editor or another tool


../matlab/visualization/myAnimate.m:361: LaTeX Error: Invalid UTF-8 byte "88.

See the LaTeX manual or LaTeX Companion for explanation.
Type  H <return>  for immediate help.
 ...                                              
                                                  
l.361 %     → margin = 0    si q_norm ∈ 
                                            {0, 1}  (en el límite)
The document does not appear to be in UTF-8 encoding.
Try adding \UseRawInputEncoding as the first line of the file
or specify an encoding such as \usepackage [latin1]{inputenc}
in the document preamble.
Alternatively, save the file in UTF-8 using your editor or another tool


../matlab/visualization/myAnimate.m:361: LaTeX Error: Invalid UTF-8 byte sequence (�\expandafter).

See the LaTeX manual or LaTeX Companion for explanation.
Type  H <return>  for immediate help.
 ...                                              
                                                  
l.361 ...    si q_norm ∈ {0, 1}  (en el límite)
                                                  
The document does not appear to be in UTF-8 encoding.
Try adding \UseRawInputEncoding as the first line of the file
or specify an encoding such as \usepackage [latin1]{inputenc}
in the document preamble.
Alternatively, save the file in UTF-8 using your editor or another tool


../matlab/visualization/myAnimate.m:361: LaTeX Error: Invalid UTF-8 byte "AD.

See the LaTeX manual or LaTeX Companion for explanation.
Type  H <return>  for immediate help.
 ...                                              
                                                  
l.361 ...    si q_norm ∈ {0, 1}  (en el límite)
                                                  
The document does not appear to be in UTF-8 encoding.
Try adding \UseRawInputEncoding as the first line of the file
or specify an encoding such as \usepackage [latin1]{inputenc}
in the document preamble.
Alternatively, save the file in UTF-8 using your editor or another tool


../matlab/visualization/myAnimate.m:362: LaTeX Error: Invalid UTF-8 byte sequence (�\lst@FillFixed@\lst@EC�).

See the LaTeX manual or LaTeX Companion for explanation.
Type  H <return>  for immediate help.
 ...                                              
                                                  
l.362 %     → 
                margin = 0.5  si q_norm = 0.5     (en el centro)
The document does not appear to be in UTF-8 encoding.
Try adding \UseRawInputEncoding as the first line of the file
or specify an encoding such as \usepackage [latin1]{inputenc}
in the document preamble.
Alternatively, save the file in UTF-8 using your editor or another tool


../matlab/visualization/myAnimate.m:362: LaTeX Error: Invalid UTF-8 byte "92.

See the LaTeX manual or LaTeX Companion for explanation.
Type  H <return>  for immediate help.
 ...                                              
                                                  
l.362 %     → 
                margin = 0.5  si q_norm = 0.5     (en el centro)
The document does not appear to be in UTF-8 encoding.
Try adding \UseRawInputEncoding as the first line of the file
or specify an encoding such as \usepackage [latin1]{inputenc}
in the document preamble.
Alternatively, save the file in UTF-8 using your editor or another tool


../matlab/visualization/myAnimate.m:365: LaTeX Error: Invalid UTF-8 byte sequence (�\lst@FillFixed@\lst@EC�).

See the LaTeX manual or LaTeX Companion for explanation.
Type  H <return>  for immediate help.
 ...                                              
                                                  
l.365 %     → 
                t = 1  si margin = 0            (en el límite)        → rojo
The document does not appear to be in UTF-8 encoding.
Try adding \UseRawInputEncoding as the first line of the file
or specify an encoding such as \usepackage [latin1]{inputenc}
in the document preamble.
Alternatively, save the file in UTF-8 using your editor or another tool


../matlab/visualization/myAnimate.m:365: LaTeX Error: Invalid UTF-8 byte "92.

See the LaTeX manual or LaTeX Companion for explanation.
Type  H <return>  for immediate help.
 ...                                              
                                                  
l.365 %     → 
                t = 1  si margin = 0            (en el límite)        → rojo
The document does not appear to be in UTF-8 encoding.
Try adding \UseRawInputEncoding as the first line of the file
or specify an encoding such as \usepackage [latin1]{inputenc}
in the document preamble.
Alternatively, save the file in UTF-8 using your editor or another tool


../matlab/visualization/myAnimate.m:365: LaTeX Error: Invalid UTF-8 byte sequence (�\expandafter).

See the LaTeX manual or LaTeX Companion for explanation.
Type  H <return>  for immediate help.
 ...                                              
                                                  
l.365 ... si margin = 0            (en el límite)
                                                          → rojo
The document does not appear to be in UTF-8 encoding.
Try adding \UseRawInputEncoding as the first line of the file
or specify an encoding such as \usepackage [latin1]{inputenc}
in the document preamble.
Alternatively, save the file in UTF-8 using your editor or another tool


../matlab/visualization/myAnimate.m:365: LaTeX Error: Invalid UTF-8 byte "AD.

See the LaTeX manual or LaTeX Companion for explanation.
Type  H <return>  for immediate help.
 ...                                              
                                                  
l.365 ... si margin = 0            (en el límite)
                                                          → rojo
The document does not appear to be in UTF-8 encoding.
Try adding \UseRawInputEncoding as the first line of the file
or specify an encoding such as \usepackage [latin1]{inputenc}
in the document preamble.
Alternatively, save the file in UTF-8 using your editor or another tool


../matlab/visualization/myAnimate.m:365: LaTeX Error: Invalid UTF-8 byte sequence (�\lst@FillFixed@\lst@EC�).

See the LaTeX manual or LaTeX Companion for explanation.
Type  H <return>  for immediate help.
 ...                                              
                                                  
l.365 ... 0            (en el límite)        → 
                                                  rojo
The document does not appear to be in UTF-8 encoding.
Try adding \UseRawInputEncoding as the first line of the file
or specify an encoding such as \usepackage [latin1]{inputenc}
in the document preamble.
Alternatively, save the file in UTF-8 using your editor or another tool


../matlab/visualization/myAnimate.m:365: LaTeX Error: Invalid UTF-8 byte "92.

See the LaTeX manual or LaTeX Companion for explanation.
Type  H <return>  for immediate help.
 ...                                              
                                                  
l.365 ... 0            (en el límite)        → 
                                                  rojo
The document does not appear to be in UTF-8 encoding.
Try adding \UseRawInputEncoding as the first line of the file
or specify an encoding such as \usepackage [latin1]{inputenc}
in the document preamble.
Alternatively, save the file in UTF-8 using your editor or another tool


../matlab/visualization/myAnimate.m:366: LaTeX Error: Invalid UTF-8 byte sequence (�\lst@FillFixed@\lst@EC�).

See the LaTeX manual or LaTeX Companion for explanation.
Type  H <return>  for immediate help.
 ...                                              
                                                  
l.366 %     → 
                t = 0  si margin ≥ warn_frac    (zona segura)         → ...
The document does not appear to be in UTF-8 encoding.
Try adding \UseRawInputEncoding as the first line of the file
or specify an encoding such as \usepackage [latin1]{inputenc}
in the document preamble.
Alternatively, save the file in UTF-8 using your editor or another tool


../matlab/visualization/myAnimate.m:366: LaTeX Error: Invalid UTF-8 byte "92.

See the LaTeX manual or LaTeX Companion for explanation.
Type  H <return>  for immediate help.
 ...                                              
                                                  
l.366 %     → 
                t = 0  si margin ≥ warn_frac    (zona segura)         → ...
The document does not appear to be in UTF-8 encoding.
Try adding \UseRawInputEncoding as the first line of the file
or specify an encoding such as \usepackage [latin1]{inputenc}
in the document preamble.
Alternatively, save the file in UTF-8 using your editor or another tool


../matlab/visualization/myAnimate.m:366: LaTeX Error: Invalid UTF-8 byte sequence (�\lst@FillFixed@\lst@EC�).

See the LaTeX manual or LaTeX Companion for explanation.
Type  H <return>  for immediate help.
 ...                                              
                                                  
l.366 %     → t = 0  si margin ≥ 
                                     warn_frac    (zona segura)         → ...
The document does not appear to be in UTF-8 encoding.
Try adding \UseRawInputEncoding as the first line of the file
or specify an encoding such as \usepackage [latin1]{inputenc}
in the document preamble.
Alternatively, save the file in UTF-8 using your editor or another tool


../matlab/visualization/myAnimate.m:366: LaTeX Error: Invalid UTF-8 byte "A5.

See the LaTeX manual or LaTeX Companion for explanation.
Type  H <return>  for immediate help.
 ...                                              
                                                  
l.366 %     → t = 0  si margin ≥ 
                                     warn_frac    (zona segura)         → ...
The document does not appear to be in UTF-8 encoding.
Try adding \UseRawInputEncoding as the first line of the file
or specify an encoding such as \usepackage [latin1]{inputenc}
in the document preamble.
Alternatively, save the file in UTF-8 using your editor or another tool


../matlab/visualization/myAnimate.m:366: LaTeX Error: Invalid UTF-8 byte sequence (�\lst@FillFixed@\lst@EC�).

See the LaTeX manual or LaTeX Companion for explanation.
Type  H <return>  for immediate help.
 ...                                              
                                                  
l.366 ...� warn_frac    (zona segura)         → 
                                                  verde
The document does not appear to be in UTF-8 encoding.
Try adding \UseRawInputEncoding as the first line of the file
or specify an encoding such as \usepackage [latin1]{inputenc}
in the document preamble.
Alternatively, save the file in UTF-8 using your editor or another tool


../matlab/visualization/myAnimate.m:366: LaTeX Error: Invalid UTF-8 byte "92.

See the LaTeX manual or LaTeX Companion for explanation.
Type  H <return>  for immediate help.
 ...                                              
                                                  
l.366 ...� warn_frac    (zona segura)         → 
                                                  verde
The document does not appear to be in UTF-8 encoding.
Try adding \UseRawInputEncoding as the first line of the file
or specify an encoding such as \usepackage [latin1]{inputenc}
in the document preamble.
Alternatively, save the file in UTF-8 using your editor or another tool


../matlab/visualization/myAnimate.m:367: LaTeX Error: Invalid UTF-8 byte sequence (�\lst@FillFixed@\lst@EC�).

See the LaTeX manual or LaTeX Companion for explanation.
Type  H <return>  for immediate help.
 ...                                              
                                                  
l.367 %     → 
                t ∈ (0,1) dentro de la zona de advertencia [0, warn_frac]
The document does not appear to be in UTF-8 encoding.
Try adding \UseRawInputEncoding as the first line of the file
or specify an encoding such as \usepackage [latin1]{inputenc}
in the document preamble.
Alternatively, save the file in UTF-8 using your editor or another tool


../matlab/visualization/myAnimate.m:367: LaTeX Error: Invalid UTF-8 byte "92.

See the LaTeX manual or LaTeX Companion for explanation.
Type  H <return>  for immediate help.
 ...                                              
                                                  
l.367 %     → 
                t ∈ (0,1) dentro de la zona de advertencia [0, warn_frac]
The document does not appear to be in UTF-8 encoding.
Try adding \UseRawInputEncoding as the first line of the file
or specify an encoding such as \usepackage [latin1]{inputenc}
in the document preamble.
Alternatively, save the file in UTF-8 using your editor or another tool


../matlab/visualization/myAnimate.m:367: LaTeX Error: Invalid UTF-8 byte sequence (�\lst@FillFixed@\lst@EC�).

See the LaTeX manual or LaTeX Companion for explanation.
Type  H <return>  for immediate help.
 ...                                              
                                                  
l.367 %     → t ∈ 
                      (0,1) dentro de la zona de advertencia [0, warn_frac]
The document does not appear to be in UTF-8 encoding.
Try adding \UseRawInputEncoding as the first line of the file
or specify an encoding such as \usepackage [latin1]{inputenc}
in the document preamble.
Alternatively, save the file in UTF-8 using your editor or another tool


../matlab/visualization/myAnimate.m:367: LaTeX Error: Invalid UTF-8 byte "88.

See the LaTeX manual or LaTeX Companion for explanation.
Type  H <return>  for immediate help.
 ...                                              
                                                  
l.367 %     → t ∈ 
                      (0,1) dentro de la zona de advertencia [0, warn_frac]
The document does not appear to be in UTF-8 encoding.
Try adding \UseRawInputEncoding as the first line of the file
or specify an encoding such as \usepackage [latin1]{inputenc}
in the document preamble.
Alternatively, save the file in UTF-8 using your editor or another tool


../matlab/visualization/myAnimate.m:369: LaTeX Error: Invalid UTF-8 byte sequence (�\expandafter).

See the LaTeX manual or LaTeX Companion for explanation.
Type  H <return>  for immediate help.
 ...                                              
                                                  
l.369 %   La saturación 
                         con max(0,...) garantiza t ≥ 0 en la zona central.
The document does not appear to be in UTF-8 encoding.
Try adding \UseRawInputEncoding as the first line of the file
or specify an encoding such as \usepackage [latin1]{inputenc}
in the document preamble.
Alternatively, save the file in UTF-8 using your editor or another tool


../matlab/visualization/myAnimate.m:369: LaTeX Error: Invalid UTF-8 byte "B3.

See the LaTeX manual or LaTeX Companion for explanation.
Type  H <return>  for immediate help.
 ...                                              
                                                  
l.369 %   La saturación 
                         con max(0,...) garantiza t ≥ 0 en la zona central.
The document does not appear to be in UTF-8 encoding.
Try adding \UseRawInputEncoding as the first line of the file
or specify an encoding such as \usepackage [latin1]{inputenc}
in the document preamble.
Alternatively, save the file in UTF-8 using your editor or another tool


../matlab/visualization/myAnimate.m:369: LaTeX Error: Invalid UTF-8 byte sequence (�\lst@FillFixed@\lst@EC�).

See the LaTeX manual or LaTeX Companion for explanation.
Type  H <return>  for immediate help.
 ...                                              
                                                  
l.369 ...turación con max(0,...) garantiza t ≥ 
                                                  0 en la zona central.
The document does not appear to be in UTF-8 encoding.
Try adding \UseRawInputEncoding as the first line of the file
or specify an encoding such as \usepackage [latin1]{inputenc}
in the document preamble.
Alternatively, save the file in UTF-8 using your editor or another tool


../matlab/visualization/myAnimate.m:369: LaTeX Error: Invalid UTF-8 byte "A5.

See the LaTeX manual or LaTeX Companion for explanation.
Type  H <return>  for immediate help.
 ...                                              
                                                  
l.369 ...turación con max(0,...) garantiza t ≥ 
                                                  0 en la zona central.
The document does not appear to be in UTF-8 encoding.
Try adding \UseRawInputEncoding as the first line of the file
or specify an encoding such as \usepackage [latin1]{inputenc}
in the document preamble.
Alternatively, save the file in UTF-8 using your editor or another tool


../matlab/visualization/myAnimate.m:375: LaTeX Error: Invalid UTF-8 byte sequence (�\expandafter).

See the LaTeX manual or LaTeX Companion for explanation.
Type  H <return>  for immediate help.
 ...                                              
                                                  
l.375 % bar_t  Mapea el número 
                                de condición κ a t ∈ [0, 1] en escala lo...
The document does not appear to be in UTF-8 encoding.
Try adding \UseRawInputEncoding as the first line of the file
or specify an encoding such as \usepackage [latin1]{inputenc}
in the document preamble.
Alternatively, save the file in UTF-8 using your editor or another tool


../matlab/visualization/myAnimate.m:375: LaTeX Error: Invalid UTF-8 byte "BA.

See the LaTeX manual or LaTeX Companion for explanation.
Type  H <return>  for immediate help.
 ...                                              
                                                  
l.375 % bar_t  Mapea el número 
                                de condición κ a t ∈ [0, 1] en escala lo...
The document does not appear to be in UTF-8 encoding.
Try adding \UseRawInputEncoding as the first line of the file
or specify an encoding such as \usepackage [latin1]{inputenc}
in the document preamble.
Alternatively, save the file in UTF-8 using your editor or another tool


../matlab/visualization/myAnimate.m:375: LaTeX Error: Invalid UTF-8 byte sequence (�\expandafter).

See the LaTeX manual or LaTeX Companion for explanation.
Type  H <return>  for immediate help.
 ...                                              
                                                  
l.375 % bar_t  Mapea el número de condición 
                                              κ a t ∈ [0, 1] en escala lo...
The document does not appear to be in UTF-8 encoding.
Try adding \UseRawInputEncoding as the first line of the file
or specify an encoding such as \usepackage [latin1]{inputenc}
in the document preamble.
Alternatively, save the file in UTF-8 using your editor or another tool


../matlab/visualization/myAnimate.m:375: LaTeX Error: Invalid UTF-8 byte "B3.

See the LaTeX manual or LaTeX Companion for explanation.
Type  H <return>  for immediate help.
 ...                                              
                                                  
l.375 % bar_t  Mapea el número de condición 
                                              κ a t ∈ [0, 1] en escala lo...
The document does not appear to be in UTF-8 encoding.
Try adding \UseRawInputEncoding as the first line of the file
or specify an encoding such as \usepackage [latin1]{inputenc}
in the document preamble.
Alternatively, save the file in UTF-8 using your editor or another tool


../matlab/visualization/myAnimate.m:375: LaTeX Error: Invalid UTF-8 byte sequence (�\lst@FillFixed@).

See the LaTeX manual or LaTeX Companion for explanation.
Type  H <return>  for immediate help.
 ...                                              
                                                  
l.375 % bar_t  Mapea el número de condición κ 
                                                 a t ∈ [0, 1] en escala lo...
The document does not appear to be in UTF-8 encoding.
Try adding \UseRawInputEncoding as the first line of the file
or specify an encoding such as \usepackage [latin1]{inputenc}
in the document preamble.
Alternatively, save the file in UTF-8 using your editor or another tool


../matlab/visualization/myAnimate.m:375: LaTeX Error: Invalid UTF-8 byte "BA.

See the LaTeX manual or LaTeX Companion for explanation.
Type  H <return>  for immediate help.
 ...                                              
                                                  
l.375 % bar_t  Mapea el número de condición κ 
                                                 a t ∈ [0, 1] en escala lo...
The document does not appear to be in UTF-8 encoding.
Try adding \UseRawInputEncoding as the first line of the file
or specify an encoding such as \usepackage [latin1]{inputenc}
in the document preamble.
Alternatively, save the file in UTF-8 using your editor or another tool


../matlab/visualization/myAnimate.m:375: LaTeX Error: Invalid UTF-8 byte sequence (�\lst@FillFixed@\lst@EC�).

See the LaTeX manual or LaTeX Companion for explanation.
Type  H <return>  for immediate help.
 ...                                              
                                                  
l.375 ...apea el número de condición κ a t ∈ 
                                                  [0, 1] en escala logarítmica
The document does not appear to be in UTF-8 encoding.
Try adding \UseRawInputEncoding as the first line of the file
or specify an encoding such as \usepackage [latin1]{inputenc}
in the document preamble.
Alternatively, save the file in UTF-8 using your editor or another tool


../matlab/visualization/myAnimate.m:375: LaTeX Error: Invalid UTF-8 byte "88.

See the LaTeX manual or LaTeX Companion for explanation.
Type  H <return>  for immediate help.
 ...                                              
                                                  
l.375 ...apea el número de condición κ a t ∈ 
                                                  [0, 1] en escala logarítmica
The document does not appear to be in UTF-8 encoding.
Try adding \UseRawInputEncoding as the first line of the file
or specify an encoding such as \usepackage [latin1]{inputenc}
in the document preamble.
Alternatively, save the file in UTF-8 using your editor or another tool


../matlab/visualization/myAnimate.m:375: LaTeX Error: Invalid UTF-8 byte sequence (�\expandafter).

See the LaTeX manual or LaTeX Companion for explanation.
Type  H <return>  for immediate help.
 ...                                              
                                                  
l.375 ... κ a t ∈ [0, 1] en escala logarítmica
                                                  
The document does not appear to be in UTF-8 encoding.
Try adding \UseRawInputEncoding as the first line of the file
or specify an encoding such as \usepackage [latin1]{inputenc}
in the document preamble.
Alternatively, save the file in UTF-8 using your editor or another tool


../matlab/visualization/myAnimate.m:375: LaTeX Error: Invalid UTF-8 byte "AD.

See the LaTeX manual or LaTeX Companion for explanation.
Type  H <return>  for immediate help.
 ...                                              
                                                  
l.375 ... κ a t ∈ [0, 1] en escala logarítmica
                                                  
The document does not appear to be in UTF-8 encoding.
Try adding \UseRawInputEncoding as the first line of the file
or specify an encoding such as \usepackage [latin1]{inputenc}
in the document preamble.
Alternatively, save the file in UTF-8 using your editor or another tool


../matlab/visualization/myAnimate.m:377: LaTeX Error: Invalid UTF-8 byte sequence (�\lst@FillFixed@).

See the LaTeX manual or LaTeX Companion for explanation.
Type  H <return>  for immediate help.
 ...                                              
                                                  
l.377 %   Se trabaja en escala log porque κ 
                                             puede variar en varios órdenes...
The document does not appear to be in UTF-8 encoding.
Try adding \UseRawInputEncoding as the first line of the file
or specify an encoding such as \usepackage [latin1]{inputenc}
in the document preamble.
Alternatively, save the file in UTF-8 using your editor or another tool


../matlab/visualization/myAnimate.m:377: LaTeX Error: Invalid UTF-8 byte "BA.

See the LaTeX manual or LaTeX Companion for explanation.
Type  H <return>  for immediate help.
 ...                                              
                                                  
l.377 %   Se trabaja en escala log porque κ 
                                             puede variar en varios órdenes...
The document does not appear to be in UTF-8 encoding.
Try adding \UseRawInputEncoding as the first line of the file
or specify an encoding such as \usepackage [latin1]{inputenc}
in the document preamble.
Alternatively, save the file in UTF-8 using your editor or another tool


../matlab/visualization/myAnimate.m:377: LaTeX Error: Invalid UTF-8 byte sequence (�\lst@FillFixed@).

See the LaTeX manual or LaTeX Companion for explanation.
Type  H <return>  for immediate help.
 ...                                              
                                                  
l.377 ...orque κ puede variar en varios órdenes 
                                                  de magnitud.
The document does not appear to be in UTF-8 encoding.
Try adding \UseRawInputEncoding as the first line of the file
or specify an encoding such as \usepackage [latin1]{inputenc}
in the document preamble.
Alternatively, save the file in UTF-8 using your editor or another tool


../matlab/visualization/myAnimate.m:377: LaTeX Error: Invalid UTF-8 byte "B3.

See the LaTeX manual or LaTeX Companion for explanation.
Type  H <return>  for immediate help.
 ...                                              
                                                  
l.377 ...orque κ puede variar en varios órdenes 
                                                  de magnitud.
The document does not appear to be in UTF-8 encoding.
Try adding \UseRawInputEncoding as the first line of the file
or specify an encoding such as \usepackage [latin1]{inputenc}
in the document preamble.
Alternatively, save the file in UTF-8 using your editor or another tool


../matlab/visualization/myAnimate.m:378: LaTeX Error: Invalid UTF-8 byte sequence (�\expandafter).

See the LaTeX manual or LaTeX Companion for explanation.
Type  H <return>  for immediate help.
 ...                                              
                                                  
l.378 %   La transformación 
                             es:
The document does not appear to be in UTF-8 encoding.
Try adding \UseRawInputEncoding as the first line of the file
or specify an encoding such as \usepackage [latin1]{inputenc}
in the document preamble.
Alternatively, save the file in UTF-8 using your editor or another tool


../matlab/visualization/myAnimate.m:378: LaTeX Error: Invalid UTF-8 byte "B3.

See the LaTeX manual or LaTeX Companion for explanation.
Type  H <return>  for immediate help.
 ...                                              
                                                  
l.378 %   La transformación 
                             es:
The document does not appear to be in UTF-8 encoding.
Try adding \UseRawInputEncoding as the first line of the file
or specify an encoding such as \usepackage [latin1]{inputenc}
in the document preamble.
Alternatively, save the file in UTF-8 using your editor or another tool


../matlab/visualization/myAnimate.m:379: LaTeX Error: Invalid UTF-8 byte sequence (�\lst@FillFixed@).

See the LaTeX manual or LaTeX Companion for explanation.
Type  H <return>  for immediate help.
 ...                                              
                                                  
l.379 %     t = (log10(κ)
                           - log10(κ_min)) / (log10(κ_max) - log10(κ_min))
The document does not appear to be in UTF-8 encoding.
Try adding \UseRawInputEncoding as the first line of the file
or specify an encoding such as \usepackage [latin1]{inputenc}
in the document preamble.
Alternatively, save the file in UTF-8 using your editor or another tool


../matlab/visualization/myAnimate.m:379: LaTeX Error: Invalid UTF-8 byte "BA.

See the LaTeX manual or LaTeX Companion for explanation.
Type  H <return>  for immediate help.
 ...                                              
                                                  
l.379 %     t = (log10(κ)
                           - log10(κ_min)) / (log10(κ_max) - log10(κ_min))
The document does not appear to be in UTF-8 encoding.
Try adding \UseRawInputEncoding as the first line of the file
or specify an encoding such as \usepackage [latin1]{inputenc}
in the document preamble.
Alternatively, save the file in UTF-8 using your editor or another tool


../matlab/visualization/myAnimate.m:379: LaTeX Error: Invalid UTF-8 byte sequence (�\lst@FillFixed@).

See the LaTeX manual or LaTeX Companion for explanation.
Type  H <return>  for immediate help.
 ...                                              
                                                  
l.379 %     t = (log10(κ) - log10(κ_min)
                                          ) / (log10(κ_max) - log10(κ_min))
The document does not appear to be in UTF-8 encoding.
Try adding \UseRawInputEncoding as the first line of the file
or specify an encoding such as \usepackage [latin1]{inputenc}
in the document preamble.
Alternatively, save the file in UTF-8 using your editor or another tool


../matlab/visualization/myAnimate.m:379: LaTeX Error: Invalid UTF-8 byte "BA.

See the LaTeX manual or LaTeX Companion for explanation.
Type  H <return>  for immediate help.
 ...                                              
                                                  
l.379 %     t = (log10(κ) - log10(κ_min)
                                          ) / (log10(κ_max) - log10(κ_min))
The document does not appear to be in UTF-8 encoding.
Try adding \UseRawInputEncoding as the first line of the file
or specify an encoding such as \usepackage [latin1]{inputenc}
in the document preamble.
Alternatively, save the file in UTF-8 using your editor or another tool


../matlab/visualization/myAnimate.m:379: LaTeX Error: Invalid UTF-8 byte sequence (�\lst@FillFixed@).

See the LaTeX manual or LaTeX Companion for explanation.
Type  H <return>  for immediate help.
 ...                                              
                                                  
l.379 ...g10(κ) - log10(κ_min)) / (log10(κ_max)
                                                   - log10(κ_min))
The document does not appear to be in UTF-8 encoding.
Try adding \UseRawInputEncoding as the first line of the file
or specify an encoding such as \usepackage [latin1]{inputenc}
in the document preamble.
Alternatively, save the file in UTF-8 using your editor or another tool


../matlab/visualization/myAnimate.m:379: LaTeX Error: Invalid UTF-8 byte "BA.

See the LaTeX manual or LaTeX Companion for explanation.
Type  H <return>  for immediate help.
 ...                                              
                                                  
l.379 ...g10(κ) - log10(κ_min)) / (log10(κ_max)
                                                   - log10(κ_min))
The document does not appear to be in UTF-8 encoding.
Try adding \UseRawInputEncoding as the first line of the file
or specify an encoding such as \usepackage [latin1]{inputenc}
in the document preamble.
Alternatively, save the file in UTF-8 using your editor or another tool


../matlab/visualization/myAnimate.m:379: LaTeX Error: Invalid UTF-8 byte sequence (�\lst@FillFixed@).

See the LaTeX manual or LaTeX Companion for explanation.
Type  H <return>  for immediate help.
 ...                                              
                                                  
l.379 ...κ_min)) / (log10(κ_max) - log10(κ_min)
                                                  )
The document does not appear to be in UTF-8 encoding.
Try adding \UseRawInputEncoding as the first line of the file
or specify an encoding such as \usepackage [latin1]{inputenc}
in the document preamble.
Alternatively, save the file in UTF-8 using your editor or another tool


../matlab/visualization/myAnimate.m:379: LaTeX Error: Invalid UTF-8 byte "BA.

See the LaTeX manual or LaTeX Companion for explanation.
Type  H <return>  for immediate help.
 ...                                              
                                                  
l.379 ...κ_min)) / (log10(κ_max) - log10(κ_min)
                                                  )
The document does not appear to be in UTF-8 encoding.
Try adding \UseRawInputEncoding as the first line of the file
or specify an encoding such as \usepackage [latin1]{inputenc}
in the document preamble.
Alternatively, save the file in UTF-8 using your editor or another tool


../matlab/visualization/myAnimate.m:382: LaTeX Error: Invalid UTF-8 byte sequence (�\lst@FillFixed@).

See the LaTeX manual or LaTeX Companion for explanation.
Type  H <return>  for immediate help.
 ...                                              
                                                  
l.382 %     t = 0  si κ 
                         = κ_min = 1  (robot isótropo, condición perfecta...
The document does not appear to be in UTF-8 encoding.
Try adding \UseRawInputEncoding as the first line of the file
or specify an encoding such as \usepackage [latin1]{inputenc}
in the document preamble.
Alternatively, save the file in UTF-8 using your editor or another tool


../matlab/visualization/myAnimate.m:382: LaTeX Error: Invalid UTF-8 byte "BA.

See the LaTeX manual or LaTeX Companion for explanation.
Type  H <return>  for immediate help.
 ...                                              
                                                  
l.382 %     t = 0  si κ 
                         = κ_min = 1  (robot isótropo, condición perfecta...
The document does not appear to be in UTF-8 encoding.
Try adding \UseRawInputEncoding as the first line of the file
or specify an encoding such as \usepackage [latin1]{inputenc}
in the document preamble.
Alternatively, save the file in UTF-8 using your editor or another tool


../matlab/visualization/myAnimate.m:382: LaTeX Error: Invalid UTF-8 byte sequence (�\lst@FillFixed@).

See the LaTeX manual or LaTeX Companion for explanation.
Type  H <return>  for immediate help.
 ...                                              
                                                  
l.382 %     t = 0  si κ = κ_min 
                                  = 1  (robot isótropo, condición perfecta...
The document does not appear to be in UTF-8 encoding.
Try adding \UseRawInputEncoding as the first line of the file
or specify an encoding such as \usepackage [latin1]{inputenc}
in the document preamble.
Alternatively, save the file in UTF-8 using your editor or another tool


../matlab/visualization/myAnimate.m:382: LaTeX Error: Invalid UTF-8 byte "BA.

See the LaTeX manual or LaTeX Companion for explanation.
Type  H <return>  for immediate help.
 ...                                              
                                                  
l.382 %     t = 0  si κ = κ_min 
                                  = 1  (robot isótropo, condición perfecta...
The document does not appear to be in UTF-8 encoding.
Try adding \UseRawInputEncoding as the first line of the file
or specify an encoding such as \usepackage [latin1]{inputenc}
in the document preamble.
Alternatively, save the file in UTF-8 using your editor or another tool


../matlab/visualization/myAnimate.m:382: LaTeX Error: Invalid UTF-8 byte sequence (�\expandafter).

See the LaTeX manual or LaTeX Companion for explanation.
Type  H <return>  for immediate help.
 ...                                              
                                                  
l.382 ... 0  si κ = κ_min = 1  (robot isótropo,
                                                   condición perfecta) → ...
The document does not appear to be in UTF-8 encoding.
Try adding \UseRawInputEncoding as the first line of the file
or specify an encoding such as \usepackage [latin1]{inputenc}
in the document preamble.
Alternatively, save the file in UTF-8 using your editor or another tool


../matlab/visualization/myAnimate.m:382: LaTeX Error: Invalid UTF-8 byte "B3.

See the LaTeX manual or LaTeX Companion for explanation.
Type  H <return>  for immediate help.
 ...                                              
                                                  
l.382 ... 0  si κ = κ_min = 1  (robot isótropo,
                                                   condición perfecta) → ...
The document does not appear to be in UTF-8 encoding.
Try adding \UseRawInputEncoding as the first line of the file
or specify an encoding such as \usepackage [latin1]{inputenc}
in the document preamble.
Alternatively, save the file in UTF-8 using your editor or another tool


../matlab/visualization/myAnimate.m:382: LaTeX Error: Invalid UTF-8 byte sequence (�\expandafter).

See the LaTeX manual or LaTeX Companion for explanation.
Type  H <return>  for immediate help.
 ...                                              
                                                  
l.382 ...κ_min = 1  (robot isótropo, condición 
                                                  perfecta) → verde
The document does not appear to be in UTF-8 encoding.
Try adding \UseRawInputEncoding as the first line of the file
or specify an encoding such as \usepackage [latin1]{inputenc}
in the document preamble.
Alternatively, save the file in UTF-8 using your editor or another tool


../matlab/visualization/myAnimate.m:382: LaTeX Error: Invalid UTF-8 byte "B3.

See the LaTeX manual or LaTeX Companion for explanation.
Type  H <return>  for immediate help.
 ...                                              
                                                  
l.382 ...κ_min = 1  (robot isótropo, condición 
                                                  perfecta) → verde
The document does not appear to be in UTF-8 encoding.
Try adding \UseRawInputEncoding as the first line of the file
or specify an encoding such as \usepackage [latin1]{inputenc}
in the document preamble.
Alternatively, save the file in UTF-8 using your editor or another tool


../matlab/visualization/myAnimate.m:382: LaTeX Error: Invalid UTF-8 byte sequence (�\lst@FillFixed@\lst@EC�).

See the LaTeX manual or LaTeX Companion for explanation.
Type  H <return>  for immediate help.
 ...                                              
                                                  
l.382 ...obot isótropo, condición perfecta) → 
                                                  verde
The document does not appear to be in UTF-8 encoding.
Try adding \UseRawInputEncoding as the first line of the file
or specify an encoding such as \usepackage [latin1]{inputenc}
in the document preamble.
Alternatively, save the file in UTF-8 using your editor or another tool


../matlab/visualization/myAnimate.m:382: LaTeX Error: Invalid UTF-8 byte "92.

See the LaTeX manual or LaTeX Companion for explanation.
Type  H <return>  for immediate help.
 ...                                              
                                                  
l.382 ...obot isótropo, condición perfecta) → 
                                                  verde
The document does not appear to be in UTF-8 encoding.
Try adding \UseRawInputEncoding as the first line of the file
or specify an encoding such as \usepackage [latin1]{inputenc}
in the document preamble.
Alternatively, save the file in UTF-8 using your editor or another tool


../matlab/visualization/myAnimate.m:383: LaTeX Error: Invalid UTF-8 byte sequence (�\lst@FillFixed@).

See the LaTeX manual or LaTeX Companion for explanation.
Type  H <return>  for immediate help.
 ...                                              
                                                  
l.383 %     t = 1  si κ 
                         ≥ κ_max      (robot en singularidad práctica)  ...
The document does not appear to be in UTF-8 encoding.
Try adding \UseRawInputEncoding as the first line of the file
or specify an encoding such as \usepackage [latin1]{inputenc}
in the document preamble.
Alternatively, save the file in UTF-8 using your editor or another tool


../matlab/visualization/myAnimate.m:383: LaTeX Error: Invalid UTF-8 byte "BA.

See the LaTeX manual or LaTeX Companion for explanation.
Type  H <return>  for immediate help.
 ...                                              
                                                  
l.383 %     t = 1  si κ 
                         ≥ κ_max      (robot en singularidad práctica)  ...
The document does not appear to be in UTF-8 encoding.
Try adding \UseRawInputEncoding as the first line of the file
or specify an encoding such as \usepackage [latin1]{inputenc}
in the document preamble.
Alternatively, save the file in UTF-8 using your editor or another tool


../matlab/visualization/myAnimate.m:383: LaTeX Error: Invalid UTF-8 byte sequence (�\lst@FillFixed@\lst@EC�).

See the LaTeX manual or LaTeX Companion for explanation.
Type  H <return>  for immediate help.
 ...                                              
                                                  
l.383 %     t = 1  si κ ≥ 
                             κ_max      (robot en singularidad práctica)  ...
The document does not appear to be in UTF-8 encoding.
Try adding \UseRawInputEncoding as the first line of the file
or specify an encoding such as \usepackage [latin1]{inputenc}
in the document preamble.
Alternatively, save the file in UTF-8 using your editor or another tool


../matlab/visualization/myAnimate.m:383: LaTeX Error: Invalid UTF-8 byte "A5.

See the LaTeX manual or LaTeX Companion for explanation.
Type  H <return>  for immediate help.
 ...                                              
                                                  
l.383 %     t = 1  si κ ≥ 
                             κ_max      (robot en singularidad práctica)  ...
The document does not appear to be in UTF-8 encoding.
Try adding \UseRawInputEncoding as the first line of the file
or specify an encoding such as \usepackage [latin1]{inputenc}
in the document preamble.
Alternatively, save the file in UTF-8 using your editor or another tool


../matlab/visualization/myAnimate.m:383: LaTeX Error: Invalid UTF-8 byte sequence (�\lst@FillFixed@).

See the LaTeX manual or LaTeX Companion for explanation.
Type  H <return>  for immediate help.
 ...                                              
                                                  
l.383 %     t = 1  si κ ≥ κ_max 
                                         (robot en singularidad práctica)  ...
The document does not appear to be in UTF-8 encoding.
Try adding \UseRawInputEncoding as the first line of the file
or specify an encoding such as \usepackage [latin1]{inputenc}
in the document preamble.
Alternatively, save the file in UTF-8 using your editor or another tool


../matlab/visualization/myAnimate.m:383: LaTeX Error: Invalid UTF-8 byte "BA.

See the LaTeX manual or LaTeX Companion for explanation.
Type  H <return>  for immediate help.
 ...                                              
                                                  
l.383 %     t = 1  si κ ≥ κ_max 
                                         (robot en singularidad práctica)  ...
The document does not appear to be in UTF-8 encoding.
Try adding \UseRawInputEncoding as the first line of the file
or specify an encoding such as \usepackage [latin1]{inputenc}
in the document preamble.
Alternatively, save the file in UTF-8 using your editor or another tool


../matlab/visualization/myAnimate.m:383: LaTeX Error: Invalid UTF-8 byte sequence (�\expandafter).

See the LaTeX manual or LaTeX Companion for explanation.
Type  H <return>  for immediate help.
 ...                                              
                                                  
l.383 ...ax      (robot en singularidad práctica)
                                                        → rojo
The document does not appear to be in UTF-8 encoding.
Try adding \UseRawInputEncoding as the first line of the file
or specify an encoding such as \usepackage [latin1]{inputenc}
in the document preamble.
Alternatively, save the file in UTF-8 using your editor or another tool


../matlab/visualization/myAnimate.m:383: LaTeX Error: Invalid UTF-8 byte "A1.

See the LaTeX manual or LaTeX Companion for explanation.
Type  H <return>  for immediate help.
 ...                                              
                                                  
l.383 ...ax      (robot en singularidad práctica)
                                                        → rojo
The document does not appear to be in UTF-8 encoding.
Try adding \UseRawInputEncoding as the first line of the file
or specify an encoding such as \usepackage [latin1]{inputenc}
in the document preamble.
Alternatively, save the file in UTF-8 using your editor or another tool


../matlab/visualization/myAnimate.m:383: LaTeX Error: Invalid UTF-8 byte sequence (�\lst@FillFixed@\lst@EC�).

See the LaTeX manual or LaTeX Companion for explanation.
Type  H <return>  for immediate help.
 ...                                              
                                                  
l.383 ...obot en singularidad práctica)      → 
                                                  rojo
The document does not appear to be in UTF-8 encoding.
Try adding \UseRawInputEncoding as the first line of the file
or specify an encoding such as \usepackage [latin1]{inputenc}
in the document preamble.
Alternatively, save the file in UTF-8 using your editor or another tool


../matlab/visualization/myAnimate.m:383: LaTeX Error: Invalid UTF-8 byte "92.

See the LaTeX manual or LaTeX Companion for explanation.
Type  H <return>  for immediate help.
 ...                                              
                                                  
l.383 ...obot en singularidad práctica)      → 
                                                  rojo
The document does not appear to be in UTF-8 encoding.
Try adding \UseRawInputEncoding as the first line of the file
or specify an encoding such as \usepackage [latin1]{inputenc}
in the document preamble.
Alternatively, save the file in UTF-8 using your editor or another tool


../matlab/visualization/myAnimate.m:385: LaTeX Error: Invalid UTF-8 byte sequence (�\lst@FillFixed@).

See the LaTeX manual or LaTeX Companion for explanation.
Type  H <return>  for immediate help.
 ...                                              
                                                  
l.385 ...x(cval, cond_lo)  evita log10(0) para κ 
                                                  < 1 (no ocurre en la prác...
The document does not appear to be in UTF-8 encoding.
Try adding \UseRawInputEncoding as the first line of the file
or specify an encoding such as \usepackage [latin1]{inputenc}
in the document preamble.
Alternatively, save the file in UTF-8 using your editor or another tool


../matlab/visualization/myAnimate.m:385: LaTeX Error: Invalid UTF-8 byte "BA.

See the LaTeX manual or LaTeX Companion for explanation.
Type  H <return>  for immediate help.
 ...                                              
                                                  
l.385 ...x(cval, cond_lo)  evita log10(0) para κ 
                                                  < 1 (no ocurre en la prác...
The document does not appear to be in UTF-8 encoding.
Try adding \UseRawInputEncoding as the first line of the file
or specify an encoding such as \usepackage [latin1]{inputenc}
in the document preamble.
Alternatively, save the file in UTF-8 using your editor or another tool


../matlab/visualization/myAnimate.m:385: LaTeX Error: Invalid UTF-8 byte sequence (�\expandafter).

See the LaTeX manual or LaTeX Companion for explanation.
Type  H <return>  for immediate help.
 ...                                              
                                                  
l.385 ...0) para κ < 1 (no ocurre en la práctica
                                                  
The document does not appear to be in UTF-8 encoding.
Try adding \UseRawInputEncoding as the first line of the file
or specify an encoding such as \usepackage [latin1]{inputenc}
in the document preamble.
Alternatively, save the file in UTF-8 using your editor or another tool


../matlab/visualization/myAnimate.m:385: LaTeX Error: Invalid UTF-8 byte "A1.

See the LaTeX manual or LaTeX Companion for explanation.
Type  H <return>  for immediate help.
 ...                                              
                                                  
l.385 ...0) para κ < 1 (no ocurre en la práctica
                                                  
The document does not appear to be in UTF-8 encoding.
Try adding \UseRawInputEncoding as the first line of the file
or specify an encoding such as \usepackage [latin1]{inputenc}
in the document preamble.
Alternatively, save the file in UTF-8 using your editor or another tool

[85]

../matlab/visualization/myAnimate.m:386: LaTeX Error: Invalid UTF-8 byte sequence (�\lst@FillFixed@).

See the LaTeX manual or LaTeX Companion for explanation.
Type  H <return>  for immediate help.
 ...                                              
                                                  
l.386 %   ya que κ 
                    ≥ 1 siempre, pero protege ante errores numéricos de S...
The document does not appear to be in UTF-8 encoding.
Try adding \UseRawInputEncoding as the first line of the file
or specify an encoding such as \usepackage [latin1]{inputenc}
in the document preamble.
Alternatively, save the file in UTF-8 using your editor or another tool


../matlab/visualization/myAnimate.m:386: LaTeX Error: Invalid UTF-8 byte "BA.

See the LaTeX manual or LaTeX Companion for explanation.
Type  H <return>  for immediate help.
 ...                                              
                                                  
l.386 %   ya que κ 
                    ≥ 1 siempre, pero protege ante errores numéricos de S...
The document does not appear to be in UTF-8 encoding.
Try adding \UseRawInputEncoding as the first line of the file
or specify an encoding such as \usepackage [latin1]{inputenc}
in the document preamble.
Alternatively, save the file in UTF-8 using your editor or another tool


../matlab/visualization/myAnimate.m:386: LaTeX Error: Invalid UTF-8 byte sequence (�\lst@FillFixed@\lst@EC�).

See the LaTeX manual or LaTeX Companion for explanation.
Type  H <return>  for immediate help.
 ...                                              
                                                  
l.386 %   ya que κ ≥ 
                        1 siempre, pero protege ante errores numéricos de S...
The document does not appear to be in UTF-8 encoding.
Try adding \UseRawInputEncoding as the first line of the file
or specify an encoding such as \usepackage [latin1]{inputenc}
in the document preamble.
Alternatively, save the file in UTF-8 using your editor or another tool


../matlab/visualization/myAnimate.m:386: LaTeX Error: Invalid UTF-8 byte "A5.

See the LaTeX manual or LaTeX Companion for explanation.
Type  H <return>  for immediate help.
 ...                                              
                                                  
l.386 %   ya que κ ≥ 
                        1 siempre, pero protege ante errores numéricos de S...
The document does not appear to be in UTF-8 encoding.
Try adding \UseRawInputEncoding as the first line of the file
or specify an encoding such as \usepackage [latin1]{inputenc}
in the document preamble.
Alternatively, save the file in UTF-8 using your editor or another tool


../matlab/visualization/myAnimate.m:386: LaTeX Error: Invalid UTF-8 byte sequence (�\expandafter).

See the LaTeX manual or LaTeX Companion for explanation.
Type  H <return>  for immediate help.
 ...                                              
                                                  
l.386 ...re, pero protege ante errores numéricos 
                                                  de SVD).
The document does not appear to be in UTF-8 encoding.
Try adding \UseRawInputEncoding as the first line of the file
or specify an encoding such as \usepackage [latin1]{inputenc}
in the document preamble.
Alternatively, save the file in UTF-8 using your editor or another tool


../matlab/visualization/myAnimate.m:386: LaTeX Error: Invalid UTF-8 byte "A9.

See the LaTeX manual or LaTeX Companion for explanation.
Type  H <return>  for immediate help.
 ...                                              
                                                  
l.386 ...re, pero protege ante errores numéricos 
                                                  de SVD).
The document does not appear to be in UTF-8 encoding.
Try adding \UseRawInputEncoding as the first line of the file
or specify an encoding such as \usepackage [latin1]{inputenc}
in the document preamble.
Alternatively, save the file in UTF-8 using your editor or another tool


../matlab/visualization/myAnimate.m:387: LaTeX Error: Invalid UTF-8 byte sequence (�\lst@FillFixed@).

See the LaTeX manual or LaTeX Companion for explanation.
Type  H <return>  for immediate help.
 ...                                              
                                                  
l.387 %   El  min(..., 1)  satura t en 1 si κ 
                                               supera cond_hi.
The document does not appear to be in UTF-8 encoding.
Try adding \UseRawInputEncoding as the first line of the file
or specify an encoding such as \usepackage [latin1]{inputenc}
in the document preamble.
Alternatively, save the file in UTF-8 using your editor or another tool


../matlab/visualization/myAnimate.m:387: LaTeX Error: Invalid UTF-8 byte "BA.

See the LaTeX manual or LaTeX Companion for explanation.
Type  H <return>  for immediate help.
 ...                                              
                                                  
l.387 %   El  min(..., 1)  satura t en 1 si κ 
                                               supera cond_hi.
The document does not appear to be in UTF-8 encoding.
Try adding \UseRawInputEncoding as the first line of the file
or specify an encoding such as \usepackage [latin1]{inputenc}
in the document preamble.
Alternatively, save the file in UTF-8 using your editor or another tool


../matlab/visualization/myAnimate.m:397: LaTeX Error: Invalid UTF-8 byte sequence (�\lst@FillFixed@\lst@EC�).

See the LaTeX manual or LaTeX Companion for explanation.
Type  H <return>  for immediate help.
 ...                                              
                                                  
l.397 %   Entrada:  t ∈ 
                          [0, 1]
The document does not appear to be in UTF-8 encoding.
Try adding \UseRawInputEncoding as the first line of the file
or specify an encoding such as \usepackage [latin1]{inputenc}
in the document preamble.
Alternatively, save the file in UTF-8 using your editor or another tool


../matlab/visualization/myAnimate.m:397: LaTeX Error: Invalid UTF-8 byte "88.

See the LaTeX manual or LaTeX Companion for explanation.
Type  H <return>  for immediate help.
 ...                                              
                                                  
l.397 %   Entrada:  t ∈ 
                          [0, 1]
The document does not appear to be in UTF-8 encoding.
Try adding \UseRawInputEncoding as the first line of the file
or specify an encoding such as \usepackage [latin1]{inputenc}
in the document preamble.
Alternatively, save the file in UTF-8 using your editor or another tool


../matlab/visualization/myAnimate.m:401: LaTeX Error: Invalid UTF-8 byte sequence (�\lst@FillFixed@\lst@EC�).

See the LaTeX manual or LaTeX Companion for explanation.
Type  H <return>  for immediate help.
 ...                                              
                                                  
l.401 %     t = 0  → 
                        c = [0, 1, 0]  (verde)
The document does not appear to be in UTF-8 encoding.
Try adding \UseRawInputEncoding as the first line of the file
or specify an encoding such as \usepackage [latin1]{inputenc}
in the document preamble.
Alternatively, save the file in UTF-8 using your editor or another tool


../matlab/visualization/myAnimate.m:401: LaTeX Error: Invalid UTF-8 byte "92.

See the LaTeX manual or LaTeX Companion for explanation.
Type  H <return>  for immediate help.
 ...                                              
                                                  
l.401 %     t = 0  → 
                        c = [0, 1, 0]  (verde)
The document does not appear to be in UTF-8 encoding.
Try adding \UseRawInputEncoding as the first line of the file
or specify an encoding such as \usepackage [latin1]{inputenc}
in the document preamble.
Alternatively, save the file in UTF-8 using your editor or another tool


../matlab/visualization/myAnimate.m:402: LaTeX Error: Invalid UTF-8 byte sequence (�\lst@FillFixed@\lst@EC�).

See the LaTeX manual or LaTeX Companion for explanation.
Type  H <return>  for immediate help.
 ...                                              
                                                  
l.402 %     t = 1  → 
                        c = [1, 0, 0]  (rojo)
The document does not appear to be in UTF-8 encoding.
Try adding \UseRawInputEncoding as the first line of the file
or specify an encoding such as \usepackage [latin1]{inputenc}
in the document preamble.
Alternatively, save the file in UTF-8 using your editor or another tool


../matlab/visualization/myAnimate.m:402: LaTeX Error: Invalid UTF-8 byte "92.

See the LaTeX manual or LaTeX Companion for explanation.
Type  H <return>  for immediate help.
 ...                                              
                                                  
l.402 %     t = 1  → 
                        c = [1, 0, 0]  (rojo)
The document does not appear to be in UTF-8 encoding.
Try adding \UseRawInputEncoding as the first line of the file
or specify an encoding such as \usepackage [latin1]{inputenc}
in the document preamble.
Alternatively, save the file in UTF-8 using your editor or another tool


../matlab/visualization/myAnimate.m:403: LaTeX Error: Invalid UTF-8 byte sequence (�\lst@FillFixed@\lst@EC�).

See the LaTeX manual or LaTeX Companion for explanation.
Type  H <return>  for immediate help.
 ...                                              
                                                  
l.403 %     t = 0.5 → 
                        c = [0.5, 0.5, 0]  (amarillo-oliva)
The document does not appear to be in UTF-8 encoding.
Try adding \UseRawInputEncoding as the first line of the file
or specify an encoding such as \usepackage [latin1]{inputenc}
in the document preamble.
Alternatively, save the file in UTF-8 using your editor or another tool


../matlab/visualization/myAnimate.m:403: LaTeX Error: Invalid UTF-8 byte "92.

See the LaTeX manual or LaTeX Companion for explanation.
Type  H <return>  for immediate help.
 ...                                              
                                                  
l.403 %     t = 0.5 → 
                        c = [0.5, 0.5, 0]  (amarillo-oliva)
The document does not appear to be in UTF-8 encoding.
Try adding \UseRawInputEncoding as the first line of the file
or specify an encoding such as \usepackage [latin1]{inputenc}
in the document preamble.
Alternatively, save the file in UTF-8 using your editor or another tool


../matlab/visualization/myAnimate.m:405: LaTeX Error: Invalid UTF-8 byte sequence (�\expandafter).

See the LaTeX manual or LaTeX Companion for explanation.
Type  H <return>  for immediate help.
 ...                                              
                                                  
l.405 ...al azul B = 0 siempre. La interpolación 
                                                  es lineal en RGB,
The document does not appear to be in UTF-8 encoding.
Try adding \UseRawInputEncoding as the first line of the file
or specify an encoding such as \usepackage [latin1]{inputenc}
in the document preamble.
Alternatively, save the file in UTF-8 using your editor or another tool


../matlab/visualization/myAnimate.m:405: LaTeX Error: Invalid UTF-8 byte "B3.

See the LaTeX manual or LaTeX Companion for explanation.
Type  H <return>  for immediate help.
 ...                                              
                                                  
l.405 ...al azul B = 0 siempre. La interpolación 
                                                  es lineal en RGB,
The document does not appear to be in UTF-8 encoding.
Try adding \UseRawInputEncoding as the first line of the file
or specify an encoding such as \usepackage [latin1]{inputenc}
in the document preamble.
Alternatively, save the file in UTF-8 using your editor or another tool


../matlab/visualization/myAnimate.m:408: LaTeX Error: Invalid UTF-8 byte sequence (�\expandafter).

See the LaTeX manual or LaTeX Companion for explanation.
Type  H <return>  for immediate help.
 ...                                              
                                                  
l.408 %   aplicaciones donde la percepción 
                                            exacta sea crítica, considerar ...
The document does not appear to be in UTF-8 encoding.
Try adding \UseRawInputEncoding as the first line of the file
or specify an encoding such as \usepackage [latin1]{inputenc}
in the document preamble.
Alternatively, save the file in UTF-8 using your editor or another tool


../matlab/visualization/myAnimate.m:408: LaTeX Error: Invalid UTF-8 byte "B3.

See the LaTeX manual or LaTeX Companion for explanation.
Type  H <return>  for immediate help.
 ...                                              
                                                  
l.408 %   aplicaciones donde la percepción 
                                            exacta sea crítica, considerar ...
The document does not appear to be in UTF-8 encoding.
Try adding \UseRawInputEncoding as the first line of the file
or specify an encoding such as \usepackage [latin1]{inputenc}
in the document preamble.
Alternatively, save the file in UTF-8 using your editor or another tool


../matlab/visualization/myAnimate.m:408: LaTeX Error: Invalid UTF-8 byte sequence (�\expandafter).

See the LaTeX manual or LaTeX Companion for explanation.
Type  H <return>  for immediate help.
 ...                                              
                                                  
l.408 ...donde la percepción exacta sea crítica,
                                                   considerar HSV.
The document does not appear to be in UTF-8 encoding.
Try adding \UseRawInputEncoding as the first line of the file
or specify an encoding such as \usepackage [latin1]{inputenc}
in the document preamble.
Alternatively, save the file in UTF-8 using your editor or another tool


../matlab/visualization/myAnimate.m:408: LaTeX Error: Invalid UTF-8 byte "AD.

See the LaTeX manual or LaTeX Companion for explanation.
Type  H <return>  for immediate help.
 ...                                              
                                                  
l.408 ...donde la percepción exacta sea crítica,
                                                   considerar HSV.
The document does not appear to be in UTF-8 encoding.
Try adding \UseRawInputEncoding as the first line of the file
or specify an encoding such as \usepackage [latin1]{inputenc}
in the document preamble.
Alternatively, save the file in UTF-8 using your editor or another tool

) (../matlab/visualization/grafQ.m [86]

../matlab/visualization/grafQ.m:27: LaTeX Error: Command \textquotedbl unavailable in encoding OT1.

See the LaTeX manual or LaTeX Companion for explanation.
Type  H <return>  for immediate help.
 ...                                              
                                                  
l.27 sgtitle("q
               _{traj}")
Your command was ignored.
Type  I <command> <return>  to replace it with another command,
or  <return>  to continue without it.


../matlab/visualization/grafQ.m:27: LaTeX Error: Command \textquotedbl unavailable in encoding OT1.

See the LaTeX manual or LaTeX Companion for explanation.
Type  H <return>  for immediate help.
 ...                                              
                                                  
l.27 sgtitle("q_{traj}")
                        
Your command was ignored.
Type  I <command> <return>  to replace it with another command,
or  <return>  to continue without it.


../matlab/visualization/grafQ.m:45: LaTeX Error: Command \textquotedbl unavailable in encoding OT1.

See the LaTeX manual or LaTeX Companion for explanation.
Type  H <return>  for immediate help.
 ...                                              
                                                  
l.45 sgtitle("q
               d_{traj}")
Your command was ignored.
Type  I <command> <return>  to replace it with another command,
or  <return>  to continue without it.


../matlab/visualization/grafQ.m:45: LaTeX Error: Command \textquotedbl unavailable in encoding OT1.

See the LaTeX manual or LaTeX Companion for explanation.
Type  H <return>  for immediate help.
 ...                                              
                                                  
l.45 sgtitle("qd_{traj}")
                         
Your command was ignored.
Type  I <command> <return>  to replace it with another command,
or  <return>  to continue without it.


../matlab/visualization/grafQ.m:63: LaTeX Error: Command \textquotedbl unavailable in encoding OT1.

See the LaTeX manual or LaTeX Companion for explanation.
Type  H <return>  for immediate help.
 ...                                              
                                                  
l.63 sgtitle("q
               dd_{traj}")
Your command was ignored.
Type  I <command> <return>  to replace it with another command,
or  <return>  to continue without it.


../matlab/visualization/grafQ.m:63: LaTeX Error: Command \textquotedbl unavailable in encoding OT1.

See the LaTeX manual or LaTeX Companion for explanation.
Type  H <return>  for immediate help.
 ...                                              
                                                  
l.63 sgtitle("qdd_{traj}")
                          
Your command was ignored.
Type  I <command> <return>  to replace it with another command,
or  <return>  to continue without it.

) (../matlab/visualization/grafQaE.m [87]

../matlab/visualization/grafQaE.m:19: LaTeX Error: Invalid UTF-8 byte sequence (�\expandafter).

See the LaTeX manual or LaTeX Companion for explanation.
Type  H <return>  for immediate help.
 ...                                              
                                                  
l.19 %% --- CINEMÁTICA 
                        DIRECTA ---
The document does not appear to be in UTF-8 encoding.
Try adding \UseRawInputEncoding as the first line of the file
or specify an encoding such as \usepackage [latin1]{inputenc}
in the document preamble.
Alternatively, save the file in UTF-8 using your editor or another tool


../matlab/visualization/grafQaE.m:19: LaTeX Error: Invalid UTF-8 byte "81.

See the LaTeX manual or LaTeX Companion for explanation.
Type  H <return>  for immediate help.
 ...                                              
                                                  
l.19 %% --- CINEMÁTICA 
                        DIRECTA ---
The document does not appear to be in UTF-8 encoding.
Try adding \UseRawInputEncoding as the first line of the file
or specify an encoding such as \usepackage [latin1]{inputenc}
in the document preamble.
Alternatively, save the file in UTF-8 using your editor or another tool


../matlab/visualization/grafQaE.m:36: LaTeX Error: Invalid UTF-8 byte sequence (�\expandafter).

See the LaTeX manual or LaTeX Companion for explanation.
Type  H <return>  for immediate help.
 ...                                              
                                                  
l.36 %% --- DERIVADAS NUMÉRICAS 
                                 ---
The document does not appear to be in UTF-8 encoding.
Try adding \UseRawInputEncoding as the first line of the file
or specify an encoding such as \usepackage [latin1]{inputenc}
in the document preamble.
Alternatively, save the file in UTF-8 using your editor or another tool


../matlab/visualization/grafQaE.m:36: LaTeX Error: Invalid UTF-8 byte "89.

See the LaTeX manual or LaTeX Companion for explanation.
Type  H <return>  for immediate help.
 ...                                              
                                                  
l.36 %% --- DERIVADAS NUMÉRICAS 
                                 ---
The document does not appear to be in UTF-8 encoding.
Try adding \UseRawInputEncoding as the first line of the file
or specify an encoding such as \usepackage [latin1]{inputenc}
in the document preamble.
Alternatively, save the file in UTF-8 using your editor or another tool


../matlab/visualization/grafQaE.m:56: LaTeX Error: Invalid UTF-8 byte sequence (�\expandafter).

See the LaTeX manual or LaTeX Companion for explanation.
Type  H <return>  for immediate help.
 ...                                              
                                                  
l.56 % ===== POSICIÓN 
                       =====
The document does not appear to be in UTF-8 encoding.
Try adding \UseRawInputEncoding as the first line of the file
or specify an encoding such as \usepackage [latin1]{inputenc}
in the document preamble.
Alternatively, save the file in UTF-8 using your editor or another tool


../matlab/visualization/grafQaE.m:56: LaTeX Error: Invalid UTF-8 byte "93.

See the LaTeX manual or LaTeX Companion for explanation.
Type  H <return>  for immediate help.
 ...                                              
                                                  
l.56 % ===== POSICIÓN 
                       =====
The document does not appear to be in UTF-8 encoding.
Try adding \UseRawInputEncoding as the first line of the file
or specify an encoding such as \usepackage [latin1]{inputenc}
in the document preamble.
Alternatively, save the file in UTF-8 using your editor or another tool


../matlab/visualization/grafQaE.m:64: LaTeX Error: Invalid UTF-8 byte sequence (�\expandafter).

See the LaTeX manual or LaTeX Companion for explanation.
Type  H <return>  for immediate help.
 ...                                              
                                                  
l.64 sgtitle('Posición 
                        cartesiana');
The document does not appear to be in UTF-8 encoding.
Try adding \UseRawInputEncoding as the first line of the file
or specify an encoding such as \usepackage [latin1]{inputenc}
in the document preamble.
Alternatively, save the file in UTF-8 using your editor or another tool


../matlab/visualization/grafQaE.m:64: LaTeX Error: Invalid UTF-8 byte "B3.

See the LaTeX manual or LaTeX Companion for explanation.
Type  H <return>  for immediate help.
 ...                                              
                                                  
l.64 sgtitle('Posición 
                        cartesiana');
The document does not appear to be in UTF-8 encoding.
Try adding \UseRawInputEncoding as the first line of the file
or specify an encoding such as \usepackage [latin1]{inputenc}
in the document preamble.
Alternatively, save the file in UTF-8 using your editor or another tool

[88]

../matlab/visualization/grafQaE.m:76: LaTeX Error: Invalid UTF-8 byte sequence (�\expandafter).

See the LaTeX manual or LaTeX Companion for explanation.
Type  H <return>  for immediate help.
 ...                                              
                                                  
l.76 % ===== ACELERACIÓN 
                          =====
The document does not appear to be in UTF-8 encoding.
Try adding \UseRawInputEncoding as the first line of the file
or specify an encoding such as \usepackage [latin1]{inputenc}
in the document preamble.
Alternatively, save the file in UTF-8 using your editor or another tool


../matlab/visualization/grafQaE.m:76: LaTeX Error: Invalid UTF-8 byte "93.

See the LaTeX manual or LaTeX Companion for explanation.
Type  H <return>  for immediate help.
 ...                                              
                                                  
l.76 % ===== ACELERACIÓN 
                          =====
The document does not appear to be in UTF-8 encoding.
Try adding \UseRawInputEncoding as the first line of the file
or specify an encoding such as \usepackage [latin1]{inputenc}
in the document preamble.
Alternatively, save the file in UTF-8 using your editor or another tool


../matlab/visualization/grafQaE.m:84: LaTeX Error: Invalid UTF-8 byte sequence (�\expandafter).

See the LaTeX manual or LaTeX Companion for explanation.
Type  H <return>  for immediate help.
 ...                                              
                                                  
l.84 sgtitle('Aceleración 
                           cartesiana');
The document does not appear to be in UTF-8 encoding.
Try adding \UseRawInputEncoding as the first line of the file
or specify an encoding such as \usepackage [latin1]{inputenc}
in the document preamble.
Alternatively, save the file in UTF-8 using your editor or another tool


../matlab/visualization/grafQaE.m:84: LaTeX Error: Invalid UTF-8 byte "B3.

See the LaTeX manual or LaTeX Companion for explanation.
Type  H <return>  for immediate help.
 ...                                              
                                                  
l.84 sgtitle('Aceleración 
                           cartesiana');
The document does not appear to be in UTF-8 encoding.
Try adding \UseRawInputEncoding as the first line of the file
or specify an encoding such as \usepackage [latin1]{inputenc}
in the document preamble.
Alternatively, save the file in UTF-8 using your editor or another tool

) (../matlab/visualization/grafScaling.m [89] [90]) [91]
Underfull \hbox (badness 10000) in paragraph at lines 1585--1589
\OT1/cmr/m/n/10 Disponible en: [][]$\OT1/cmtt/m/n/10 https : / / www . grandviewresearch . com / horizon / outlook /
 []


Underfull \hbox (badness 1762) in paragraph at lines 1591--1595
\OT1/cmr/m/n/10 en: [][]$\OT1/cmtt/m/n/10 https : / / www . grandviewresearch . com / horizon / outlook / warehouse-[]robotics-[]market /
 []


Underfull \hbox (badness 1762) in paragraph at lines 1605--1609
\OT1/cmr/m/n/10 en: [][]$\OT1/cmtt/m/n/10 https : / / www . grandviewresearch . com / horizon / outlook / warehouse-[]robotics-[]market /
 []

[92]
runsystem(latexminted cleantemp  --timestamp 20260503105246 FAD58DE7366495DB4650CFEFAC2FCD61)...disabled (restricted).

 (main.aux
LaTeX Info: Redefining \. on input line 12.
LaTeX Info: Redefining \% on input line 12.
)
 ***********
LaTeX2e <2025-11-01>
L3 programming layer <2026-03-20>
 ***********


LaTeX Warning: There were multiply-defined labels.

Package rerunfilecheck Info: File `main.out' has not changed.
(rerunfilecheck)             Checksum: 429CEEA8D7605ACECE5D20470751DD63;8533.
 ) 
Here is how much of TeX's memory you used:
 36350 strings out of 467691
 694834 string characters out of 5414019
 1566314 words of memory out of 5000000
 61711 multiletter control sequences out of 15000+600000
 645800 words of font info for 105 fonts, out of 8000000 for 9000
 1141 hyphenation exceptions out of 8191
 88i,15n,94p,1029b,2453s stack positions out of 10000i,1000n,20000p,200000b,200000s
 <C:\Users\Usuario\AppData\Local\MiKTeX\fonts/pk/ljfour/jknappen/ec/dpi600\tctt0900.pk> <C:\Users\Usuario\AppData\Local\MiKTeX\fonts/pk/ljfour/jknappen/ec/dpi600\tcrm1000.pk><C:/Users/Usuario/AppData/Local/Programs/MiKTeX/fonts/type1/public/amsfonts/cm/cmbx10.pfb><C:/Users/Usuario/AppData/Local/Programs/MiKTeX/fonts/type1/public/amsfonts/cm/cmbx12.pfb><C:/Users/Usuario/AppData/Local/Programs/MiKTeX/fonts/type1/public/amsfonts/cm/cmbxti10.pfb><C:/Users/Usuario/AppData/Local/Programs/MiKTeX/fonts/type1/public/amsfonts/cm/cmex10.pfb><C:/Users/Usuario/AppData/Local/Programs/MiKTeX/fonts/type1/public/amsfonts/cm/cmmi10.pfb><C:/Users/Usuario/AppData/Local/Programs/MiKTeX/fonts/type1/public/amsfonts/cm/cmmi7.pfb><C:/Users/Usuario/AppData/Local/Programs/MiKTeX/fonts/type1/public/amsfonts/cm/cmmib10.pfb><C:/Users/Usuario/AppData/Local/Programs/MiKTeX/fonts/type1/public/amsfonts/cm/cmr10.pfb><C:/Users/Usuario/AppData/Local/Programs/MiKTeX/fonts/type1/public/amsfonts/cm/cmr12.pfb><C:/Users/Usuario/AppData/Local/Programs/MiKTeX/fonts/type1/public/amsfonts/cm/cmr17.pfb><C:/Users/Usuario/AppData/Local/Programs/MiKTeX/fonts/type1/public/amsfonts/cm/cmr6.pfb><C:/Users/Usuario/AppData/Local/Programs/MiKTeX/fonts/type1/public/amsfonts/cm/cmr7.pfb><C:/Users/Usuario/AppData/Local/Programs/MiKTeX/fonts/type1/public/amsfonts/cm/cmr8.pfb><C:/Users/Usuario/AppData/Local/Programs/MiKTeX/fonts/type1/public/amsfonts/cm/cmsy10.pfb><C:/Users/Usuario/AppData/Local/Programs/MiKTeX/fonts/type1/public/amsfonts/cm/cmsy7.pfb><C:/Users/Usuario/AppData/Local/Programs/MiKTeX/fonts/type1/public/amsfonts/cm/cmti10.pfb><C:/Users/Usuario/AppData/Local/Programs/MiKTeX/fonts/type1/public/amsfonts/cm/cmti12.pfb><C:/Users/Usuario/AppData/Local/Programs/MiKTeX/fonts/type1/public/amsfonts/cm/cmtt10.pfb><C:/Users/Usuario/AppData/Local/Programs/MiKTeX/fonts/type1/public/amsfonts/cm/cmtt12.pfb><C:/Users/Usuario/AppData/Local/Programs/MiKTeX/fonts/type1/public/amsfonts/cm/cmtt9.pfb><C:/Users/Usuario/AppData/Local/Programs/MiKTeX/fonts/type1/public/amsfonts/symbols/msbm10.pfb>
Output written on main.pdf (92 pages, 3306360 bytes).
PDF statistics:
 4484 PDF objects out of 5155 (max. 8388607)
 3126 named destinations out of 3580 (max. 500000)
 529 words of extra memory for PDF output out of 10000 (max. 10000000)

